dataset,query_id,dense_angle_degrees,dense_residual_norm,sparse_top20_turnover,sparse_top100_overlap
arguana,test-culture-ahrtsdlgra-con01a,3.524570175370025,0.06159308676918343,0.03333333333333333,0.94
arguana,test-culture-ahrtsdlgra-con02a,4.982994672696848,0.08719106515248613,0.05000000000000001,0.93
arguana,test-culture-ahrtsdlgra-con03a,3.2869437271216557,0.05743103598554924,0.03333333333333333,0.9466666666666667
arguana,test-culture-ahrtsdlgra-pro01a,3.613295257417126,0.06314798071980474,0.05000000000000001,0.9333333333333332
arguana,test-culture-ahrtsdlgra-pro02a,4.151664705893796,0.0725877781709035,0.1333333333333333,0.9066666666666667
arguana,test-culture-ahrtsdlgra-pro03a,3.963025768596092,0.06927905728419616,0.15,0.8066666666666666
arguana,test-culture-ascidfakhba-con01a,3.28580765784966,0.057411177704731566,0.0,0.9899999999999999
arguana,test-culture-ascidfakhba-con02a,3.6724008622531943,0.06418394049008684,0.016666666666666666,0.96
arguana,test-culture-ascidfakhba-con03a,3.581138060276136,0.06258469820022576,0.05000000000000001,0.9333333333333332
arguana,test-culture-ascidfakhba-con04a,3.6706761755074333,0.06415325899918871,0.03333333333333333,0.9199999999999999
arguana,test-culture-ascidfakhba-pro01a,3.2431591705498235,0.0566646220783392,0.016666666666666666,0.9499999999999998
arguana,test-culture-ascidfakhba-pro02a,3.673994495508865,0.0642126786212126,0.016666666666666666,0.9666666666666667
arguana,test-culture-ascidfakhba-pro03a,3.8293220330000515,0.06693458805481588,0.0,0.9700000000000001
arguana,test-culture-ascidfakhba-pro04a,4.065887809501196,0.07108291486899053,0.016666666666666666,0.9499999999999998
arguana,test-culture-cgeeghwmeo-con01a,4.282652198065954,0.07488606125116344,0.0333333333333333,0.9133333333333334
arguana,test-culture-cgeeghwmeo-con02a,4.8103901554112705,0.08415517956018444,0.05000000000000001,0.9066666666666667
arguana,test-culture-cgeeghwmeo-con03a,4.738699484893073,0.08289653559525803,0.13333333333333322,0.9233333333333333
arguana,test-culture-cgeeghwmeo-con04a,3.5293494810529693,0.06167733420928317,0.08333333333333326,0.9500000000000001
arguana,test-culture-cgeeghwmeo-pro01a,5.346927629036223,0.09359378616015113,0.11666666666666659,0.91
arguana,test-culture-cgeeghwmeo-pro02a,4.52535519699251,0.07914833476146056,0.016666666666666666,0.94
arguana,test-culture-cgeeghwmeo-pro03a,3.977647169487113,0.06953479597965874,0.11666666666666659,0.8633333333333333
arguana,test-culture-cgeeghwmeo-pro04a,3.88914838244122,0.0679831405480702,0.05000000000000001,0.9499999999999998
arguana,test-culture-mmciahbans-con01a,4.889890443839387,0.08555317670106886,0.2333333333333333,0.8933333333333334
arguana,test-culture-mmciahbans-con02a,3.8658734372417314,0.06757536282142,0.16666666666666663,0.8666666666666667
arguana,test-culture-mmciahbans-con03a,4.8360809347901075,0.08460740000009533,0.09999999999999991,0.8066666666666666
arguana,test-culture-mmciahbans-con04a,4.3016431912396875,0.07521924624840413,0.16666666666666663,0.9366666666666666
arguana,test-culture-mmciahbans-pro01a,4.7853185377570355,0.08371564497550323,0.11666666666666659,0.9133333333333334
arguana,test-culture-mmciahbans-pro02a,4.125408031465327,0.07212669154008226,0.06666666666666664,0.8533333333333334
arguana,test-culture-mmciahbans-pro03a,4.741152927506014,0.08293899148702616,0.19999999999999996,0.8633333333333333
arguana,test-culture-mmctghwbsa-con01a,4.815776078922615,0.0842496926585833,0.16666666666666663,0.92
arguana,test-culture-mmctghwbsa-con02a,3.798394650833277,0.0663928228120009,0.016666666666666666,0.9066666666666667
arguana,test-culture-mmctghwbsa-con03a,3.4091248188051892,0.059571320811907434,0.09999999999999996,0.9033333333333333
arguana,test-culture-mmctghwbsa-con04a,3.519989794365235,0.061512857675552333,0.05000000000000001,0.9066666666666667
arguana,test-culture-mmctghwbsa-pro01a,3.55796573643911,0.0621791196366151,0.06666666666666664,0.9633333333333333
arguana,test-culture-mmctghwbsa-pro02a,3.699644056851564,0.06466336920857423,0.05000000000000001,0.9466666666666667
arguana,test-culture-mmctghwbsa-pro03a,4.453697288111324,0.07789194832245504,0.06666666666666664,0.88
arguana,test-culture-mmctghwbsa-pro04a,3.784584732030775,0.06614974389473598,0.05000000000000001,0.8633333333333333
arguana,test-culture-mmctyshwbcp-con01a,4.12456084450113,0.0721132804950078,0.05000000000000001,0.8433333333333333
arguana,test-culture-mmctyshwbcp-con02a,3.6345614303005367,0.06352095554272326,0.13333333333333322,0.9233333333333333
arguana,test-culture-mmctyshwbcp-con03a,4.775577716268362,0.08354313671588894,0.15,0.8033333333333333
arguana,test-culture-mmctyshwbcp-pro01a,4.439135950634038,0.07763335108757013,0.03333333333333333,0.9066666666666666
arguana,test-culture-mmctyshwbcp-pro02a,4.36742020518521,0.07637428740660344,0.09999999999999996,0.9466666666666667
arguana,test-culture-mmctyshwbcp-pro03a,4.212709853981825,0.07365920643011724,0.11666666666666659,0.9199999999999999
arguana,test-culture-mmctyshwbcp-pro04a,4.006036684605324,0.07003286232550933,0.09999999999999991,0.8733333333333334
arguana,test-culture-mmctyshwbcp-pro05a,5.090554827473934,0.08908197532097496,0.09999999999999991,0.8766666666666666
arguana,test-culture-mmctyshwbcp-pro06a,3.781004446262273,0.0660872608423233,0.03333333333333333,0.9366666666666666
arguana,test-culture-mthbah-con01a,4.844934561480419,0.08476725717385607,0.18333333333333326,0.8066666666666666
arguana,test-culture-mthbah-con02a,3.3368451539151525,0.05830504372715944,0.14999999999999994,0.8966666666666666
arguana,test-culture-mthbah-con03a,3.4810635525751015,0.060831009099880796,0.05000000000000001,0.94
arguana,test-culture-mthbah-con04a,4.786429401632429,0.08373389641443883,0.1333333333333333,0.93
arguana,test-culture-mthbah-pro01a,4.048009998796042,0.0707690392931302,0.09999999999999991,0.88
arguana,test-culture-mthbah-pro02a,3.683940929424956,0.0643861927092075,0.08333333333333333,0.8466666666666667
arguana,test-culture-mthbah-pro03a,5.996872978683193,0.10505313426256176,0.09999999999999996,0.9066666666666667
arguana,test-culture-mthbah-pro04a,3.429432744339851,0.0599271679917971,0.15,0.8633333333333333
arguana,test-culture-mthbah-pro05a,5.6332375800938435,0.09864496688048041,0.2833333333333333,0.7366666666666667
arguana,test-culture-thbcsbptwhht-con01a,3.2490969340526785,0.05676834533611927,0.016666666666666666,0.9066666666666667
arguana,test-culture-thbcsbptwhht-con02a,3.694132417826518,0.06456443915764487,0.04999999999999997,0.8866666666666667
arguana,test-culture-thbcsbptwhht-con03a,3.0374055151426975,0.05306247000892953,0.09999999999999991,0.9499999999999998
arguana,test-culture-thbcsbptwhht-pro01a,4.573121187536284,0.07998611032962794,0.03333333333333333,0.91
arguana,test-culture-thbcsbptwhht-pro02a,1.1991604095533223e-06,2.0929297406269143e-08,0.06666666666666664,0.92
arguana,test-culture-thbcsbptwhht-pro03a,3.705587463927916,0.06476510316133494,0.09999999999999991,0.9
arguana,test-culture-thbcsbptwhht-pro04a,3.4566163631441285,0.06040270502368606,0.05000000000000001,0.8966666666666666
arguana,test-culture-tlhrilsfhwr-con01a,3.2940169815768825,0.057554949074983534,0.0,0.9366666666666666
arguana,test-culture-tlhrilsfhwr-con02a,1.211023929404056e-06,2.113635488854015e-08,0.0,0.9633333333333333
arguana,test-culture-tlhrilsfhwr-con03a,3.3703989352844204,0.05889286349217093,0.016666666666666666,0.9633333333333333
arguana,test-culture-tlhrilsfhwr-pro01a,3.26215568689263,0.056996963918209,0.0,0.9066666666666666
arguana,test-culture-tlhrilsfhwr-pro02a,1.158992192148059e-06,2.0228229757890404e-08,0.0,0.9633333333333333
arguana,test-culture-tlhrilsfhwr-pro03a,1.282170749406774e-06,2.2378101149911345e-08,0.0,0.9633333333333333
arguana,test-culture-tlhrilsfhwr-pro04a,3.258979506101513,0.0569416098296642,0.0,0.9033333333333333
arguana,test-digital-freedoms-aihbiahr-con01a,3.2559102399111697,0.056887620439132036,0.09999999999999996,0.9166666666666666
arguana,test-digital-freedoms-aihbiahr-con02a,3.818933996961802,0.06675291061401363,0.19999999999999987,0.8733333333333334
arguana,test-digital-freedoms-aihbiahr-con03a,3.176078876288115,0.05548996602495507,0.0,0.9766666666666666
arguana,test-digital-freedoms-aihbiahr-con04a,3.5361871596764964,0.061796650290489134,0.06666666666666664,0.94
arguana,test-digital-freedoms-aihbiahr-pro01a,3.867240339461763,0.06759893894195552,0.08333333333333326,0.9233333333333333
arguana,test-digital-freedoms-aihbiahr-pro02a,3.5165188776635445,0.061452170213063505,0.05000000000000001,0.9466666666666667
arguana,test-digital-freedoms-aihbiahr-pro03a,3.2102240828645487,0.05608810484409327,0.05000000000000001,0.9766666666666666
arguana,test-digital-freedoms-aihwbasmn-con01a,3.718837930857313,0.06499875088532764,0.0,0.9333333333333332
arguana,test-digital-freedoms-aihwbasmn-con02a,3.3781018687312936,0.059027450780073765,0.016666666666666666,0.9400000000000001
arguana,test-digital-freedoms-aihwbasmn-con03a,2.9374282323623766,0.05131298179427776,0.05000000000000001,0.9533333333333333
arguana,test-digital-freedoms-aihwbasmn-con04a,3.2570403613296084,0.056907530874013866,0.0,0.9433333333333334
arguana,test-digital-freedoms-aihwbasmn-con05a,3.1859607817468754,0.0556628989676634,0.05000000000000001,0.9
arguana,test-digital-freedoms-aihwbasmn-pro01a,4.265309595613318,0.07458156595627467,0.0,0.9433333333333334
arguana,test-digital-freedoms-aihwbasmn-pro02a,3.6576466429084626,0.063924990594387,0.05000000000000001,0.9333333333333332
arguana,test-digital-freedoms-aihwbasmn-pro03a,4.003283049185068,0.0699855362375577,0.11666666666666659,0.93
arguana,test-digital-freedoms-aihwbasmn-pro04a,3.122119841792989,0.05454537644982333,0.04999999999999997,0.9033333333333333
arguana,test-digital-freedoms-dfiphbgs-con01a,3.406803094916016,0.059530492871999706,0.0666666666666666,0.9233333333333333
arguana,test-digital-freedoms-dfiphbgs-con02a,3.888172391465718,0.06796615322430927,0.016666666666666666,0.94
arguana,test-digital-freedoms-dfiphbgs-con03a,4.306579031645483,0.07530589650074637,0.05000000000000001,0.91
arguana,test-digital-freedoms-dfiphbgs-pro01a,3.292041442656257,0.05752067019542054,0.05000000000000001,0.9499999999999998
arguana,test-digital-freedoms-dfiphbgs-pro02a,3.7738775996869514,0.065962033967177,0.0,0.9266666666666667
arguana,test-digital-freedoms-dfiphbgs-pro03a,3.4490253628654295,0.0602703007558981,0.06666666666666664,0.9433333333333334
arguana,test-digital-freedoms-efsappgdfp-con01a,4.410896550729093,0.07713735351959856,0.04999999999999997,0.89
arguana,test-digital-freedoms-efsappgdfp-con02a,4.969141781774133,0.0869482134779294,0.14999999999999994,0.8666666666666667
arguana,test-digital-freedoms-efsappgdfp-con03a,5.078806966071734,0.08887723336617148,0.1333333333333333,0.8833333333333333
arguana,test-digital-freedoms-efsappgdfp-con04a,3.9626054351389803,0.06927147756020223,0.08333333333333326,0.8833333333333333
arguana,test-digital-freedoms-efsappgdfp-con05a,5.296456953576418,0.09270528952280672,0.15,0.8466666666666667
arguana,test-digital-freedoms-efsappgdfp-pro01a,5.7588924187750195,0.10086258997519808,0.3333333333333333,0.7599999999999999
arguana,test-digital-freedoms-efsappgdfp-pro02a,5.447984938182642,0.09538058688243227,0.2166666666666666,0.7999999999999999
arguana,test-digital-freedoms-efsappgdfp-pro03a,5.209769449714744,0.09118032455444335,0.08333333333333326,0.8933333333333334
arguana,test-digital-freedoms-efsappgdfp-pro04a,5.981384032988927,0.10477613409360242,0.06666666666666664,0.8633333333333333
arguana,test-digital-freedoms-eifdfaihs-con01a,4.795966039969303,0.0839018921057383,0.09999999999999991,0.81
arguana,test-digital-freedoms-eifdfaihs-con02a,4.7178420862407675,0.08252901583909983,0.08333333333333326,0.8533333333333334
arguana,test-digital-freedoms-eifdfaihs-con03a,4.539280305517984,0.07939192155996956,0.09999999999999996,0.9
arguana,test-digital-freedoms-eifdfaihs-pro01a,5.2285833201023175,0.09151391188303624,0.16666666666666663,0.8433333333333333
arguana,test-digital-freedoms-eifdfaihs-pro02a,3.6366976438936156,0.06355772912502283,0.09999999999999991,0.86
arguana,test-digital-freedoms-eifdfaihs-pro03a,4.209094493145391,0.07359634339809414,0.26666666666666666,0.8733333333333334
arguana,test-digital-freedoms-eifpgdff-con01a,4.0184117424201915,0.0702498207489649,0.13333333333333322,0.9066666666666667
arguana,test-digital-freedoms-eifpgdff-con02a,3.2879224745409616,0.05744815617799757,0.13333333333333322,0.92
arguana,test-digital-freedoms-eifpgdff-con03a,3.482646595643891,0.06085893511772154,0.05000000000000001,0.93
arguana,test-digital-freedoms-eifpgdff-pro01a,3.301181562096414,0.057680389533440235,0.08333333333333326,0.9133333333333334
arguana,test-digital-freedoms-eifpgdff-pro02a,5.473523728330302,0.09582434842983877,0.09999999999999996,0.9033333333333333
arguana,test-digital-freedoms-eifpgdff-pro03a,4.202084600719288,0.07347446183363593,0.08333333333333326,0.8833333333333333
arguana,test-digital-freedoms-phwnaccpdt-con01a,3.0854278134042707,0.0539031140506267,0.08333333333333326,0.91
arguana,test-digital-freedoms-phwnaccpdt-con02a,3.8745685953477618,0.06772854800025617,0.09999999999999996,0.9566666666666667
arguana,test-digital-freedoms-phwnaccpdt-con03a,2.9724441233885117,0.051925572256247166,0.0,0.92
arguana,test-digital-freedoms-phwnaccpdt-pro01a,3.3691558816800202,0.0588710283239682,0.0,0.9433333333333334
arguana,test-digital-freedoms-phwnaccpdt-pro02a,3.9906396303960094,0.06976271917422606,0.08333333333333326,0.9533333333333333
arguana,test-digital-freedoms-phwnaccpdt-pro03a,3.3006718567792537,0.05767164876063657,0.08333333333333326,0.9066666666666666
arguana,test-digital-freedoms-piidfaihbg-con01a,5.2013689565405725,0.09103151410818096,0.016666666666666666,0.8666666666666667
arguana,test-digital-freedoms-piidfaihbg-con02a,4.187311221350444,0.07321350773175553,0.05000000000000001,0.9066666666666667
arguana,test-digital-freedoms-piidfaihbg-con03a,4.644157028958059,0.08123530695835744,0.1333333333333333,0.8566666666666666
arguana,test-digital-freedoms-piidfaihbg-pro01a,4.52538565486395,0.07914756983518594,0.0333333333333333,0.9366666666666666
arguana,test-digital-freedoms-piidfaihbg-pro02a,4.197669139414868,0.07339589546124137,0.0,0.9066666666666666
arguana,test-digital-freedoms-piidfaihbg-pro03a,3.554234427093237,0.06211308141549423,0.0666666666666666,0.9400000000000001
arguana,test-digital-freedoms-piidfiphwu-con01a,3.81076125721184,0.06660881886879601,0.05000000000000001,0.9433333333333334
arguana,test-digital-freedoms-piidfiphwu-con02a,4.465843896859329,0.07810450096925096,0.06666666666666664,0.91
arguana,test-digital-freedoms-piidfiphwu-con03a,5.234400874872307,0.0916150535146395,0.09999999999999991,0.8733333333333334
arguana,test-digital-freedoms-piidfiphwu-pro01a,4.228120353378777,0.07393025606870647,0.06666666666666667,0.9199999999999999
arguana,test-digital-freedoms-piidfiphwu-pro02a,4.124325752801897,0.07210765282313027,0.0,0.92
arguana,test-digital-freedoms-piidfiphwu-pro03a,4.872751254998902,0.08525436619917547,0.11666666666666665,0.8266666666666667
arguana,test-economy-beghwbh-con01a,3.7889992123846827,0.06622975319623943,0.08333333333333326,0.9133333333333334
arguana,test-economy-beghwbh-con02a,3.703105741732445,0.06472167621056234,0.03333333333333333,0.92
arguana,test-economy-beghwbh-con03a,3.900515284635046,0.06818292041619613,0.03333333333333333,0.89
arguana,test-economy-beghwbh-con04a,4.53998685007089,0.07940455029408133,0.16666666666666663,0.9033333333333333
arguana,test-economy-beghwbh-pro01a,3.8936963177365107,0.06806804363926246,0.05000000000000001,0.9166666666666666
arguana,test-economy-beghwbh-pro02a,3.523657115261409,0.0615801277259985,0.05000000000000001,0.9333333333333332
arguana,test-economy-beghwbh-pro03a,3.9693653378922313,0.06938962886730826,0.04999999999999997,0.8933333333333334
arguana,test-economy-bepahbtsnrt-con01a,4.610616059607836,0.08064526567856467,0.04999999999999997,0.9333333333333332
arguana,test-economy-bepahbtsnrt-con02a,4.9300792847591985,0.0862602641185124,0.05000000000000001,0.89
arguana,test-economy-bepahbtsnrt-con03a,5.437198248123573,0.09518481045961373,0.08333333333333326,0.9233333333333333
arguana,test-economy-bepahbtsnrt-pro01a,3.826809414284785,0.06688995162645973,0.05000000000000001,0.8633333333333333
arguana,test-economy-bepahbtsnrt-pro02a,4.733177761713243,0.08279965569575627,0.1333333333333333,0.8833333333333333
arguana,test-economy-bepahbtsnrt-pro03a,3.746616919519338,0.06548442443211873,0.0,0.8966666666666666
arguana,test-economy-bepahbtsnrt-pro04a,3.679732918441143,0.06431231523553527,0.14999999999999994,0.93
arguana,test-economy-bepiehbesa-con01a,4.0822328456546675,0.07136955857276914,0.05000000000000001,0.8666666666666667
arguana,test-economy-bepiehbesa-con02a,5.053278394390255,0.0884262497226397,0.11666666666666659,0.8300000000000001
arguana,test-economy-bepiehbesa-con03a,3.6881675915273475,0.0644597386320432,0.03333333333333333,0.8933333333333334
arguana,test-economy-bepiehbesa-pro01a,3.383292646702042,0.05911861111720399,0.23333333333333325,0.89
arguana,test-economy-bepiehbesa-pro02a,4.708733521005045,0.08236844340960182,0.08333333333333326,0.9333333333333332
arguana,test-economy-bepiehbesa-pro03a,4.804349410998051,0.08404902120431261,0.11666666666666659,0.9266666666666667
arguana,test-economy-bepiehbesa-pro04a,4.140012589341377,0.0723830809195836,0.08333333333333326,0.8733333333333334
arguana,test-economy-bepighbdb-con01a,3.6996416993852326,0.06466082731882726,0.1333333333333333,0.9133333333333334
arguana,test-economy-bepighbdb-con02a,3.5765784102477896,0.06250485405325883,0.09999999999999991,0.92
arguana,test-economy-bepighbdb-con03a,3.572834998204881,0.062439388285080576,0.11666666666666659,0.9500000000000001
arguana,test-economy-bepighbdb-con04a,3.2165111034489393,0.05619787424802777,0.08333333333333326,0.9233333333333333
arguana,test-economy-bepighbdb-pro01a,4.774279664404011,0.08352263768513994,0.11666666666666659,0.9266666666666667
arguana,test-economy-bepighbdb-pro02a,3.737014503220717,0.06531615306933718,0.09999999999999996,0.9499999999999998
arguana,test-economy-bepighbdb-pro03a,3.9280943897671663,0.06866587450106933,0.08333333333333326,0.89
arguana,test-economy-beplcpdffe-con01a,5.795707877647476,0.10150405764579766,0.03333333333333333,0.87
arguana,test-economy-beplcpdffe-con02a,3.93816771550688,0.06884314616521196,0.03333333333333333,0.9033333333333333
arguana,test-economy-beplcpdffe-con03a,4.143777889628975,0.07244993746280666,0.04999999999999997,0.92
arguana,test-economy-beplcpdffe-con04a,5.106074395368343,0.08935831735531484,0.08333333333333326,0.8033333333333333
arguana,test-economy-beplcpdffe-con05a,4.41301176992946,0.07717489451169963,0.03333333333333333,0.8866666666666667
arguana,test-economy-beplcpdffe-pro01a,4.701786494304506,0.08224974572658533,0.1333333333333333,0.7866666666666667
arguana,test-economy-beplcpdffe-pro02a,4.262308723943719,0.07452987382809316,0.09999999999999991,0.86
arguana,test-economy-beplcpdffe-pro03a,5.123088770145698,0.08965504666169481,0.15,0.8300000000000001
arguana,test-economy-beplcpdffe-pro04a,4.150870846322988,0.07257356991370513,0.016666666666666666,0.8366666666666666
arguana,test-economy-bhahwbsps-con01a,3.544616719019615,0.061944647381703,0.06666666666666664,0.96
arguana,test-economy-bhahwbsps-con02a,3.583194297096719,0.06262032936016713,0.06666666666666664,0.9533333333333333
arguana,test-economy-bhahwbsps-con03a,4.537519386172975,0.07936141888300577,0.08333333333333326,0.9633333333333333
arguana,test-economy-bhahwbsps-pro01a,4.329919898068527,0.07571614036957418,0.05000000000000001,0.9333333333333332
arguana,test-economy-bhahwbsps-pro02a,3.1663421036311767,0.055319568763176535,0.0,0.9566666666666667
arguana,test-economy-bhahwbsps-pro03a,3.6741612421082013,0.06421501810352004,0.0,0.9766666666666666
arguana,test-economy-bhahwbsps-pro04a,4.164618263303011,0.07281630982955294,0.08333333333333326,0.85
arguana,test-economy-egecegphw-con01a,2.9443659751209608,0.05143445730209347,0.05000000000000001,0.9166666666666666
arguana,test-economy-egecegphw-con02a,3.4392297967972936,0.06009816502531363,0.08333333333333326,0.9199999999999999
arguana,test-economy-egecegphw-con03a,4.018047945263,0.07024343063433959,0.05000000000000001,0.8766666666666666
arguana,test-economy-egecegphw-pro01a,3.077350537166852,0.05376162131627393,0.016666666666666666,0.9133333333333334
arguana,test-economy-egecegphw-pro02a,3.7023399223565843,0.0647085569798946,0.06666666666666664,0.9033333333333333
arguana,test-economy-egecegphw-pro03a,4.101550230149044,0.0717082743843396,0.03333333333333333,0.8666666666666667
arguana,test-economy-egiahbwaka-con01a,3.665873907603592,0.06406904011964794,0.0,0.9633333333333333
arguana,test-economy-egiahbwaka-con02a,5.242718002224211,0.09175996730724963,0.11666666666666659,0.9666666666666667
arguana,test-economy-egiahbwaka-con03a,9.748500858657988e-07,1.7014343711707625e-08,0.05000000000000001,0.9500000000000001
arguana,test-economy-egiahbwaka-pro01a,3.293971239716422,0.05755416055520374,0.05000000000000001,0.9233333333333333
arguana,test-economy-egiahbwaka-pro02a,3.1475891195632464,0.0549916749199231,0.09999999999999991,0.9
arguana,test-economy-egiahbwaka-pro03a,3.7241434439629857,0.06509173040588691,0.11666666666666659,0.9366666666666666
arguana,test-economy-egppphbcb-con01a,4.132802852428874,0.07225641856590903,0.05000000000000001,0.9133333333333334
arguana,test-economy-egppphbcb-con02a,5.786289734660474,0.10133470098177587,0.21666666666666665,0.77
arguana,test-economy-egppphbcb-con03a,3.4808014221903,0.0608263214429219,0.09999999999999991,0.92
arguana,test-economy-egppphbcb-pro01a,3.5288436818040925,0.06166987369457877,0.09999999999999991,0.8733333333333334
arguana,test-economy-egppphbcb-pro02a,3.483198877522344,0.0608684768279393,0.16666666666666655,0.8966666666666666
arguana,test-economy-egppphbcb-pro03a,3.4153068227578878,0.0596806568404038,0.09999999999999996,0.9199999999999999
arguana,test-economy-egppphbcb-pro04a,4.646800395104971,0.0812803556521733,0.06666666666666664,0.8666666666666667
arguana,test-economy-epegiahsc-con01a,5.144218098127507,0.09002570807933803,0.08333333333333326,0.8433333333333333
arguana,test-economy-epegiahsc-con02a,4.108614702879298,0.07183272888263063,0.08333333333333333,0.9333333333333332
arguana,test-economy-epegiahsc-con03a,5.661535477613685,0.09913575649261473,0.06666666666666664,0.8666666666666667
arguana,test-economy-epegiahsc-con04a,4.137394173364409,0.07233731697003043,0.09999999999999996,0.9333333333333332
arguana,test-economy-epegiahsc-pro01a,3.280906817736763,0.057325582951307234,0.06666666666666664,0.92
arguana,test-economy-epegiahsc-pro02a,3.902266679117691,0.06821298102537787,0.1333333333333333,0.85
arguana,test-economy-epegiahsc-pro03a,3.6357139184423644,0.06354068219661707,0.09999999999999991,0.8733333333333334
arguana,test-economy-epehwmrbals-con01a,3.4668476163471538,0.06058187161882713,0.0,0.94
arguana,test-economy-epehwmrbals-con02a,3.8482924490272956,0.06726754208405807,0.016666666666666666,0.9
arguana,test-economy-epehwmrbals-con03a,4.476868508680115,0.07829593867063517,0.06666666666666664,0.9166666666666666
arguana,test-economy-epehwmrbals-con04a,3.404181340518775,0.059484235942363704,0.06666666666666664,0.96
arguana,test-economy-epehwmrbals-pro01a,2.990349526780173,0.05223895857731497,0.05000000000000001,0.9333333333333332
arguana,test-economy-epehwmrbals-pro02a,3.0083279442214086,0.05255361149708426,0.0,0.9666666666666667
arguana,test-economy-epehwmrbals-pro03a,3.538797464605508,0.061843339353799764,0.016666666666666666,0.9166666666666666
arguana,test-economy-epehwmrbals-pro04a,3.448752542333189,0.0602649773160616,0.09999999999999991,0.9433333333333334
arguana,test-economy-epehwmrbals-pro05a,5.163756364400284,0.09036964426438006,0.0666666666666666,0.91
arguana,test-economy-epiasghbf-con01a,4.647744959655877,0.08129736036062236,0.09999999999999996,0.9333333333333332
arguana,test-economy-epiasghbf-con02a,3.237611446466557,0.05656730507810903,0.08333333333333326,0.9733333333333333
arguana,test-economy-epiasghbf-con03a,4.111422719103249,0.07188205420970913,0.04999999999999997,0.94
arguana,test-economy-epiasghbf-con04a,4.4747528618244985,0.0782586261630058,0.0666666666666666,0.94
arguana,test-economy-epiasghbf-pro01a,4.3381698506387325,0.07586105664571123,0.18333333333333332,0.9033333333333333
arguana,test-economy-epiasghbf-pro02a,2.7261970297512588,0.0476172156631946,0.14999999999999994,0.9199999999999999
arguana,test-economy-epiasghbf-pro03a,5.03677291183564,0.08813562492529547,0.016666666666666666,0.9166666666666666
arguana,test-economy-epsihbdns-con01a,4.518945610676738,0.0790345445275306,0.11666666666666659,0.9366666666666666
arguana,test-economy-epsihbdns-con02a,4.32422780790878,0.07561686138312017,0.09999999999999991,0.8366666666666666
arguana,test-economy-epsihbdns-con03a,4.249043042828072,0.07429606219132737,0.14999999999999994,0.8766666666666666
arguana,test-economy-epsihbdns-con04a,4.287148706261174,0.07496536771456397,0.08333333333333326,0.86
arguana,test-economy-epsihbdns-pro01a,4.615361732229185,0.0807304630676905,0.14999999999999994,0.8933333333333334
arguana,test-economy-epsihbdns-pro02a,3.760047745651064,0.0657195920745531,0.05000000000000001,0.8466666666666667
arguana,test-economy-epsihbdns-pro03a,4.130363935636235,0.07221371183792746,0.016666666666666666,0.9500000000000001
arguana,test-economy-epsihbdns-pro04a,4.69063843458119,0.08205095430215197,0.03333333333333333,0.8766666666666666
arguana,test-economy-eptpghdtre-con01a,4.8955228214554625,0.08565263698498404,0.09999999999999991,0.9
arguana,test-economy-eptpghdtre-con02a,5.535084257432257,0.09690959503253294,0.23333333333333325,0.8466666666666667
arguana,test-economy-eptpghdtre-con03a,4.58932236222203,0.08027322838703789,0.03333333333333333,0.8666666666666667
arguana,test-economy-eptpghdtre-pro01a,4.584822480519233,0.08019198477268213,0.06666666666666664,0.9066666666666667
arguana,test-economy-eptpghdtre-pro02a,3.50956463235673,0.061330749342838865,0.04999999999999997,0.8833333333333333
arguana,test-economy-eptpghdtre-pro03a,4.312900608944364,0.07541747887929277,0.08333333333333326,0.8633333333333333
arguana,test-economy-eptpghdtre-pro04a,4.4113933748393945,0.07714621971050893,0.14999999999999994,0.8333333333333334
arguana,test-economy-fiahwpamu-con01a,3.849967859348949,0.06729662915070846,0.016666666666666666,0.93
arguana,test-economy-fiahwpamu-con02a,4.346728382192527,0.07601091017325716,0.05000000000000001,0.9
arguana,test-economy-fiahwpamu-con03a,3.7690177595866294,0.06587688873211538,0.05000000000000001,0.93
arguana,test-economy-fiahwpamu-pro01a,3.9374142995041663,0.0688292334477106,0.09999999999999991,0.91
arguana,test-economy-fiahwpamu-pro02a,2.9062967605977987,0.05076858401298517,0.08333333333333326,0.9433333333333334
arguana,test-economy-fiahwpamu-pro03a,3.6983195398493898,0.06463914116223647,0.03333333333333333,0.93
arguana,test-economy-fiahwpamu-pro04a,4.289511250972787,0.0750124851862589,0.05000000000000001,0.9166666666666666
arguana,test-economy-fiahwpamu-pro05a,3.1587751016113805,0.0551871148248513,0.03333333333333333,0.9499999999999998
arguana,test-economy-thhghwhwift-con01a,4.486171939235358,0.07845891018708544,0.15,0.8933333333333334
arguana,test-economy-thhghwhwift-con02a,1.2556132704831785e-06,2.19145857016656e-08,0.016666666666666666,0.9266666666666667
arguana,test-economy-thhghwhwift-con03a,4.604258838422236,0.08053297797838843,0.016666666666666666,0.9233333333333333
arguana,test-economy-thhghwhwift-pro01a,4.543708644241835,0.07946947465340289,0.05000000000000001,0.9266666666666667
arguana,test-economy-thhghwhwift-pro02a,3.628393561411882,0.06341244652867317,0.1333333333333333,0.9166666666666666
arguana,test-economy-thhghwhwift-pro03a,3.8799727046059433,0.06782212853431696,0.016666666666666666,0.9766666666666666
arguana,test-economy-thsptr-con01a,4.100320646281724,0.07168658077716823,0.1333333333333333,0.9366666666666666
arguana,test-economy-thsptr-con02a,3.8017383443803716,0.06645079453786211,0.03333333333333333,0.9366666666666666
arguana,test-economy-thsptr-con03a,4.653839720265222,0.08140430599451064,0.03333333333333333,0.9366666666666666
arguana,test-economy-thsptr-con04a,3.7176162884161545,0.064975989361604,0.016666666666666666,0.9233333333333333
arguana,test-economy-thsptr-con05a,4.00255881479615,0.06997174024581908,0.03333333333333333,0.9633333333333333
arguana,test-economy-thsptr-pro01a,3.3749218095152407,0.05897181853651997,0.016666666666666666,0.9633333333333333
arguana,test-economy-thsptr-pro02a,2.8169591978229636,0.049204946806033434,0.11666666666666659,0.9366666666666666
arguana,test-economy-thsptr-pro03a,3.9430860181566962,0.0689291879534721,0.09999999999999991,0.8733333333333334
arguana,test-economy-thsptr-pro04a,3.7489850821632,0.0655257478356361,0.016666666666666666,0.9533333333333333
arguana,test-economy-thsptr-pro05a,3.142627528704487,0.054904304444789866,0.11666666666666659,0.9499999999999998
arguana,test-education-egscphsrdt-con01a,2.946059071114868,0.051463797688484136,0.06666666666666664,0.9166666666666666
arguana,test-education-egscphsrdt-con02a,2.6465170248683556,0.04622334862748776,0.016666666666666666,0.9499999999999998
arguana,test-education-egscphsrdt-con03a,4.133810226716338,0.07227442165215807,0.06666666666666664,0.9533333333333333
arguana,test-education-egscphsrdt-pro01a,3.810722023460297,0.06660803904136016,0.08333333333333326,0.9700000000000001
arguana,test-education-egscphsrdt-pro02a,4.117084476436684,0.0719822843869527,0.03333333333333333,0.9633333333333333
arguana,test-education-egscphsrdt-pro03a,3.3319428586336435,0.05821931734681127,0.16666666666666663,0.9266666666666667
arguana,test-education-egtuscpih-con01a,3.125817950212049,0.05461013937989867,0.06666666666666664,0.9333333333333332
arguana,test-education-egtuscpih-con02a,3.625552722948633,0.06336492672562598,0.2166666666666666,0.8633333333333333
arguana,test-education-egtuscpih-con03a,3.3193684959657617,0.05799887329339976,0.05000000000000001,0.88
arguana,test-education-egtuscpih-con04a,4.553135955262156,0.0796350464224815,0.1333333333333333,0.8633333333333333
arguana,test-education-egtuscpih-con05a,4.392195571245847,0.0768115197618802,0.1333333333333333,0.8033333333333333
arguana,test-education-egtuscpih-pro01a,3.7908385430760507,0.0662596076726913,0.09999999999999991,0.8766666666666666
arguana,test-education-egtuscpih-pro02a,3.792521430910343,0.06628937025864913,0.09999999999999991,0.9500000000000001
arguana,test-education-egtuscpih-pro03a,4.852666390407349,0.08490709712107969,0.0,0.94
arguana,test-education-egtuscpih-pro04a,3.986106386208988,0.06968347728252407,0.06666666666666664,0.91
arguana,test-education-egtuscpih-pro05a,3.6755176378553913,0.06423883388439809,0.03333333333333333,0.9333333333333332
arguana,test-education-pshhghwpba0-con01a,4.539124173247915,0.0793903147180875,0.19999999999999996,0.8866666666666667
arguana,test-education-pshhghwpba0-con02a,4.200930097728858,0.07345371693372721,0.03333333333333333,0.8666666666666667
arguana,test-education-pshhghwpba0-con03a,3.2351443353800176,0.05652405197421703,0.04999999999999997,0.9133333333333334
arguana,test-education-pshhghwpba0-con04a,4.851595147662472,0.08487960696220394,0.06666666666666664,0.9266666666666667
arguana,test-education-pshhghwpba0-pro01a,3.07165815227803,0.053662709891796063,0.18333333333333326,0.79
arguana,test-education-pshhghwpba0-pro02a,3.4094761347785645,0.0595773657162984,0.1166666666666666,0.9533333333333333
arguana,test-education-pshhghwpba0-pro03a,4.154398670874218,0.07263567547003423,0.016666666666666666,0.8866666666666667
arguana,test-education-pshhghwpba0-pro04a,4.9491272656989915,0.08659885575373964,0.15,0.9066666666666667
arguana,test-education-pstrgsehwt-con01a,3.4710543915802337,0.06065600365400311,0.05000000000000001,0.93
arguana,test-education-pstrgsehwt-con02a,2.9554255475309286,0.05162776137391723,0.05000000000000001,0.94
arguana,test-education-pstrgsehwt-con03a,2.4731510345391086,0.04319146151343977,0.0,0.9499999999999998
arguana,test-education-pstrgsehwt-con04a,3.2947207850959095,0.05756727606058117,0.0,0.88
arguana,test-education-pstrgsehwt-pro01a,3.7693879550825957,0.06588342289129889,0.06666666666666664,0.8766666666666666
arguana,test-education-pstrgsehwt-pro02a,3.0052304708982,0.052499759942293105,0.0,0.94
arguana,test-education-pstrgsehwt-pro03a,4.797769575935792,0.08393325656652446,0.0,0.9066666666666667
arguana,test-education-pstrgsehwt-pro04a,2.871346523344862,0.0501568304995695,0.0,0.9366666666666666
arguana,test-education-pstrgsehwt-pro05a,3.325507719788103,0.05810688436031337,0.05000000000000001,0.96
arguana,test-education-pteuhwfphe-con01a,3.4195635205031523,0.05975435922543199,0.06666666666666664,0.8366666666666666
arguana,test-education-pteuhwfphe-con02a,3.594882678975732,0.0628251234690348,0.11666666666666659,0.94
arguana,test-education-pteuhwfphe-con03a,4.061529129466982,0.07100655386845267,0.09999999999999996,0.9133333333333334
arguana,test-education-pteuhwfphe-con04a,3.5622327302438417,0.062252972275018637,0.03333333333333333,0.8566666666666666
arguana,test-education-pteuhwfphe-pro01a,3.3487049307649777,0.0585126901666323,0.05000000000000001,0.9
arguana,test-education-pteuhwfphe-pro02a,3.4018557616384957,0.05944445108373953,0.16666666666666655,0.88
arguana,test-education-pteuhwfphe-pro03a,3.6150341159229136,0.06317841137448943,0.05000000000000001,0.8833333333333333
arguana,test-education-tuhwastua-con01a,4.674801635217797,0.081779936949412,0.11666666666666659,0.8366666666666666
arguana,test-education-tuhwastua-con02a,4.868641852791195,0.08517906318108241,0.04999999999999997,0.8633333333333333
arguana,test-education-tuhwastua-pro01a,3.6154585653410174,0.06318616867065426,0.0,0.8833333333333333
arguana,test-education-tuhwastua-pro02a,4.384533483151046,0.07667458802461617,0.05000000000000001,0.94
arguana,test-education-tuhwastua-pro03a,3.6867454172046785,0.06443483134110763,0.16666666666666655,0.8733333333333334
arguana,test-education-tuhwastua-pro04a,4.006300837352909,0.07003748168547946,0.06666666666666664,0.8766666666666666
arguana,test-education-tuhwastua-pro05a,6.07154537767568,0.10637315362691875,0.03333333333333333,0.9333333333333332
arguana,test-education-udfakusma-con01a,4.111012732514681,0.07187436024347936,0.1166666666666666,0.9066666666666667
arguana,test-education-udfakusma-con02a,4.096698101377107,0.07162309934695556,0.03333333333333333,0.9566666666666667
arguana,test-education-udfakusma-con03a,4.215002421244319,0.07369887580474214,0.11666666666666659,0.91
arguana,test-education-udfakusma-con04a,4.035468873929289,0.07054908076922096,0.1333333333333333,0.8633333333333333
arguana,test-education-udfakusma-pro01a,4.151337201108604,0.07258194684982297,0.0666666666666666,0.93
arguana,test-education-udfakusma-pro02a,4.470257210139415,0.0781803280115127,0.08333333333333326,0.9633333333333333
arguana,test-education-udfakusma-pro03a,3.6870861059848963,0.06444113329052921,0.09999999999999991,0.93
arguana,test-education-udfakusma-pro04a,3.7499755302735007,0.065543420612812,0.11666666666666659,0.9233333333333333
arguana,test-education-ufsdfkhbwu-con01a,3.247489400433286,0.0567401933173338,0.08333333333333326,0.9
arguana,test-education-ufsdfkhbwu-con02a,3.743714846923215,0.06543332338333123,0.14999999999999994,0.85
arguana,test-education-ufsdfkhbwu-con03a,4.150783234921227,0.07257326195637383,0.11666666666666665,0.9233333333333333
arguana,test-education-ufsdfkhbwu-pro01a,5.241175161688989,0.09173177927732463,0.0666666666666666,0.8966666666666666
arguana,test-education-ufsdfkhbwu-pro02a,4.113846226997585,0.0719238196810086,0.09999999999999996,0.8766666666666666
arguana,test-education-ufsdfkhbwu-pro03a,5.014319828005006,0.087744856874148,0.05000000000000001,0.86
arguana,test-education-ughbuesbf-con01a,4.308913373430595,0.07534734656413393,0.05000000000000001,0.9333333333333332
arguana,test-education-ughbuesbf-con02a,4.284745653910314,0.074923038482666,0.06666666666666664,0.9666666666666667
arguana,test-education-ughbuesbf-con03a,3.2421492267350662,0.05664671833316479,0.05000000000000001,0.9633333333333333
arguana,test-education-ughbuesbf-con04a,4.279069121394191,0.07482338448365526,0.06666666666666664,0.93
arguana,test-education-ughbuesbf-con05a,3.578522452994802,0.06253848845760024,0.09999999999999991,0.92
arguana,test-education-ughbuesbf-pro01a,4.206428359245142,0.0735494395097096,0.14999999999999994,0.88
arguana,test-education-ughbuesbf-pro02a,4.086873406046093,0.07145109524329496,0.19999999999999987,0.93
arguana,test-education-ughbuesbf-pro03a,3.7393689996841886,0.06535725295543666,0.18333333333333326,0.91
arguana,test-education-ughbuesbf-pro04a,3.693927201596331,0.06456088895599044,0.06666666666666664,0.8666666666666667
arguana,test-education-usuprmhbu-con01a,3.1316911613380243,0.054712863018115294,0.16666666666666663,0.9066666666666667
arguana,test-education-usuprmhbu-con02a,3.2723186162676723,0.0571749185522397,0.0,0.9266666666666667
arguana,test-education-usuprmhbu-con03a,3.450952281303492,0.060303541521231296,0.0,0.9466666666666667
arguana,test-education-usuprmhbu-pro01a,4.080047517487927,0.07133089005947106,0.15,0.9033333333333333
arguana,test-education-usuprmhbu-pro02a,3.656917133063035,0.06391210605700808,0.016666666666666666,0.9066666666666667
arguana,test-education-usuprmhbu-pro03a,3.8753493911352557,0.06774094700813287,0.06666666666666664,0.9133333333333334
arguana,test-education-xeegshwfeu-con01a,4.662254120029555,0.0815528680880864,0.06666666666666664,0.8733333333333334
arguana,test-education-xeegshwfeu-con02a,4.083420174479152,0.07139077285925544,0.06666666666666664,0.92
arguana,test-education-xeegshwfeu-con03a,3.7217492309704223,0.06504927327235534,0.016666666666666666,0.8966666666666666
arguana,test-education-xeegshwfeu-pro01a,4.565396363494382,0.07985045264164603,0.06666666666666664,0.9133333333333334
arguana,test-education-xeegshwfeu-pro02a,7.700342652791819,0.13523154457410172,0.18333333333333326,0.8933333333333334
arguana,test-education-xeegshwfeu-pro03a,4.646030587578097,0.0812697683771451,0.11666666666666659,0.9466666666666667
arguana,test-environment-aeghhgwpe-con01a,4.236949456226477,0.0740840832392374,0.05000000000000001,0.9333333333333332
arguana,test-environment-aeghhgwpe-con02a,4.284705353697476,0.07492283980051674,0.11666666666666659,0.8433333333333334
arguana,test-environment-aeghhgwpe-con03a,3.4884796383824628,0.06096089010437323,0.06666666666666664,0.9266666666666666
arguana,test-environment-aeghhgwpe-pro01a,2.494496655074105,0.04356476167837773,0.05000000000000001,0.96
arguana,test-environment-aeghhgwpe-pro02a,1.3853764410433966e-06,2.417938027576838e-08,0.05000000000000001,0.9333333333333332
arguana,test-environment-aeghhgwpe-pro03a,3.059839919891934,0.0534553875525792,0.03333333333333333,0.9499999999999998
arguana,test-environment-aeghhgwpe-pro04a,3.2417653061963,0.05663993830482159,0.05000000000000001,0.9633333333333333
arguana,test-environment-aiahwagit-con01a,5.121578029778079,0.08962777008612947,0.2833333333333333,0.86
arguana,test-environment-aiahwagit-con02a,3.701047545705059,0.06468551109234487,0.016666666666666666,0.9533333333333333
arguana,test-environment-aiahwagit-con03a,3.738816051584447,0.06534786522388457,0.06666666666666664,0.9
arguana,test-environment-aiahwagit-con04a,4.364442537501176,0.0763234868645668,0.0,0.8566666666666666
arguana,test-environment-aiahwagit-pro01a,3.9551199867181857,0.06913974384466808,0.05000000000000001,0.92
arguana,test-environment-aiahwagit-pro02a,5.5347642438636555,0.09690175950527187,0.08333333333333326,0.8300000000000001
arguana,test-environment-aiahwagit-pro03a,3.9081475719801837,0.06831656893094377,0.06666666666666664,0.91
arguana,test-environment-aiahwagit-pro04a,3.823923311820844,0.0668396726250648,0.04999999999999997,0.9266666666666667
arguana,test-environment-aiahwagit-pro05a,3.836396708309603,0.06705869982639943,0.05000000000000001,0.85
arguana,test-environment-assgbatj-con01a,5.357518074221801,0.09378331651290255,0.04999999999999997,0.9433333333333334
arguana,test-environment-assgbatj-con02a,4.742752703416778,0.08296667039394373,0.1666666666666666,0.9233333333333333
arguana,test-environment-assgbatj-con03a,2.793593220274144,0.04879610985517496,0.0,0.93
arguana,test-environment-assgbatj-con04a,4.5129672839349695,0.078936256468296,0.0,0.96
arguana,test-environment-assgbatj-con05a,4.431832478369427,0.0775047416488329,0.016666666666666666,0.9866666666666667
arguana,test-environment-assgbatj-pro01a,4.3578816208221225,0.0762082810203234,0.05000000000000001,0.8633333333333333
arguana,test-environment-assgbatj-pro02a,3.669504168381201,0.0641327152649561,0.03333333333333333,0.98
arguana,test-environment-assgbatj-pro03a,4.29799554021269,0.07515621930360793,0.09999999999999996,0.8266666666666667
arguana,test-environment-assgbatj-pro04a,6.194925943924413,0.10854886472225185,0.18333333333333326,0.7999999999999999
arguana,test-environment-assgbatj-pro05a,6.092864967082061,0.1067451934019724,0.06666666666666664,0.9766666666666666
arguana,test-environment-chbwtlgcc-con01a,4.346408266763281,0.0760050018628438,0.05000000000000001,0.8533333333333334
arguana,test-environment-chbwtlgcc-con02a,4.372217611753926,0.0764585137367248,0.19999999999999987,0.92
arguana,test-environment-chbwtlgcc-con03a,4.617083424369678,0.08076013873020803,0.11666666666666665,0.8833333333333333
arguana,test-environment-chbwtlgcc-pro01a,2.69381528207818,0.047050779064496305,0.05000000000000001,0.9233333333333333
arguana,test-environment-chbwtlgcc-pro02a,3.6453291065835356,0.0637096750239531,0.09999999999999991,0.9133333333333334
arguana,test-environment-chbwtlgcc-pro03a,3.2979030948867405,0.05762307966748866,0.06666666666666664,0.93
arguana,test-environment-chbwtlgcc-pro04a,3.369028241935792,0.058868861446777936,0.06666666666666664,0.9466666666666667
arguana,test-environment-ehwsnwu-con01a,3.852780375745752,0.06734526405731833,0.0,0.8966666666666666
arguana,test-environment-ehwsnwu-con02a,3.2768752182685685,0.05725571264823273,0.0,0.9666666666666667
arguana,test-environment-ehwsnwu-con03a,4.426027976898647,0.07740580787261327,0.05000000000000001,0.94
arguana,test-environment-ehwsnwu-pro01a,3.3355454096906954,0.058283286790052964,0.0,0.9833333333333334
arguana,test-environment-ehwsnwu-pro02a,2.746370815786264,0.04796997085213656,0.0,0.9766666666666666
arguana,test-environment-opecewiahw-con01a,3.9728502011595523,0.06945069630940749,0.1333333333333333,0.86
arguana,test-environment-opecewiahw-con02a,4.3204204778155955,0.07554922997951503,0.09999999999999991,0.8466666666666667
arguana,test-environment-opecewiahw-con03a,5.159497049578877,0.09029452254374816,0.0,0.89
arguana,test-environment-opecewiahw-con04a,5.147563256116494,0.09008456766605373,0.1333333333333333,0.8866666666666667
arguana,test-environment-opecewiahw-pro01a,4.625675723565878,0.08091217527786887,0.09999999999999991,0.9166666666666666
arguana,test-environment-opecewiahw-pro02a,4.407609556929593,0.07707978785037993,0.11666666666666665,0.8666666666666667
arguana,test-environment-opecewiahw-pro03a,4.330979167548658,0.07573418567577993,0.1333333333333333,0.8933333333333334
arguana,test-environment-opecewiahw-pro04a,4.683542015823638,0.08192698409159974,0.14999999999999994,0.8733333333333334
arguana,test-free-speech-debate-fchbjaj-con01a,4.3400863958713805,0.07589491705099737,0.11666666666666659,0.8733333333333334
arguana,test-free-speech-debate-fchbjaj-con02a,1.1388121070273594e-06,1.9876020829201483e-08,0.05,0.9299999999999999
arguana,test-free-speech-debate-fchbjaj-con03a,4.149991286458526,0.0725579510132471,0.09999999999999996,0.92
arguana,test-free-speech-debate-fchbjaj-pro01a,4.361568546624725,0.0762718096375465,0.05000000000000001,0.91
arguana,test-free-speech-debate-fchbjaj-pro02a,4.094874609468337,0.07159226139386489,0.016666666666666666,0.9133333333333334
arguana,test-free-speech-debate-fchbjaj-pro03a,3.0429036890231953,0.0531587439278761,0.0,0.9266666666666667
arguana,test-free-speech-debate-fsaphgiap-con01a,3.672511342717525,0.06418571124474204,0.03333333333333333,0.9
arguana,test-free-speech-debate-fsaphgiap-con02a,3.518358185755266,0.06148491427302357,0.2333333333333333,0.8933333333333334
arguana,test-free-speech-debate-fsaphgiap-con03a,4.59876276598922,0.0804369077086448,0.2333333333333333,0.8966666666666666
arguana,test-free-speech-debate-fsaphgiap-con04a,4.270653109494929,0.07467537870009737,0.18333333333333326,0.82
arguana,test-free-speech-debate-fsaphgiap-pro01a,10.214093498062304,0.18019226690133408,0.24999999999999997,0.8733333333333334
arguana,test-free-speech-debate-fsaphgiap-pro02a,5.378694973380285,0.09415371219317113,0.16666666666666663,0.9
arguana,test-free-speech-debate-fsaphgiap-pro03a,3.136290904298624,0.05479344104727104,0.06666666666666664,0.9500000000000001
arguana,test-free-speech-debate-fsaphgiap-pro04a,3.68599486500027,0.06442216907938313,0.16666666666666663,0.8233333333333333
arguana,test-free-speech-debate-ldhwbmclg-con01a,6.424917498279902e-06,1.1213596451398189e-07,0.0,0.9533333333333333
arguana,test-free-speech-debate-ldhwbmclg-con02a,1.237282588854219e-06,2.1594654953105422e-08,0.06666666666666664,0.9033333333333333
arguana,test-free-speech-debate-ldhwbmclg-con03a,6.624458476330184e-06,1.1561861157360909e-07,0.0,0.9733333333333333
arguana,test-free-speech-debate-ldhwbmclg-pro01a,1.0943346196952749e-06,1.9099742232242537e-08,0.0,0.9633333333333333
arguana,test-free-speech-debate-ldhwbmclg-pro02a,1.0039190325436277e-06,1.7521692541322412e-08,0.05000000000000001,0.96
arguana,test-free-speech-debate-ldhwbmclg-pro03a,1.1462132832155626e-06,2.0005195722205823e-08,0.06666666666666664,0.9366666666666666
arguana,test-free-speech-debate-ldhwprhs-con01a,5.679852599455333,0.09945971518754958,0.11666666666666665,0.8733333333333334
arguana,test-free-speech-debate-ldhwprhs-con02a,4.605418629514234,0.08055338015158964,0.3333333333333333,0.89
arguana,test-free-speech-debate-ldhwprhs-con03a,3.763284223140563,0.0657763803998629,0.1333333333333333,0.8733333333333334
arguana,test-free-speech-debate-ldhwprhs-pro01a,3.3696630521984834,0.058879837393760626,0.06666666666666664,0.8966666666666666
arguana,test-free-speech-debate-ldhwprhs-pro02a,3.4342407112773494,0.06001083552837366,0.08333333333333326,0.92
arguana,test-free-speech-debate-ldhwprhs-pro03a,4.006929086512563,0.07004837443431212,0.16666666666666663,0.8733333333333334
arguana,test-free-speech-debate-magghbcrg-con01a,3.1915240576338326,0.05576029668251667,0.25,0.8733333333333334
arguana,test-free-speech-debate-magghbcrg-con02a,4.4709488169322835,0.07819273322820659,0.06666666666666664,0.86
arguana,test-free-speech-debate-magghbcrg-con03a,3.388593108980214,0.05921128143866853,0.03333333333333333,0.8633333333333333
arguana,test-free-speech-debate-magghbcrg-pro01a,4.960020317325051,0.08678569644689553,0.05000000000000001,0.8966666666666666
arguana,test-free-speech-debate-magghbcrg-pro02a,3.1185714538030815,0.054483936478694234,0.13333333333333322,0.9133333333333334
arguana,test-free-speech-debate-magghbcrg-pro03a,3.6702618877987185,0.06414599965016043,0.05000000000000001,0.91
arguana,test-free-speech-debate-nshbbsbfb-con01a,4.701906767229133,0.08225245525439573,0.05000000000000001,0.8866666666666667
arguana,test-free-speech-debate-nshbbsbfb-con02a,4.388953325692266,0.07675200700759884,0.11666666666666659,0.8433333333333333
arguana,test-free-speech-debate-nshbbsbfb-con03a,5.63285835368293,0.09863440444072084,0.09999999999999991,0.86
arguana,test-free-speech-debate-nshbbsbfb-pro01a,4.032418202855042,0.07049598793188723,0.11666666666666659,0.9233333333333333
arguana,test-free-speech-debate-nshbbsbfb-pro02a,3.4535948590095007,0.0603498096267382,0.16666666666666663,0.9
arguana,test-free-speech-debate-nshbbsbfb-pro03a,4.240091411829877,0.07414059589306506,0.05000000000000001,0.9233333333333333
arguana,test-free-speech-debate-nshbbsbfb-pro04a,5.216720084396423,0.09130473931630446,0.3,0.86
arguana,test-free-speech-debate-nshbcsbawc-con01a,4.106904817815484,0.0718022510409355,0.05000000000000001,0.7966666666666667
arguana,test-free-speech-debate-nshbcsbawc-con02a,3.192183350782191,0.05577193821469937,0.016666666666666666,0.9466666666666667
arguana,test-free-speech-debate-nshbcsbawc-con03a,4.167766659942842,0.0728704730669657,0.16666666666666663,0.8933333333333334
arguana,test-free-speech-debate-nshbcsbawc-pro01a,2.988151209478222,0.05220052475730574,0.06666666666666664,0.9333333333333332
arguana,test-free-speech-debate-nshbcsbawc-pro02a,3.896520820447462,0.06811244537432987,0.06666666666666664,0.89
arguana,test-free-speech-debate-nshbcsbawc-pro03a,3.640492047001572,0.06362434476613993,0.05000000000000001,0.9
arguana,test-free-speech-debate-nshbcsbawc-pro04a,3.9841828158709838,0.06964986771345133,0.09999999999999996,0.8966666666666666
arguana,test-free-speech-debate-radhbsshr-con01a,3.403003067775631,0.05946415786941844,0.05000000000000001,0.8766666666666666
arguana,test-free-speech-debate-radhbsshr-con02a,4.153264603275125,0.07261641820271804,0.1333333333333333,0.8833333333333333
arguana,test-free-speech-debate-radhbsshr-con03a,3.981482579003877,0.06960285206635787,0.08333333333333326,0.9166666666666666
arguana,test-free-speech-debate-radhbsshr-con04a,4.995914218927731,0.0874186555544535,0.18333333333333326,0.8466666666666667
arguana,test-free-speech-debate-radhbsshr-pro01a,3.283283246882215,0.0573669498165448,0.08333333333333326,0.9566666666666667
arguana,test-free-speech-debate-radhbsshr-pro02a,3.8517478992687058,0.06732714672883346,0.05000000000000001,0.9433333333333334
arguana,test-free-speech-debate-radhbsshr-pro03a,6.623937374251174e-06,1.1560951662659137e-07,0.03333333333333333,0.91
arguana,test-free-speech-debate-yfsdfkhbwu-con01a,3.261352277743493,0.056982928266127865,0.0833333333333333,0.8833333333333333
arguana,test-free-speech-debate-yfsdfkhbwu-con02a,3.9622353965161103,0.06926613301038737,0.16666666666666663,0.8433333333333333
arguana,test-free-speech-debate-yfsdfkhbwu-con03a,4.186566792280894,0.07319996505975719,0.09999999999999991,0.9366666666666666
arguana,test-free-speech-debate-yfsdfkhbwu-pro01a,5.470020964447246,0.09576253592967983,0.04999999999999997,0.9233333333333333
arguana,test-free-speech-debate-yfsdfkhbwu-pro02a,4.184206309112749,0.07315909117460247,0.13333333333333322,0.89
arguana,test-free-speech-debate-yfsdfkhbwu-pro03a,4.84838892644522,0.08482790738344187,0.016666666666666666,0.8733333333333334
arguana,test-health-ahiahbgbsp-con01a,4.746369794639727,0.08303017665942507,0.1166666666666666,0.8533333333333334
arguana,test-health-ahiahbgbsp-con02a,3.750942322250632,0.06556008011102672,0.11666666666666659,0.89
arguana,test-health-ahiahbgbsp-con03a,5.490791639141473,0.0961346750458081,0.06666666666666664,0.85
arguana,test-health-ahiahbgbsp-con04a,2.9197608150547176,0.051003839820623335,0.11666666666666659,0.91
arguana,test-health-ahiahbgbsp-pro01a,5.422253341250568,0.09492233147223783,0.09999999999999991,0.9133333333333334
arguana,test-health-ahiahbgbsp-pro02a,6.8900055051661875,0.12083688129981353,0.05000000000000001,0.9633333333333333
arguana,test-health-ahiahbgbsp-pro03a,5.6066648651152,0.09816873818635936,0.11666666666666659,0.8333333333333334
arguana,test-health-ahiahbgbsp-pro04a,6.859769272602641,0.12030393133560813,0.05000000000000001,0.8933333333333334
arguana,test-health-ahiahbgbsp-pro05a,4.777960371986356,0.08358568201462424,0.016666666666666666,0.8533333333333334
arguana,test-health-dhghhbampt-con01a,4.663057749936797,0.0815670589605967,0.2166666666666666,0.8466666666666667
arguana,test-health-dhghhbampt-con02a,4.862716424714974,0.08507613341013587,0.06666666666666664,0.8266666666666667
arguana,test-health-dhghhbampt-con03a,4.308701857938343,0.07534610231717424,0.16666666666666663,0.7933333333333333
arguana,test-health-dhghhbampt-pro01a,4.022713729617293,0.0703270857532819,0.09999999999999991,0.92
arguana,test-health-dhghhbampt-pro02a,4.3712743425375695,0.07644159595171607,0.08333333333333326,0.9400000000000001
arguana,test-health-dhghhbampt-pro03a,3.4247701343408417,0.05984558537602419,0.03333333333333333,0.89
arguana,test-health-dhghwapgd-con01a,3.111115000726631,0.05435410141944883,0.0,0.9700000000000001
arguana,test-health-dhghwapgd-con02a,4.74333076167295,0.08297659705082573,0.0,0.9433333333333334
arguana,test-health-dhghwapgd-con03a,2.924298252928629,0.0510846388836701,0.03333333333333333,0.96
arguana,test-health-dhghwapgd-con04a,6.567078623655089e-06,1.1461714422011937e-07,0.05000000000000001,0.98
arguana,test-health-dhghwapgd-pro01a,3.897104192086976,0.0681224316358566,0.03333333333333333,0.9733333333333333
arguana,test-health-dhghwapgd-pro02a,3.20620535159218,0.0560177353521188,0.03333333333333333,0.9233333333333333
arguana,test-health-dhghwapgd-pro03a,2.8551872792509556,0.049873822679122236,0.0,0.9466666666666667
arguana,test-health-dhghwapgd-pro04a,2.4256977540958453,0.042361761132876034,0.0,0.9433333333333334
arguana,test-health-dhghwapgd-pro05a,3.2824302198258763,0.05735199277599647,0.1333333333333333,0.9333333333333332
arguana,test-health-dhgsshbesbc-con01a,3.3505491950997226,0.05854504803816474,0.11666666666666665,0.89
arguana,test-health-dhgsshbesbc-con02a,4.082893680502014,0.07138113429148986,0.05000000000000001,0.9133333333333334
arguana,test-health-dhgsshbesbc-con03a,6.5129917393312935,0.11416657269001003,0.45,0.7133333333333334
arguana,test-health-dhgsshbesbc-pro01a,4.867721442793221,0.08516390621662136,0.06666666666666664,0.9
arguana,test-health-dhgsshbesbc-pro02a,4.711474884013889,0.08241669088602065,0.09999999999999991,0.8866666666666667
arguana,test-health-dhgsshbesbc-pro03a,3.8736997023412587,0.06771220515171683,0.1333333333333333,0.8433333333333333
arguana,test-health-dhgsshbesbc-pro04a,4.928705952846123,0.08623586098353064,0.08333333333333326,0.77
arguana,test-health-dhiacihwph-con01a,4.327043313177643,0.07566514611244196,0.05000000000000001,0.9366666666666666
arguana,test-health-dhiacihwph-con02a,4.849443308714143,0.08484418938557303,0.05000000000000001,0.9433333333333334
arguana,test-health-dhiacihwph-con03a,4.718143639401714,0.08253504584232961,0.06666666666666664,0.9466666666666667
arguana,test-health-dhiacihwph-pro01a,3.6757787551699366,0.06424268086751296,0.03333333333333333,0.89
arguana,test-health-dhiacihwph-pro02a,3.7749910366498054,0.06598158925771709,0.03333333333333333,0.92
arguana,test-health-dhiacihwph-pro03a,5.736894701628667,0.10046478360891341,0.05000000000000001,0.9566666666666667
arguana,test-health-dhiacihwph-pro04a,4.200531522148888,0.07344492028156911,0.05000000000000001,0.8966666666666666
arguana,test-health-dhpelhbass-con01a,4.588011080363082,0.08024795850117997,0.016666666666666666,0.9433333333333334
arguana,test-health-dhpelhbass-con02a,3.347004991537149,0.05848293999830876,0.06666666666666664,0.9766666666666666
arguana,test-health-dhpelhbass-con03a,3.975761739266151,0.06950219472249343,0.06666666666666664,0.9199999999999999
arguana,test-health-dhpelhbass-con04a,4.2502300412239045,0.0743169263005256,0.09999999999999996,0.8566666666666666
arguana,test-health-dhpelhbass-pro01a,3.180397566807418,0.05556555092334744,0.03333333333333333,0.9333333333333332
arguana,test-health-dhpelhbass-pro02a,5.202618325107203,0.09105337162812548,0.05000000000000001,0.91
arguana,test-health-dhpelhbass-pro03a,4.541107215217882,0.0794244160254796,0.016666666666666666,0.88
arguana,test-health-hdond-con01a,3.8707344137552453,0.06766035904486971,0.09999999999999991,0.9
arguana,test-health-hdond-con02a,4.2198506587408815,0.07378619660933806,0.09999999999999991,0.8933333333333334
arguana,test-health-hdond-con03a,3.791612453190441,0.06627319753170009,0.25,0.8433333333333334
arguana,test-health-hdond-con04a,3.508810887775185,0.061317096153895,0.16666666666666663,0.8633333333333333
arguana,test-health-hdond-pro01a,3.219041293662677,0.05624215553204213,0.016666666666666666,0.93
arguana,test-health-hdond-pro02a,3.3774441066382432,0.05901591976483656,0.0,0.9366666666666666
arguana,test-health-hdond-pro03a,4.117822027501881,0.07199382285277044,0.08333333333333326,0.9
arguana,test-health-hdond-pro04a,3.8590963507310927,0.06745624542236324,0.09999999999999996,0.9366666666666666
arguana,test-health-hgwhwbjfs-con01a,3.36228639954613,0.05875098332762713,0.03333333333333333,0.8933333333333334
arguana,test-health-hgwhwbjfs-con02a,4.402063145977237,0.0769829005002975,0.016666666666666666,0.9466666666666667
arguana,test-health-hgwhwbjfs-con03a,3.6031174397975536,0.06297004222869869,0.18333333333333326,0.84
arguana,test-health-hgwhwbjfs-con04a,3.351693373768907,0.05856496095657343,0.08333333333333326,0.89
arguana,test-health-hgwhwbjfs-pro01a,6.528589942677139e-06,1.1394539001230441e-07,0.11666666666666665,0.91
arguana,test-health-hgwhwbjfs-pro02a,3.992248430270917,0.06979105373223617,0.05000000000000001,0.87
arguana,test-health-hgwhwbjfs-pro03a,3.442536071801999,0.0601560125748316,0.15,0.9033333333333333
arguana,test-health-hpehwadvoee-con01a,3.862657495849476,0.06751866887013114,0.15,0.9233333333333333
arguana,test-health-hpehwadvoee-con02a,5.918611396420938,0.10368801405032473,0.19999999999999996,0.7566666666666667
arguana,test-health-hpehwadvoee-con03a,4.898374117546969,0.0857030575474103,0.08333333333333326,0.8866666666666667
arguana,test-health-hpehwadvoee-con04a,4.044552587275615,0.0707084362705548,0.1333333333333333,0.91
arguana,test-health-hpehwadvoee-con05a,4.236009840075364,0.0740684146682421,0.09999999999999996,0.8633333333333333
arguana,test-health-hpehwadvoee-pro01a,4.227304643463092,0.07391525059938427,0.3,0.8633333333333333
arguana,test-health-hpehwadvoee-pro02a,5.737087805050131,0.10047373175621029,0.2166666666666666,0.7933333333333333
arguana,test-health-hpehwadvoee-pro03a,3.789082513106493,0.06623152519265806,0.11666666666666659,0.9066666666666667
arguana,test-health-hpehwadvoee-pro04a,3.4983004244493063,0.06113298485676443,0.03333333333333333,0.9066666666666667
arguana,test-health-hpehwadvoee-pro05a,3.9089693122613434,0.06833043446143464,0.08333333333333326,0.92
arguana,test-health-ppelfhwbpba-con01a,4.801241964545719,0.0839985534548759,0.11666666666666659,0.9033333333333333
arguana,test-health-ppelfhwbpba-con02a,3.92454273269165,0.06860541800657903,0.05000000000000001,0.9499999999999998
arguana,test-health-ppelfhwbpba-con03a,5.237579748745066,0.09166904042164481,0.016666666666666666,0.9
arguana,test-health-ppelfhwbpba-pro01a,4.463053939523056,0.07805535693963363,0.06666666666666664,0.8966666666666666
arguana,test-health-ppelfhwbpba-pro02a,4.283232318757338,0.07490633055567737,0.016666666666666666,0.9499999999999998
arguana,test-health-ppelfhwbpba-pro03a,4.275256561596908,0.07475737482309337,0.05000000000000001,0.8466666666666667
arguana,test-health-ppelfhwbpba-pro04a,4.144948603021979,0.07247015088796614,0.14999999999999994,0.8266666666666667
arguana,test-international-aahwstdrtfm-con01a,4.995402863318301,0.08740952362616854,0.0666666666666666,0.9233333333333333
arguana,test-international-aahwstdrtfm-con02a,4.292834678008847,0.07506472120682393,0.08333333333333326,0.93
arguana,test-international-aahwstdrtfm-con03a,4.121684494827427,0.07206175973018007,0.06666666666666664,0.9166666666666666
arguana,test-international-aahwstdrtfm-pro01a,4.451571128822093,0.0778514941533406,0.016666666666666666,0.9700000000000001
arguana,test-international-aahwstdrtfm-pro02a,4.058325306075513,0.07095018277565633,0.016666666666666666,0.9266666666666667
arguana,test-international-aahwstdrtfm-pro03a,5.13668709066727,0.08989330132802324,0.14999999999999994,0.7766666666666667
arguana,test-international-aahwstdrtfm-pro04a,4.613087365033949,0.08068801462650294,0.03333333333333333,0.8933333333333334
arguana,test-international-aegmeppghw-con01a,4.667027416581132,0.0816370546817779,0.06666666666666664,0.9366666666666666
arguana,test-international-aegmeppghw-con02a,3.3469939058397737,0.0584828418989976,0.09999999999999991,0.9499999999999998
arguana,test-international-aegmeppghw-con03a,4.262401953987851,0.07453066607316329,0.08333333333333326,0.9033333333333333
arguana,test-international-aegmeppghw-con04a,4.016778908998522,0.07022112111250557,0.06666666666666664,0.9266666666666667
arguana,test-international-aegmeppghw-con05a,4.367386101477841,0.07637326916058852,0.06666666666666664,0.9533333333333333
arguana,test-international-aegmeppghw-pro01a,3.570282784378177,0.062394229074319206,0.05000000000000001,0.9499999999999998
arguana,test-international-aegmeppghw-pro02a,4.553219885142027,0.07963665326436357,0.016666666666666666,0.9433333333333334
arguana,test-international-aegmeppghw-pro03a,5.621286173606674,0.09842661271492636,0.0833333333333333,0.91
arguana,test-international-aegmeppghw-pro04a,3.890700851121038,0.0680101911226908,0.06666666666666667,0.9233333333333333
arguana,test-international-aghbfcpspr-con01a,3.976943283327016,0.06952306876579917,0.016666666666666666,0.8666666666666667
arguana,test-international-aghbfcpspr-con02a,3.3103311333686083,0.0578406043350696,0.016666666666666666,0.9033333333333333
arguana,test-international-aghbfcpspr-con03a,4.09682710088137,0.07162531961997343,0.03333333333333333,0.8766666666666666
arguana,test-international-aghbfcpspr-con04a,4.698047471426553,0.0821819777290026,0.016666666666666666,0.9166666666666666
arguana,test-international-aghbfcpspr-pro01a,4.209157068043328,0.07359815637270603,0.0,0.9566666666666667
arguana,test-international-aghbfcpspr-pro02a,3.6676206508204423,0.06409964213768636,0.016666666666666666,0.89
arguana,test-international-aghbfcpspr-pro03a,3.8801632345193107,0.06782535215218856,0.016666666666666666,0.92
arguana,test-international-aghbfcpspr-pro04a,4.389577914061337,0.07676319529612857,0.0,0.88
arguana,test-international-aghbfcpspr-pro05a,4.043404126896121,0.07068814337253564,0.06666666666666664,0.8733333333333334
arguana,test-international-aghwrem-con01a,4.2299018040737675,0.0739605550964673,0.09999999999999996,0.9033333333333333
arguana,test-international-aghwrem-con02a,4.418259032014366,0.07726656148831047,0.21666666666666665,0.8566666666666666
arguana,test-international-aghwrem-con03a,4.965589120843613,0.08688441167275107,0.05000000000000001,0.9133333333333334
arguana,test-international-aghwrem-con04a,5.476009669929316,0.09587613741556796,0.18333333333333326,0.8966666666666666
arguana,test-international-aghwrem-pro01a,4.538319376319819,0.07937650630871453,0.08333333333333326,0.8533333333333334
arguana,test-international-aghwrem-pro02a,4.721844909770296,0.0825996100902557,0.016666666666666666,0.8833333333333333
arguana,test-international-aghwrem-pro03a,4.762658953163036,0.08331630627314246,0.15,0.8633333333333333
arguana,test-international-aghwrem-pro04a,3.7056546091831017,0.06476620833079012,0.03333333333333333,0.9233333333333333
arguana,test-international-aghwrem-pro05a,4.475676497927186,0.07827608287334441,0.03333333333333333,0.8533333333333334
arguana,test-international-aglhrilhb-con01a,5.0458595604428895,0.0883081903060277,0.24999999999999997,0.8533333333333334
arguana,test-international-aglhrilhb-con02a,3.9317928656872905,0.0687307715415954,0.03333333333333333,0.9066666666666666
arguana,test-international-aglhrilhb-con03a,4.458181881781374,0.07796953618526453,0.26666666666666666,0.86
arguana,test-international-aglhrilhb-pro01a,5.29788013501478,0.0927340984344482,0.06666666666666664,0.9433333333333334
arguana,test-international-aglhrilhb-pro02a,4.0205743754365715,0.07028785844643907,0.08333333333333326,0.9233333333333333
arguana,test-international-aglhrilhb-pro03a,4.961439362357464,0.08681167413791017,0.09999999999999996,0.92
arguana,test-international-aglhrilhb-pro04a,4.874888816354072,0.08528990298509594,0.0666666666666666,0.9566666666666667
arguana,test-international-amehbuaisji-con01a,3.4047233164826998,0.05949570611119267,0.09999999999999996,0.9366666666666666
arguana,test-international-amehbuaisji-con02a,4.479748038473492,0.07834680378437041,0.11666666666666659,0.9133333333333334
arguana,test-international-amehbuaisji-con03a,4.284618712239731,0.07492138693730033,0.09999999999999991,0.8566666666666666
arguana,test-international-amehbuaisji-con04a,4.008430290625983,0.07007504502932227,0.06666666666666664,0.9166666666666666
arguana,test-international-amehbuaisji-pro01a,4.594733517144454,0.08036653449138,0.19999999999999987,0.86
arguana,test-international-amehbuaisji-pro02a,3.9984240346886044,0.06989920884370797,0.05000000000000001,0.9666666666666667
arguana,test-international-amehbuaisji-pro03a,5.342227643421115,0.09351980934540427,0.15,0.8533333333333334
arguana,test-international-appghblsba-con01a,3.806377947198633,0.06653248642881704,0.05000000000000001,0.87
arguana,test-international-appghblsba-con02a,3.225075047633217,0.05634773025910053,0.03333333333333333,0.91
arguana,test-international-appghblsba-con03a,4.3418306918478,0.0759246870875358,0.05000000000000001,0.9133333333333334
arguana,test-international-appghblsba-pro01a,3.63217367222407,0.06347867101430886,0.03333333333333333,0.94
arguana,test-international-appghblsba-pro02a,4.160911451162909,0.07275116443634033,0.05000000000000001,0.9
arguana,test-international-appghblsba-pro03a,3.9328688588903247,0.06875001142422356,0.04999999999999997,0.9166666666666666
arguana,test-international-appghblsba-pro04a,4.0269869694605065,0.07040035972992574,0.016666666666666666,0.9133333333333334
arguana,test-international-apwhbaucmip-con01a,5.334932665050466,0.0933860565225283,0.15,0.9066666666666667
arguana,test-international-apwhbaucmip-con02a,3.7340436681053126,0.06526392946640647,0.11666666666666659,0.96
arguana,test-international-apwhbaucmip-con03a,5.526415561340639,0.09675533076127363,0.06666666666666664,0.86
arguana,test-international-apwhbaucmip-con04a,3.9238346163660403,0.06859111537535979,0.03333333333333333,0.9199999999999999
arguana,test-international-apwhbaucmip-pro01a,4.751930238988614,0.08313096066315963,0.15,0.9133333333333334
arguana,test-international-apwhbaucmip-pro02a,3.9216086384920086,0.0685520991683006,0.08333333333333326,0.9133333333333334
arguana,test-international-apwhbaucmip-pro03a,3.3618891609790347,0.058743569999933236,0.05000000000000001,0.9233333333333333
arguana,test-international-apwhbaucmip-pro04a,3.2955276009815218,0.057581376284360865,0.09999999999999991,0.9266666666666667
arguana,test-international-atiahblit-con01a,3.810875969895012,0.06661070883274073,0.0666666666666666,0.9233333333333333
arguana,test-international-atiahblit-con02a,3.337795203700169,0.05832193667689956,0.03333333333333333,0.96
arguana,test-international-atiahblit-con03a,3.909215493971559,0.06833697731296216,0.16666666666666663,0.8966666666666666
arguana,test-international-atiahblit-con04a,5.787834187457026,0.10137121379375454,0.1333333333333333,0.8633333333333333
arguana,test-international-atiahblit-pro01a,4.656827295244788,0.08145676553249354,0.0,0.9433333333333334
arguana,test-international-atiahblit-pro02a,3.120361929092313,0.054514573266108805,0.05000000000000001,0.9500000000000001
arguana,test-international-atiahblit-pro03a,3.9683354266799005,0.06937162578105924,0.09999999999999991,0.9366666666666666
arguana,test-international-atiahblit-pro04a,3.256575672925172,0.05689931785066917,0.03333333333333333,0.8633333333333333
arguana,test-international-bldimehbn-con01a,4.247549092139894,0.0742699305216471,0.06666666666666664,0.89
arguana,test-international-bldimehbn-con02a,3.2534990165290183,0.05684566125273704,0.08333333333333333,0.9366666666666666
arguana,test-international-bldimehbn-con03a,3.917574990340192,0.06848173091808953,0.05000000000000001,0.9166666666666666
arguana,test-international-bldimehbn-pro01a,3.4629066712332857,0.060513070474068266,0.03333333333333333,0.9266666666666667
arguana,test-international-bldimehbn-pro02a,4.277652394026922,0.0747984945774078,0.18333333333333326,0.8366666666666666
arguana,test-international-bldimehbn-pro03a,3.274628760591798,0.057215408732493665,0.11666666666666665,0.9333333333333332
arguana,test-international-bmaggiahbl-con01a,4.084347018769566,0.07140633960564927,0.09999999999999991,0.8966666666666666
arguana,test-international-bmaggiahbl-con02a,5.096095193306302,0.08917904893557227,0.08333333333333326,0.94
arguana,test-international-bmaggiahbl-con03a,4.179436510901298,0.0730746413270632,0.11666666666666659,0.89
arguana,test-international-bmaggiahbl-pro01a,4.4809540746740995,0.07836731274922683,0.04999999999999997,0.91
arguana,test-international-bmaggiahbl-pro02a,5.239118759777666,0.0916967466473579,0.1333333333333333,0.8866666666666667
arguana,test-international-bmaggiahbl-pro03a,4.664910435418711,0.08159922808408733,0.06666666666666664,0.8966666666666666
arguana,test-international-eghrhbeusli-con01a,3.964113402686778,0.06929752975702283,0.0,0.91
arguana,test-international-eghrhbeusli-con02a,3.7410453684713363,0.06538669516642882,0.2166666666666666,0.8333333333333334
arguana,test-international-eghrhbeusli-con03a,4.102727142925371,0.07172894974549607,0.06666666666666664,0.9
arguana,test-international-eghrhbeusli-con04a,3.9849043204373467,0.06966206679741536,0.08333333333333326,0.92
arguana,test-international-eghrhbeusli-con05a,3.6833572189802855,0.06437548001607253,0.0,0.8933333333333334
arguana,test-international-eghrhbeusli-pro01a,5.371805017073044,0.09403162449598308,0.05000000000000001,0.9333333333333332
arguana,test-international-eghrhbeusli-pro02a,5.625889323910336,0.09851429363091783,0.14999999999999994,0.9133333333333334
arguana,test-international-eghrhbeusli-pro03a,3.1628576370919306,0.05525842557350787,0.0,0.9166666666666666
arguana,test-international-eghrhbeusli-pro04a,3.959557658878833,0.06921865791082377,0.11666666666666659,0.9166666666666666
arguana,test-international-eghrhbeusli-pro05a,4.162851654435548,0.07278381039698913,0.016666666666666666,0.9366666666666666
arguana,test-international-ehbfe-con01a,4.171224137121314,0.0729312698046366,0.09999999999999996,0.9066666666666667
arguana,test-international-ehbfe-con02a,3.8128981190224676,0.06664627542098357,0.09999999999999991,0.9
arguana,test-international-ehbfe-con03a,5.122309539969513,0.08964070926109946,0.14999999999999994,0.8833333333333333
arguana,test-international-ehbfe-con04a,4.555320308929898,0.07967418183883027,0.1333333333333333,0.8266666666666667
arguana,test-international-ehbfe-pro01a,4.305662963093998,0.0752901062369346,0.03333333333333333,0.9233333333333333
arguana,test-international-ehbfe-pro02a,3.5670128807161894,0.06233669941624,0.1333333333333333,0.9233333333333333
arguana,test-international-ehbfe-pro03a,4.3597476565749025,0.07623940209547676,0.16666666666666655,0.86
arguana,test-international-ehbfe-pro04a,3.814174692389629,0.06666847070058184,0.08333333333333326,0.9233333333333333
arguana,test-international-ehbfe-pro05a,4.009986659887217,0.07010220984617867,0.05000000000000001,0.88
arguana,test-international-eiahwpamu-con01a,4.029856829730147,0.07045092185338332,0.03333333333333333,0.9033333333333333
arguana,test-international-eiahwpamu-con02a,4.174144036480716,0.07298436512549714,0.05000000000000001,0.91
arguana,test-international-eiahwpamu-con03a,4.034552965038856,0.070536953707536,0.05000000000000001,0.9199999999999999
arguana,test-international-eiahwpamu-pro01a,4.100603070887728,0.07169158260027562,0.08333333333333326,0.9
arguana,test-international-eiahwpamu-pro02a,2.9904131370162617,0.05224036549528436,0.09999999999999991,0.92
arguana,test-international-eiahwpamu-pro03a,3.6270423023071943,0.0633904263377189,0.016666666666666666,0.9366666666666666
arguana,test-international-eiahwpamu-pro04a,3.85165183056913,0.06732549269994094,0.08333333333333326,0.9533333333333333
arguana,test-international-eiahwpamu-pro05a,2.9825590002284486,0.05210254838069276,0.016666666666666666,0.9466666666666667
arguana,test-international-emephsate-con01a,3.0339729567729434,0.05300241708755487,0.08333333333333326,0.9266666666666667
arguana,test-international-emephsate-con02a,3.909187589931133,0.0683347880840301,0.03333333333333333,0.9333333333333332
arguana,test-international-emephsate-con03a,4.030632413744489,0.0704642037550608,0.06666666666666664,0.9766666666666666
arguana,test-international-emephsate-pro01a,3.0466230045628695,0.053223804881175306,0.08333333333333326,0.9133333333333334
arguana,test-international-emephsate-pro02a,3.4492220363385644,0.06027326111992196,0.05000000000000001,0.9566666666666667
arguana,test-international-emephsate-pro03a,3.9728009004923,0.0694498022397359,0.0,0.9633333333333333
arguana,test-international-epdlhfcefp-con01a,4.550326342422589,0.0795859818657239,0.05000000000000001,0.9366666666666666
arguana,test-international-epdlhfcefp-con02a,5.269239452762007,0.09222991516192754,0.09999999999999996,0.9366666666666666
arguana,test-international-epdlhfcefp-con03a,4.8720498622650465,0.08524002383152636,0.03333333333333333,0.8933333333333334
arguana,test-international-epdlhfcefp-pro01a,4.782564322428498,0.08366598437229787,0.05000000000000001,0.9333333333333332
arguana,test-international-epdlhfcefp-pro02a,4.237558123546721,0.07409561425447457,0.05000000000000001,0.9266666666666667
arguana,test-international-epdlhfcefp-pro03a,4.223864722258651,0.0738560433189074,0.016666666666666666,0.94
arguana,test-international-epdlhfcefp-pro04a,3.3393845991432243,0.0583495323856671,0.08333333333333326,0.94
arguana,test-international-epglghbni-con01a,5.693864889623414,0.09970517953236895,0.09999999999999996,0.8733333333333334
arguana,test-international-epglghbni-con02a,4.027463757022422,0.07040885587533309,0.19999999999999987,0.9066666666666667
arguana,test-international-epglghbni-con03a,4.085329395457622,0.07142373422781623,0.09999999999999991,0.8433333333333334
arguana,test-international-epglghbni-pro01a,3.599809706979137,0.06291260446111356,0.1166666666666666,0.86
arguana,test-international-epglghbni-pro02a,5.3283423695492464,0.09326730916897451,0.05000000000000001,0.9266666666666667
arguana,test-international-epglghbni-pro03a,4.598461196586057,0.0804313644766807,0.016666666666666666,0.9333333333333332
arguana,test-international-epglghbni-pro04a,3.925061837202431,0.06861303746700283,0.0,0.8766666666666666
arguana,test-international-epglghbni-pro05a,5.36785329814866,0.0939643854896227,0.11666666666666659,0.8766666666666666
arguana,test-international-epvhwhranet-con01a,3.5345063915816124,0.06176831200718876,0.03333333333333333,0.8933333333333334
arguana,test-international-epvhwhranet-con02a,3.790282022991627,0.0662509128451347,0.11666666666666659,0.94
arguana,test-international-epvhwhranet-con03a,4.307277120641875,0.07531908154487606,0.016666666666666666,0.9066666666666667
arguana,test-international-epvhwhranet-con04a,5.037329925881644,0.08814525355895357,0.11666666666666659,0.87
arguana,test-international-epvhwhranet-pro01a,4.591387850755542,0.08030753086010613,0.016666666666666666,0.93
arguana,test-international-epvhwhranet-pro02a,3.798814371999813,0.06640136366089176,0.05000000000000001,0.9266666666666667
arguana,test-international-epvhwhranet-pro03a,3.5315872309818563,0.061716282119353566,0.19999999999999987,0.8433333333333334
arguana,test-international-ghbunhf-con01a,4.662297379804681,0.08155371248722074,0.06666666666666664,0.8633333333333333
arguana,test-international-ghbunhf-con02a,4.147776860337401,0.07252057393391924,0.09999999999999996,0.8933333333333334
arguana,test-international-ghbunhf-con03a,4.626735806852395,0.08092795560757314,0.1333333333333333,0.9066666666666667
arguana,test-international-ghbunhf-con04a,4.417856377534555,0.07725958774487174,0.06666666666666664,0.93
arguana,test-international-ghbunhf-con05a,4.955626883128712,0.0867113793889681,0.19999999999999996,0.79
arguana,test-international-ghbunhf-pro01a,4.28740487384821,0.0749698802828788,0.09999999999999996,0.8966666666666666
arguana,test-international-ghbunhf-pro02a,4.208981666853526,0.07359412809212997,0.016666666666666666,0.9133333333333334
arguana,test-international-ghbunhf-pro03a,5.2122308950366145,0.09122680624326067,0.06666666666666664,0.9333333333333332
arguana,test-international-ghbunhf-pro04a,3.4385495549617455,0.0600862341622511,0.09999999999999991,0.89
arguana,test-international-ghbunhf-pro05a,5.105689340429852,0.08935089906056716,0.14999999999999994,0.8366666666666666
arguana,test-international-ghwcitca-con01a,4.332704675651676,0.07576462378104525,0.08333333333333326,0.9499999999999998
arguana,test-international-ghwcitca-con02a,3.9076733227483054,0.0683080454667409,0.08333333333333333,0.9666666666666667
arguana,test-international-ghwcitca-con03a,4.561407398896957,0.07978037744760506,0.016666666666666666,0.9499999999999998
arguana,test-international-ghwcitca-pro01a,3.9474884242529957,0.06900597860415769,0.09999999999999991,0.9733333333333333
arguana,test-international-ghwcitca-pro02a,3.3667304755129908,0.05882827689250306,0.03333333333333333,0.92
arguana,test-international-ghwcitca-pro03a,3.752420420154149,0.06558591127395626,0.05000000000000001,0.9433333333333334
arguana,test-international-ghwcitca-pro04a,3.542399087957462,0.0619058323403199,0.05000000000000001,0.9700000000000001
arguana,test-international-glilpdwhsn-con01a,7.001205915902138e-06,1.2219409484259813e-07,0.0,0.9566666666666667
arguana,test-international-glilpdwhsn-con02a,1.161982829548383e-06,2.028042622725934e-08,0.03333333333333333,0.9633333333333333
arguana,test-international-glilpdwhsn-con03a,6.67112153906162e-06,1.1643303565733733e-07,0.016666666666666666,0.9866666666666667
arguana,test-international-glilpdwhsn-con04a,5.960769308392176,0.10441485792398451,0.0,0.91
arguana,test-international-glilpdwhsn-pro01a,1.0646357705238912e-06,1.85813995301487e-08,0.0,0.9766666666666666
arguana,test-international-glilpdwhsn-pro02a,1.3282266060828631e-06,2.3181927488735713e-08,0.0,0.9766666666666666
arguana,test-international-glilpdwhsn-pro03a,9.527766292654429e-07,1.6629089216735338e-08,0.0,0.9700000000000001
arguana,test-international-gmehbisrip1b-con01a,1.139261252237257e-06,1.9883859891933753e-08,0.016666666666666666,0.9833333333333334
arguana,test-international-gmehbisrip1b-con02a,6.5538764210611456e-06,1.1438672231633973e-07,0.03333333333333333,0.9733333333333333
arguana,test-international-gmehbisrip1b-con03a,3.3823509275454398,0.0591020695865154,0.03333333333333333,0.9733333333333333
arguana,test-international-gmehbisrip1b-pro01a,6.280819745881393e-06,1.096209842899043e-07,0.0,0.9833333333333334
arguana,test-international-gmehbisrip1b-pro02a,3.1600376924676277,0.05520906796058014,0.016666666666666666,0.9733333333333333
arguana,test-international-gmehbisrip1b-pro03a,6.4011275599290555e-06,1.1172075176091313e-07,0.0,0.9966666666666667
arguana,test-international-gmehwasr-con01a,4.574267154989898,0.08000639081001276,0.06666666666666664,0.9033333333333333
arguana,test-international-gmehwasr-con02a,4.678058140173909,0.08183041463295614,0.0,0.8666666666666667
arguana,test-international-gmehwasr-con03a,3.8722983210165087,0.06768752137819924,0.06666666666666664,0.9266666666666667
arguana,test-international-gmehwasr-con04a,4.8933739013011985,0.08561456948518749,0.08333333333333326,0.9033333333333333
arguana,test-international-gmehwasr-con05a,5.485565830385386,0.09603637208541231,0.05000000000000001,0.8266666666666667
arguana,test-international-gmehwasr-pro01a,5.211700934914283,0.09121320396661753,0.09999999999999991,0.9066666666666667
arguana,test-international-gmehwasr-pro02a,4.641719253122728,0.08119544635216393,0.06666666666666664,0.8433333333333333
arguana,test-international-gmehwasr-pro03a,5.419564952953084,0.09487281243006383,0.03333333333333333,0.9066666666666667
arguana,test-international-gmehwasr-pro04a,4.50667338163026,0.07881892472505567,0.04999999999999997,0.9333333333333332
arguana,test-international-gmehwasr-pro05a,4.468640464537054,0.07815123597780856,0.03333333333333333,0.93
arguana,test-international-gpdwhwcusa-con01a,3.911244298526561,0.0683705608050028,0.05000000000000001,0.8933333333333334
arguana,test-international-gpdwhwcusa-con02a,3.0750980467771334,0.053722340613603564,0.15,0.9
arguana,test-international-gpdwhwcusa-con03a,3.374532992703615,0.05896521359682077,0.03333333333333333,0.9133333333333334
arguana,test-international-gpdwhwcusa-con04a,4.781214473428853,0.08364262680212649,0.08333333333333326,0.8933333333333334
arguana,test-international-gpdwhwcusa-con05a,4.772454714841207,0.08348875492811196,0.08333333333333326,0.91
arguana,test-international-gpdwhwcusa-pro01a,3.499354047121832,0.061151595165332105,0.0333333333333333,0.9066666666666666
arguana,test-international-gpdwhwcusa-pro02a,3.088130392325413,0.0539504140615463,0.0,0.96
arguana,test-international-gpdwhwcusa-pro03a,4.519543283648712,0.07904573778311406,0.0,0.9
arguana,test-international-gpsmhbsosb-con01a,3.7515235616233427,0.06557032962640123,0.15,0.9033333333333333
arguana,test-international-gpsmhbsosb-con02a,1.7376108113521288e-06,3.0327029776344716e-08,0.016666666666666666,0.9266666666666667
arguana,test-international-gpsmhbsosb-con03a,2.9324763852162867,0.05122613037625947,0.0,0.9733333333333333
arguana,test-international-gpsmhbsosb-pro01a,2.5171228191671586,0.04396047318975127,0.05000000000000001,0.9499999999999998
arguana,test-international-gpsmhbsosb-pro02a,8.991865728821532e-07,1.569376628651753e-08,0.0,0.9433333333333334
arguana,test-international-gpsmhbsosb-pro03a,3.6369199242037467,0.06356188406546907,0.0,0.89
arguana,test-international-gsciidffe-con01a,4.513704163670268,0.0789429148038228,0.06666666666666664,0.9166666666666666
arguana,test-international-gsciidffe-con02a,3.8765239623121697,0.06776178628206249,0.06666666666666664,0.98
arguana,test-international-gsciidffe-con03a,3.798007281422929,0.06638502081235247,0.05000000000000001,0.8766666666666666
arguana,test-international-gsciidffe-con04a,3.079521088734333,0.05379970495899513,0.09999999999999991,0.9566666666666667
arguana,test-international-gsciidffe-pro01a,4.49809853602796,0.07866888990004857,0.05000000000000001,0.9166666666666666
arguana,test-international-gsciidffe-pro02a,4.214560676058148,0.07369103034337357,0.08333333333333326,0.9366666666666666
arguana,test-international-gsciidffe-pro03a,4.085669276894109,0.07143119474252059,0.06666666666666664,0.8866666666666667
arguana,test-international-gsciidffe-pro04a,4.074578131437094,0.0712351153294245,0.09999999999999996,0.92
arguana,test-international-iiahwagit-con01a,5.087654338797353,0.08903063585360839,0.31666666666666665,0.8433333333333333
arguana,test-international-iiahwagit-con02a,3.7441270649482075,0.06544079879919684,0.016666666666666666,0.9633333333333333
arguana,test-international-iiahwagit-con03a,3.7474983006226594,0.06549995392560957,0.05000000000000001,0.9266666666666667
arguana,test-international-iiahwagit-con04a,4.058865123069477,0.07095930973688754,0.0,0.8566666666666666
arguana,test-international-iiahwagit-pro01a,3.940061954615269,0.06887579709291453,0.05000000000000001,0.9
arguana,test-international-iiahwagit-pro02a,5.03972480244469,0.08818808943033213,0.08333333333333326,0.8066666666666666
arguana,test-international-iiahwagit-pro03a,3.8397833688858363,0.06711766868829727,0.05000000000000001,0.92
arguana,test-international-iiahwagit-pro04a,3.9670597129969214,0.06934980551401766,0.04999999999999997,0.9266666666666667
arguana,test-international-iiahwagit-pro05a,4.114691696215146,0.07193882018327709,0.04999999999999997,0.8433333333333334
arguana,test-international-iighbopcc-con01a,5.1652876261308585,0.09039801359176634,0.16666666666666663,0.7799999999999999
arguana,test-international-iighbopcc-con02a,4.513429861478231,0.07893781363964077,0.11666666666666659,0.8766666666666666
arguana,test-international-iighbopcc-con03a,4.941574973346786,0.08646258711814876,0.08333333333333326,0.96
arguana,test-international-iighbopcc-pro01a,5.652024145173502,0.0989720225334167,0.21666666666666667,0.9366666666666666
arguana,test-international-iighbopcc-pro02a,4.2174579844096565,0.07374427715937293,0.09999999999999996,0.8566666666666666
arguana,test-international-iighbopcc-pro03a,4.821268179686342,0.08434632172187163,0.03333333333333333,0.8133333333333334
arguana,test-international-ipecfiepg-con01a,3.4275410165221163,0.0598934056858221,0.0,0.94
arguana,test-international-ipecfiepg-con02a,4.215620694805001,0.07370962699254353,0.016666666666666666,0.9133333333333334
arguana,test-international-ipecfiepg-con03a,3.5401169750404775,0.061865462611118895,0.05000000000000001,0.9266666666666667
arguana,test-international-ipecfiepg-con04a,3.2465901349493804,0.0567246389885743,0.0,0.94
arguana,test-international-ipecfiepg-pro01a,4.061719212879647,0.07100939502318697,0.14999999999999994,0.9133333333333334
arguana,test-international-ipecfiepg-pro02a,3.2272644939950443,0.0563861193756262,0.0,0.93
arguana,test-international-ipecfiepg-pro03a,4.813546908016075,0.08421065409978223,0.05000000000000001,0.9566666666666667
arguana,test-international-iwiaghbss-con01a,5.105342226797138,0.08934255937735232,0.19999999999999987,0.8366666666666666
arguana,test-international-iwiaghbss-con02a,4.1391117628951415,0.0723670646548271,0.15,0.8366666666666666
arguana,test-international-iwiaghbss-con03a,4.211875664250549,0.07364406188329056,0.06666666666666664,0.89
arguana,test-international-iwiaghbss-pro01a,4.2761602869522335,0.0747731601198514,0.16666666666666663,0.7999999999999999
arguana,test-international-iwiaghbss-pro02a,3.89062080758573,0.06800936162471764,0.11666666666666659,0.8266666666666667
arguana,test-international-iwiaghbss-pro03a,4.537429366298915,0.07935969283183414,0.08333333333333326,0.9499999999999998
arguana,test-international-iwiaghbss-pro04a,4.336627374065682,0.07583331813414887,0.09999999999999996,0.9133333333333334
arguana,test-international-miasimyhw-con01a,4.490342668261497,0.0785376379887263,0.08333333333333333,0.9133333333333334
arguana,test-international-miasimyhw-con02a,3.7643898399971802,0.06579631070295967,0.0,0.9199999999999999
arguana,test-international-miasimyhw-con03a,3.7254487325340944,0.0651133706172307,0.09999999999999998,0.9133333333333334
arguana,test-international-miasimyhw-pro01a,3.3865597325263153,0.0591758179167906,0.03333333333333333,0.9500000000000001
arguana,test-international-miasimyhw-pro02a,2.8009829918464155,0.048925366252660696,0.0,0.9433333333333334
arguana,test-international-miasimyhw-pro03a,3.8637661783350428,0.06753789633512493,0.04999999999999997,0.84
arguana,test-international-miasimyhw-pro04a,3.496955565191193,0.0611098781228065,0.08333333333333326,0.9
arguana,test-international-miasimyhw-pro05a,3.9651231458003195,0.06931733340024947,0.18333333333333326,0.9199999999999999
arguana,test-international-segiahbarr-con01a,4.808011294232119,0.08411373446385063,0.06666666666666664,0.8633333333333333
arguana,test-international-segiahbarr-con02a,3.819635540010047,0.06676574423909183,0.16666666666666663,0.8766666666666666
arguana,test-international-segiahbarr-con03a,4.549832289391597,0.07957691947619112,0.09999999999999996,0.9366666666666666
arguana,test-international-segiahbarr-con04a,3.245893200752327,0.0567122188707192,0.11666666666666659,0.91
arguana,test-international-segiahbarr-pro01a,3.5991024183307965,0.0628990419209003,0.06666666666666664,0.9566666666666667
arguana,test-international-segiahbarr-pro02a,3.8840689497880323,0.06789384782314296,0.09999999999999991,0.89
arguana,test-international-segiahbarr-pro03a,3.7095039205124944,0.06483367333809532,0.0833333333333333,0.9
arguana,test-international-segiahbarr-pro04a,4.340010035921204,0.07589269677797947,0.08333333333333326,0.9266666666666667
arguana,test-international-sepiahbaaw-con01a,5.041450238762148,0.0882181997100512,0.05000000000000001,0.9366666666666666
arguana,test-international-sepiahbaaw-con02a,4.514423688417125,0.07895516852537787,0.16666666666666663,0.9066666666666667
arguana,test-international-sepiahbaaw-con03a,4.500166194801812,0.07870543251434957,0.1333333333333333,0.93
arguana,test-international-sepiahbaaw-pro01a,3.1692177201029925,0.055369860182205764,0.05000000000000001,0.9499999999999998
arguana,test-international-sepiahbaaw-pro02a,4.168481795324637,0.0728825082381566,0.05000000000000001,0.9
arguana,test-international-sepiahbaaw-pro03a,3.419082465159484,0.05974552407860753,0.03333333333333333,0.9199999999999999
arguana,test-international-sepiahbaaw-pro04a,4.5624148156480935,0.07979805270830787,0.09999999999999991,0.9033333333333333
arguana,test-international-siacphbnt-con01a,3.0620921058739854,0.0534945962329705,0.03333333333333333,0.8966666666666666
arguana,test-international-siacphbnt-con02a,4.322805360458265,0.07559373229742046,0.08333333333333326,0.8933333333333334
arguana,test-international-siacphbnt-con03a,4.559702570052038,0.07975065956513083,0.14999999999999994,0.8633333333333333
arguana,test-international-siacphbnt-con04a,3.80135950185332,0.06644391020139052,0.16666666666666663,0.8566666666666666
arguana,test-international-siacphbnt-pro01a,3.013986731228103,0.0526528197030226,0.0,0.92
arguana,test-international-siacphbnt-pro02a,2.7761359496454125,0.04849068323771153,0.05000000000000001,0.9400000000000001
arguana,test-international-siacphbnt-pro03a,4.670783513186279,0.08170194427172338,0.11666666666666659,0.87
arguana,test-international-siacphbnt-pro04a,4.934391901890453,0.0863364810744921,0.0833333333333333,0.8933333333333334
arguana,test-international-siacphbnt-pro05a,3.0174855016526707,0.052713823815186765,0.0333333333333333,0.9466666666666667
arguana,test-international-ssiarcmhb-con01a,6.518883377938448,0.1142696738243103,0.016666666666666666,0.9533333333333333
arguana,test-international-ssiarcmhb-con02a,3.4149839421242127,0.059673953801393474,0.04999999999999997,0.8433333333333333
arguana,test-international-ssiarcmhb-con03a,3.334114796907361,0.058257345110177966,0.0,0.8466666666666667
arguana,test-international-ssiarcmhb-con04a,5.1305822737297895,0.08978690207004543,0.05000000000000001,0.9166666666666666
arguana,test-international-ssiarcmhb-con05a,3.574332861475783,0.06246495371063543,0.14999999999999994,0.8966666666666666
arguana,test-international-ssiarcmhb-pro01a,4.160794858876183,0.07274967680374778,0.016666666666666666,0.9666666666666667
arguana,test-international-ssiarcmhb-pro02a,3.522377722026608,0.061557133992513,0.05000000000000001,0.83
arguana,test-international-ssiarcmhb-pro03a,2.5023286621280967,0.043701679756244005,0.03333333333333333,0.9233333333333333
arguana,test-international-ssiarcmhb-pro04a,4.680632906784891,0.08187739799420034,0.11666666666666659,0.9500000000000001
arguana,test-international-ssiarcmhb-pro05a,3.8327520422529475,0.06699450314044951,0.05000000000000001,0.86
arguana,test-law-cpilhbishioe-con01a,4.516502999252725,0.0789937774340311,0.05000000000000001,0.88
arguana,test-law-cpilhbishioe-con02a,5.265271761667726,0.09215592096249257,0.016666666666666666,0.94
arguana,test-law-cpilhbishioe-con03a,4.199089283317725,0.07341957588990523,0.06666666666666664,0.9733333333333333
arguana,test-law-cpilhbishioe-con04a,4.936940581234362,0.08637978136539452,0.06666666666666664,0.92
arguana,test-law-cpilhbishioe-pro01a,3.9793352623443834,0.06956441700458522,0.06666666666666664,0.9499999999999998
arguana,test-law-cpilhbishioe-pro02a,4.006511161876781,0.0700411697228749,0.11666666666666659,0.9633333333333333
arguana,test-law-cpilhbishioe-pro03a,4.649188819233777,0.08132389684518172,0.2166666666666666,0.9266666666666667
arguana,test-law-cpilhbishioe-pro04a,3.8587836821157224,0.06745066245396926,0.08333333333333326,0.88
arguana,test-law-cplglghwbhwd-con01a,3.67779102814222,0.06427843372027074,0.11666666666666659,0.9033333333333333
arguana,test-law-cplglghwbhwd-con02a,3.118659972359628,0.054484738657871866,0.08333333333333326,0.9499999999999998
arguana,test-law-cplglghwbhwd-con03a,2.8971922575384226,0.05060912792881326,0.05000000000000001,0.94
arguana,test-law-cplglghwbhwd-pro01a,3.5544781934891354,0.0621172562241554,0.09999999999999991,0.9433333333333334
arguana,test-law-cplglghwbhwd-pro02a,4.2326841220551605,0.07400910059610998,0.08333333333333326,0.8933333333333334
arguana,test-law-cplglghwbhwd-pro03a,3.5947364663959536,0.0628225095570087,0.03333333333333333,0.9166666666666666
arguana,test-law-cplgpshwdp-con01a,3.876698245129712,0.06776459266742067,0.08333333333333326,0.9366666666666666
arguana,test-law-cplgpshwdp-con02a,4.031033134005373,0.07047140101591741,0.016666666666666666,0.9466666666666667
arguana,test-law-cplgpshwdp-con03a,4.5233799715448155,0.0791124602158864,0.0,0.9366666666666666
arguana,test-law-cplgpshwdp-con04a,4.0709115702235,0.07117244849602376,0.09999999999999996,0.9233333333333333
arguana,test-law-cplgpshwdp-pro01a,3.0353026938828314,0.0530257125695546,0.08333333333333326,0.9566666666666667
arguana,test-law-cplgpshwdp-pro02a,3.45904957857057,0.06044532482822731,0.0,0.96
arguana,test-law-cplgpshwdp-pro03a,3.707739793577824,0.06480299433072402,0.0,0.92
arguana,test-law-cplgpshwdp-pro04a,3.7006635771835157,0.06467880805333454,0.0333333333333333,0.93
arguana,test-law-cplgpshwdp-pro05a,5.456417471521621,0.09552252044280367,0.09999999999999991,0.92
arguana,test-law-cppshbcjsfm-con01a,3.5330965350060595,0.061742843439181565,0.0,0.9566666666666667
arguana,test-law-cppshbcjsfm-con02a,3.9930289996720076,0.06980460137128823,0.016666666666666666,0.9166666666666666
arguana,test-law-cppshbcjsfm-con03a,3.8209760210241215,0.0667879407604535,0.06666666666666664,0.9233333333333333
arguana,test-law-cppshbcjsfm-con04a,4.633377882973466,0.0810449322064717,0.05000000000000001,0.91
arguana,test-law-cppshbcjsfm-pro01a,3.0165436719321135,0.052697443713744435,0.0,0.9733333333333333
arguana,test-law-cppshbcjsfm-pro02a,3.143189029486417,0.054914178947607604,0.0,0.9633333333333333
arguana,test-law-hrilpgwhwr-con01a,3.512368064730712,0.061379306018352474,0.05000000000000001,0.96
arguana,test-law-hrilpgwhwr-con02a,5.719480145586715,0.10015887022018431,0.09999999999999996,0.84
arguana,test-law-hrilpgwhwr-con03a,3.8538849941357882,0.06736465791861214,0.05000000000000001,0.89
arguana,test-law-hrilpgwhwr-con04a,3.5574439661734796,0.062172466268142025,0.049999999999999996,0.91
arguana,test-law-hrilpgwhwr-con05a,5.763937950341671,0.10094441721836724,0.15,0.91
arguana,test-law-hrilpgwhwr-pro01a,4.187090955562493,0.073208933075269,0.16666666666666663,0.9533333333333333
arguana,test-law-hrilpgwhwr-pro02a,3.745808955895537,0.06547034035126363,0.1333333333333333,0.92
arguana,test-law-hrilpgwhwr-pro03a,4.199691781791489,0.07343382388353344,0.016666666666666666,0.8966666666666666
arguana,test-law-hrpepthwuto-con01a,4.461609013889838,0.0780277128020922,0.21666666666666665,0.8466666666666667
arguana,test-law-hrpepthwuto-con02a,4.846120029452254,0.08478471636772154,0.11666666666666659,0.8466666666666667
arguana,test-law-hrpepthwuto-con03a,6.933680000033086,0.1216106042265892,0.1333333333333333,0.83
arguana,test-law-hrpepthwuto-pro01a,3.9124469576736693,0.06839212526877717,0.24999999999999997,0.81
arguana,test-law-hrpepthwuto-pro02a,4.346120632606747,0.07600585619608557,0.1333333333333333,0.7966666666666667
arguana,test-law-hrpepthwuto-pro03a,4.742443451973972,0.0829641968011856,0.11666666666666659,0.7933333333333333
arguana,test-law-ilppppghb-con01a,3.521288758214176,0.0615361096958319,0.09999999999999996,0.9199999999999999
arguana,test-law-ilppppghb-con02a,4.5667659888015955,0.07987437893946964,0.16666666666666655,0.8833333333333333
arguana,test-law-ilppppghb-con03a,3.6551800980346614,0.06388272841771436,0.18333333333333326,0.9066666666666667
arguana,test-law-ilppppghb-pro01a,3.7856421917770575,0.06616834054390587,0.09999999999999991,0.8866666666666667
arguana,test-law-ilppppghb-pro02a,4.222622804843402,0.0738350003957748,0.016666666666666666,0.9499999999999998
arguana,test-law-ilppppghb-pro03a,4.593667305985561,0.08034719526767727,0.016666666666666666,0.9633333333333333
arguana,test-law-ilppppghb-pro04a,3.401056364123407,0.0594294952849547,0.05000000000000001,0.9566666666666667
arguana,test-law-lghbacpsba-con01a,6.035024036237096,0.10573072979847586,0.3333333333333333,0.8300000000000001
arguana,test-law-lghbacpsba-con02a,5.504512891571269,0.09636929134527837,0.03333333333333333,0.8633333333333333
arguana,test-law-lghbacpsba-con03a,4.524857212662092,0.07913832366466517,0.05000000000000001,0.8766666666666666
arguana,test-law-lghbacpsba-pro01a,2.9427320549340714,0.05140557388464603,0.05000000000000001,0.9033333333333333
arguana,test-law-lghbacpsba-pro02a,4.294615056453478,0.0750959714253743,0.1333333333333333,0.9066666666666667
arguana,test-law-lghbacpsba-pro03a,3.5947558365927246,0.06282404313484823,0.08333333333333326,0.85
arguana,test-law-lghbacpsba-pro04a,4.721871704148151,0.08260122189919146,0.0,0.91
arguana,test-law-lghbacpsba-pro05a,3.800241115192668,0.06642470260461165,0.05000000000000001,0.8933333333333334
arguana,test-law-lghwpcctcc-con01a,3.7882342534367566,0.06621385862429933,0.06666666666666664,0.8866666666666667
arguana,test-law-lghwpcctcc-con02a,4.342199239946989,0.07593120386203127,0.06666666666666664,0.9033333333333333
arguana,test-law-lghwpcctcc-con03a,3.484522864397471,0.060891489187876326,0.16666666666666663,0.89
arguana,test-law-lghwpcctcc-con04a,3.7272657300523733,0.06514526531100269,0.09999999999999991,0.9066666666666666
arguana,test-law-lghwpcctcc-pro01a,3.9740155965505157,0.06947242965300872,0.1333333333333333,0.8433333333333333
arguana,test-law-lghwpcctcc-pro02a,3.602102105230563,0.0629519013067086,0.11666666666666659,0.9633333333333333
arguana,test-law-lghwpcctcc-pro03a,3.9332849282086926,0.0687589546044667,0.0666666666666666,0.8266666666666667
arguana,test-law-lgplhbssbco-con01a,5.89382645830563,0.10323512802521384,0.14999999999999994,0.7866666666666667
arguana,test-law-lgplhbssbco-con02a,6.699452284265597,0.11746679743131,0.26666666666666666,0.8733333333333334
arguana,test-law-lgplhbssbco-con03a,4.182971112582182,0.07313847790161764,0.05000000000000001,0.88
arguana,test-law-lgplhbssbco-pro01a,4.641067756366592,0.0811795741319656,0.11666666666666659,0.8933333333333334
arguana,test-law-lgplhbssbco-pro02a,5.437244572712324,0.0951930334170659,0.3333333333333333,0.7933333333333333
arguana,test-law-lgplhbssbco-pro03a,3.6138033802603555,0.063156542678674,0.09999999999999996,0.9366666666666666
arguana,test-law-lgplhbssbco-pro04a,4.9788568968661115,0.0871204336484273,0.16666666666666663,0.8533333333333334
arguana,test-law-phwmfri-con01a,3.410254053004658,0.059590982894102695,0.08333333333333326,0.9166666666666666
arguana,test-law-phwmfri-con02a,3.9804540598791793,0.06958418339490886,0.1333333333333333,0.79
arguana,test-law-phwmfri-con03a,4.993640822826488,0.08737759043773013,0.1333333333333333,0.8266666666666667
arguana,test-law-phwmfri-pro01a,3.408087602311715,0.05955290546019867,0.05000000000000001,0.9066666666666667
arguana,test-law-phwmfri-pro02a,5.296167658443625,0.09270018835862474,0.06666666666666664,0.8733333333333334
arguana,test-law-phwmfri-pro03a,3.1733956724834402,0.0554431267082691,0.18333333333333326,0.8866666666666667
arguana,test-law-ralhrilglv-con01a,3.6273343289330313,0.06339388589064274,0.08333333333333326,0.8766666666666666
arguana,test-law-ralhrilglv-con02a,6.947545783743862,0.12186967333157854,0.2333333333333333,0.8766666666666666
arguana,test-law-ralhrilglv-con03a,6.021753333044875,0.10549288988113399,0.06666666666666664,0.8533333333333334
arguana,test-law-ralhrilglv-con04a,4.4141974169021045,0.07719590018192923,0.1333333333333333,0.9333333333333332
arguana,test-law-ralhrilglv-pro01a,5.0941396086432755,0.08914645016193383,0.1333333333333333,0.9033333333333333
arguana,test-law-ralhrilglv-pro02a,4.632895993566705,0.08103856692711507,0.11666666666666659,0.8933333333333334
arguana,test-law-ralhrilglv-pro03a,4.1738760503452,0.07297837734222407,0.2666666666666666,0.84
arguana,test-law-rmelhrilhbiw-con01a,3.341170478446911,0.0583812035620212,0.016666666666666666,0.9733333333333333
arguana,test-law-rmelhrilhbiw-con02a,3.502810880998999,0.06121203303337094,0.05000000000000001,0.9899999999999999
arguana,test-law-rmelhrilhbiw-con03a,3.798255389000707,0.0663893620173136,0.03333333333333333,0.98
arguana,test-law-rmelhrilhbiw-con04a,3.2228012685783676,0.056307925532261466,0.03333333333333333,0.9566666666666667
arguana,test-law-rmelhrilhbiw-pro01a,4.861778432815564,0.08506029347578685,0.05000000000000001,0.96
arguana,test-law-rmelhrilhbiw-pro02a,3.578521481530359,0.06253860269983604,0.016666666666666666,0.9833333333333334
arguana,test-law-rmelhrilhbiw-pro03a,4.841796634094621,0.08471245815356566,0.15,0.9733333333333333
arguana,test-law-rmelhrilhbiw-pro04a,3.686227142728209,0.06442595769961669,0.05000000000000001,0.9666666666666667
arguana,test-law-sdfclhrppph-con01a,4.941828661792354,0.08646828184525167,0.06666666666666664,0.8666666666666667
arguana,test-law-sdfclhrppph-con02a,4.118417253570431,0.0720047503709793,0.08333333333333326,0.8866666666666667
arguana,test-law-sdfclhrppph-pro01a,5.812028815085672,0.10178846369187033,0.0666666666666666,0.8566666666666666
arguana,test-law-sdfclhrppph-pro02a,5.363558054587913,0.09388781835635496,0.1333333333333333,0.7866666666666667
arguana,test-law-sdfclhrppph-pro03a,4.015091044892851,0.07019260774056109,0.18333333333333335,0.86
arguana,test-law-sdfclhrppph-pro04a,4.044306537294269,0.07070449491341907,0.16666666666666663,0.85
arguana,test-law-sdiflhrdffe-con01a,3.9874310089147595,0.06970721234877901,0.09999999999999991,0.8733333333333334
arguana,test-law-sdiflhrdffe-con02a,2.917669939063945,0.05096709728240959,0.08333333333333326,0.9066666666666667
arguana,test-law-sdiflhrdffe-con03a,3.665896148555358,0.06406947473684943,0.15,0.9266666666666667
arguana,test-law-sdiflhrdffe-con04a,4.415462644672769,0.07721820473670954,0.15,0.8733333333333334
arguana,test-law-sdiflhrdffe-pro01a,3.451773985449092,0.060317965845266906,0.04999999999999997,0.9233333333333333
arguana,test-law-sdiflhrdffe-pro02a,2.936935592254386,0.0513041826585928,0.09999999999999991,0.9133333333333334
arguana,test-law-sdiflhrdffe-pro03a,3.2537555961672453,0.056850134084622,0.03333333333333333,0.9133333333333334
arguana,test-law-tahglcphsld-con01a,4.409698666052548,0.07711719969908391,0.06666666666666664,0.9233333333333333
arguana,test-law-tahglcphsld-con02a,5.2168055944090925,0.09130326161781939,0.03333333333333333,0.9366666666666666
arguana,test-law-tahglcphsld-con03a,5.1982483796052845,0.09097843865553536,0.1333333333333333,0.9033333333333333
arguana,test-law-tahglcphsld-pro01a,5.271036657554098,0.0922609393795331,0.11666666666666659,0.8766666666666666
arguana,test-law-tahglcphsld-pro02a,5.63790944645222,0.0987189536293347,0.05000000000000001,0.93
arguana,test-law-tahglcphsld-pro03a,4.152576600308173,0.072603332499663,0.11666666666666659,0.9433333333333334
arguana,test-law-tahglcphsld-pro04a,5.684375932604776,0.0995392377177874,0.08333333333333333,0.8966666666666666
arguana,test-law-tahglcphsld-pro05a,4.053149580819279,0.07086051255464552,0.08333333333333326,0.9266666666666667
arguana,test-law-tahglcphsld-pro06a,5.308408106291716,0.09292078763246532,0.1333333333333333,0.86
arguana,test-law-tahglcphsld-pro07a,4.209178819473483,0.0735966712236404,0.14999999999999994,0.9066666666666666
arguana,test-law-thgglcplgphw-con01a,3.2504791076298436,0.05679337431987123,0.0,0.9333333333333332
arguana,test-law-thgglcplgphw-con02a,3.230211505605892,0.0564376475910345,0.016666666666666666,0.94
arguana,test-law-thgglcplgphw-con03a,3.4326828140007297,0.059984351197878434,0.03333333333333333,0.8766666666666666
arguana,test-law-thgglcplgphw-pro01a,3.117000365357908,0.054455651591221434,0.04999999999999997,0.91
arguana,test-law-thgglcplgphw-pro02a,2.6932838104120975,0.047041398783524806,0.11666666666666659,0.8466666666666667
arguana,test-law-thgglcplgphw-pro03a,2.743068097183461,0.04791218911608056,0.05000000000000001,0.9266666666666666
arguana,test-law-tlcplghwfne-con01a,3.9731759592866696,0.0694564506411552,0.016666666666666666,0.9266666666666666
arguana,test-law-tlcplghwfne-con02a,3.8139818164095196,0.06666588659087813,0.05000000000000001,0.9666666666666667
arguana,test-law-tlcplghwfne-con03a,3.5674920460767456,0.0623451520999272,0.03333333333333333,0.9233333333333333
arguana,test-law-tlcplghwfne-pro01a,3.0153078665675324,0.05267573893070213,0.0,0.96
arguana,test-law-tlcplghwfne-pro02a,3.710802043697667,0.06485651681820546,0.05000000000000001,0.8966666666666666
arguana,test-law-tlcplghwfne-pro03a,4.432425748776062,0.07751518736282977,0.016666666666666666,0.9466666666666667
arguana,test-law-umtlilhotac-con01a,4.132710999941142,0.07225613792737319,0.1333333333333333,0.89
arguana,test-law-umtlilhotac-con02a,4.536334668092629,0.07934225847323734,0.06666666666666667,0.9566666666666667
arguana,test-law-umtlilhotac-con03a,4.129790733118056,0.0722037032246589,0.18333333333333326,0.88
arguana,test-law-umtlilhotac-pro01a,3.578820909379066,0.06254387895266213,0.03333333333333333,0.9499999999999998
arguana,test-law-umtlilhotac-pro02a,4.010628232471437,0.07011361171801879,0.11666666666666665,0.9133333333333334
arguana,test-law-umtlilhotac-pro03a,4.991756281924932,0.08734422425429018,0.09999999999999991,0.93
arguana,test-philosophy-apessghwba-con01a,3.750361351464113,0.0655510748426119,0.03333333333333333,0.96
arguana,test-philosophy-apessghwba-con02a,4.6577859201079646,0.0814748754103978,0.0,0.9533333333333333
arguana,test-philosophy-apessghwba-con03a,2.5752880293399554,0.04497758671641346,0.03333333333333333,0.9500000000000001
arguana,test-philosophy-apessghwba-con04a,2.8225237646540706,0.04930235321323073,0.08333333333333326,0.9233333333333333
arguana,test-philosophy-apessghwba-con05a,4.01166888484017,0.07013153036435439,0.08333333333333326,0.9866666666666667
arguana,test-philosophy-apessghwba-pro01a,3.633409939959183,0.06350020567576087,0.05000000000000001,0.96
arguana,test-philosophy-apessghwba-pro02a,3.5452219547704416,0.06195498878757157,0.03333333333333333,0.9966666666666667
arguana,test-philosophy-apessghwba-pro03a,3.1348928932092335,0.054769369463125835,0.11666666666666659,0.9733333333333333
arguana,test-philosophy-apessghwba-pro04a,4.581045323943516,0.08012594530979787,0.05000000000000001,0.94
arguana,test-philosophy-apessghwba-pro05a,4.5040233049880625,0.07877241820096964,0.09999999999999991,0.9766666666666666
arguana,test-philosophy-elhbrd-con01a,3.8107978140096694,0.0666092510024706,0.18333333333333326,0.8733333333333334
arguana,test-philosophy-elhbrd-con02a,4.782062211701008,0.08365750561157857,0.18333333333333326,0.8433333333333333
arguana,test-philosophy-elhbrd-con03a,4.4615037508016675,0.07802583773930864,0.08333333333333326,0.9199999999999999
arguana,test-philosophy-elhbrd-con04a,3.8466223043454044,0.06723765532175692,0.016666666666666666,0.9133333333333334
arguana,test-philosophy-elhbrd-pro01a,4.092626707500554,0.07155668735504146,0.05000000000000001,0.9033333333333333
arguana,test-philosophy-elhbrd-pro02a,3.69190711297775,0.06452527642250057,0.16666666666666663,0.9266666666666667
arguana,test-philosophy-elhbrd-pro03a,4.28900024720321,0.0749979491035143,0.18333333333333326,0.9066666666666667
arguana,test-philosophy-elkosmj-con01a,5.812027098919285,0.10181942830483114,0.1333333333333333,0.8366666666666666
arguana,test-philosophy-elkosmj-con02a,6.569477697895008,0.11516987780729926,0.2333333333333333,0.84
arguana,test-philosophy-elkosmj-con03a,6.554658228219114,0.11490522573391593,0.16666666666666663,0.8666666666666667
arguana,test-philosophy-elkosmj-con04a,5.532971934561406,0.09687582155068714,0.1333333333333333,0.91
arguana,test-philosophy-elkosmj-con05a,4.9495883175121165,0.08660279462734853,0.11666666666666659,0.8866666666666667
arguana,test-philosophy-elkosmj-con06a,6.508407580645073,0.11409943550825118,0.16666666666666655,0.8933333333333334
arguana,test-philosophy-elkosmj-pro01a,5.844146765017743,0.10246749967336653,0.19999999999999996,0.8733333333333334
arguana,test-philosophy-elkosmj-pro02a,4.054641466398245,0.07088529318571087,0.05000000000000001,0.94
arguana,test-philosophy-elkosmj-pro03a,3.865771993434121,0.0675740167498588,0.11666666666666665,0.91
arguana,test-philosophy-eppphwlrtjs-con01a,4.425719345304409,0.07739903777837749,0.05000000000000001,0.91
arguana,test-philosophy-eppphwlrtjs-con02a,4.041005198103707,0.0706461022297541,0.016666666666666666,0.9400000000000001
arguana,test-philosophy-eppphwlrtjs-con03a,4.105547657322647,0.07177823285261783,0.05000000000000001,0.94
arguana,test-philosophy-eppphwlrtjs-con04a,4.831718233685731,0.08453145623207087,0.11666666666666659,0.85
arguana,test-philosophy-eppphwlrtjs-pro01a,4.193364155865029,0.0733192438880602,0.05000000000000001,0.93
arguana,test-philosophy-eppphwlrtjs-pro02a,3.936744847741758,0.06881817181905107,0.0,0.9333333333333332
arguana,test-philosophy-eppphwlrtjs-pro03a,4.565281908660112,0.07984828203916543,0.0,0.9400000000000001
arguana,test-philosophy-eppphwlrtjs-pro04a,3.7426745647253035,0.06541533023118971,0.016666666666666666,0.9499999999999998
arguana,test-philosophy-eppphwlrtjs-pro05a,3.3709054409631674,0.058901404341061864,0.016666666666666666,0.9366666666666666
arguana,test-philosophy-ippelhbcp-con01a,5.372614568814272,0.0940465405583381,0.05000000000000001,0.8933333333333334
arguana,test-philosophy-ippelhbcp-con02a,4.963084716066792,0.08684105674425757,0.16666666666666663,0.8366666666666666
arguana,test-philosophy-ippelhbcp-con03a,5.543929814117618,0.09706331789493554,0.06666666666666664,0.9
arguana,test-philosophy-ippelhbcp-con04a,4.630619132237758,0.08099670459826784,0.11666666666666659,0.9133333333333334
arguana,test-philosophy-ippelhbcp-pro01a,6.227404446319279,0.10912743210792536,0.11666666666666659,0.9
arguana,test-philosophy-ippelhbcp-pro02a,5.7782101882222685,0.10119229803482688,0.2166666666666666,0.85
arguana,test-philosophy-ippelhbcp-pro03a,5.088188920127727,0.08904047061999637,0.09999999999999991,0.8533333333333334
arguana,test-philosophy-npegiepp-con01a,3.620247190780914,0.06326949099699654,0.04999999999999997,0.91
arguana,test-philosophy-npegiepp-con02a,3.589500270260359,0.06273070971171056,0.1333333333333333,0.93
arguana,test-philosophy-npegiepp-con03a,3.9598863529822594,0.06922337164481478,0.05000000000000001,0.91
arguana,test-philosophy-npegiepp-con04a,4.203587192207259,0.073498860001564,0.11666666666666659,0.8633333333333333
arguana,test-philosophy-npegiepp-pro01a,3.3969250562215776,0.0593570905427138,0.06666666666666664,0.9199999999999999
arguana,test-philosophy-npegiepp-pro02a,3.4190489712868026,0.059744603931903804,0.08333333333333326,0.9700000000000001
arguana,test-philosophy-npegiepp-pro03a,4.152972289754424,0.07261033107837037,0.05000000000000001,0.91
arguana,test-philosophy-npegiepp-pro04a,3.8440270890890083,0.06719177712996798,0.0,0.8733333333333334
arguana,test-philosophy-npegiepp-pro05a,4.382503746125836,0.07663875321547187,0.15,0.8333333333333334
arguana,test-philosophy-npppmhwup-con01a,4.7681155850995935,0.08341506620248153,0.13333333333333322,0.9133333333333334
arguana,test-philosophy-npppmhwup-con02a,4.509662479055783,0.07887199521064757,0.04999999999999997,0.8833333333333333
arguana,test-philosophy-npppmhwup-con03a,4.568505093706263,0.07990607122580207,0.03333333333333333,0.8566666666666666
arguana,test-philosophy-npppmhwup-pro01a,4.2880999746901995,0.07498152554035183,0.016666666666666666,0.91
arguana,test-philosophy-npppmhwup-pro02a,3.820241909227151,0.06677487740914023,0.1333333333333333,0.8933333333333334
arguana,test-philosophy-npppmhwup-pro03a,3.7910792146260746,0.06626364340384797,0.09999999999999991,0.96
arguana,test-philosophy-npppmhwup-pro04a,3.813160875965162,0.06665083765983576,0.0833333333333333,0.8866666666666667
arguana,test-philosophy-pphbclsbs-con01a,3.7285911254231308,0.06516942506035163,0.11666666666666659,0.94
arguana,test-philosophy-pphbclsbs-con02a,4.479183789286785,0.07833636552095406,0.1333333333333333,0.8933333333333334
arguana,test-philosophy-pphbclsbs-con03a,4.441814083698474,0.0776804313063621,0.06666666666666664,0.9133333333333334
arguana,test-philosophy-pphbclsbs-con04a,4.256026632812914,0.07441864907741542,0.14999999999999994,0.8866666666666667
arguana,test-philosophy-pphbclsbs-con05a,5.263208243482903,0.0921203220884005,0.16666666666666663,0.8633333333333333
arguana,test-philosophy-pphbclsbs-pro01a,5.4791069746436944,0.09592349578936891,0.11666666666666659,0.9
arguana,test-philosophy-pphbclsbs-pro02a,4.4780169536389,0.07831588635842,0.016666666666666666,0.9033333333333333
arguana,test-philosophy-pphbclsbs-pro03a,3.6723012718979793,0.06418209522962566,0.18333333333333326,0.8433333333333334
arguana,test-philosophy-pphbclsbs-pro04a,4.71620568447111,0.0825002565979957,0.09999999999999991,0.88
arguana,test-philosophy-pphbclsbs-pro05a,4.292290876762856,0.075055552025636,0.14999999999999994,0.8433333333333333
arguana,test-philosophy-pppgshbsd-con01a,4.924715617730534,0.08616648117701207,0.26666666666666666,0.8033333333333333
arguana,test-philosophy-pppgshbsd-con02a,5.677598181597761,0.09942768265803646,0.2833333333333333,0.8099999999999999
arguana,test-philosophy-pppgshbsd-con03a,5.0556252793643575,0.08847191433111823,0.24999999999999997,0.84
arguana,test-philosophy-pppgshbsd-con04a,4.18367617015722,0.07314912974834441,0.06666666666666664,0.91
arguana,test-philosophy-pppgshbsd-con05a,4.840198542225132,0.08468244721492124,0.3,0.77
arguana,test-philosophy-pppgshbsd-pro01a,4.013653968980187,0.07016917069753009,0.09999999999999996,0.8933333333333334
arguana,test-philosophy-pppgshbsd-pro02a,4.287771278175955,0.0749760717153549,0.06666666666666664,0.8366666666666666
arguana,test-philosophy-pppgshbsd-pro03a,5.133143435849795,0.0898326237996419,0.2833333333333333,0.7866666666666667
arguana,test-philosophy-pppthbtcb-con01a,3.24984387314551,0.0567815539737542,0.1333333333333333,0.8933333333333334
arguana,test-philosophy-pppthbtcb-con02a,4.286591278940953,0.07495602220296857,0.04999999999999997,0.8966666666666666
arguana,test-philosophy-pppthbtcb-con03a,3.6052562353058106,0.06300679718454673,0.1166666666666666,0.8733333333333334
arguana,test-philosophy-pppthbtcb-con04a,4.897043645057974,0.08568448821703589,0.11666666666666659,0.8866666666666667
arguana,test-philosophy-pppthbtcb-pro01a,4.152990600185252,0.072610596815745,0.11666666666666659,0.88
arguana,test-philosophy-pppthbtcb-pro02a,4.247827402309891,0.0742748528718948,0.08333333333333326,0.9199999999999999
arguana,test-philosophy-pppthbtcb-pro03a,4.503590186054491,0.0787676001588503,0.11666666666666659,0.86
arguana,test-philosophy-pppthbtcb-pro04a,3.005616731728224,0.0525061165293057,0.04999999999999997,0.9166666666666666
arguana,test-philosophy-pppthbtcb-pro05a,4.044095823573065,0.0707013954718907,0.11666666666666659,0.8866666666666667
arguana,test-politics-cdfsaphgiap-con01a,3.5312119671933124,0.0617095716297626,0.03333333333333333,0.9
arguana,test-politics-cdfsaphgiap-con02a,3.4473349369147197,0.060240607708692495,0.2333333333333333,0.8866666666666667
arguana,test-politics-cdfsaphgiap-con03a,4.39721179345241,0.07689717660347617,0.25,0.9166666666666666
arguana,test-politics-cdfsaphgiap-con04a,4.120637025264955,0.07204299668471016,0.25,0.8266666666666667
arguana,test-politics-cdfsaphgiap-pro01a,9.693619444599719,0.17082625627517697,0.2166666666666666,0.8666666666666667
arguana,test-politics-cdfsaphgiap-pro02a,4.69190724181179,0.08207351962725316,0.15,0.88
arguana,test-politics-cdfsaphgiap-pro03a,3.2364976322567123,0.0565478901068369,0.09999999999999996,0.9433333333333334
arguana,test-politics-cdfsaphgiap-pro04a,3.7949795299963824,0.06633337711294486,0.19999999999999987,0.8066666666666666
arguana,test-politics-cdmaggpdgdf-con01a,4.534494903430002,0.07930790384610487,0.09999999999999991,0.8933333333333334
arguana,test-politics-cdmaggpdgdf-con02a,3.3839842154067576,0.05913061896959937,0.06666666666666664,0.88
arguana,test-politics-cdmaggpdgdf-con03a,3.7315652249555353,0.06522064656019204,0.1333333333333333,0.9033333333333333
arguana,test-politics-cdmaggpdgdf-con04a,3.5692701960268187,0.0623763042191664,0.03333333333333333,0.92
arguana,test-politics-cdmaggpdgdf-con05a,4.590072677898326,0.08028401186068847,0.09999999999999998,0.8866666666666667
arguana,test-politics-cdmaggpdgdf-pro01a,4.926910130410953,0.08620363473892206,0.09999999999999991,0.9
arguana,test-politics-cdmaggpdgdf-pro02a,4.366374988216541,0.07635638117790221,0.09999999999999991,0.8866666666666667
arguana,test-politics-cdmaggpdgdf-pro03a,4.671076000113939,0.08170860509077706,0.11666666666666659,0.9133333333333334
arguana,test-politics-cdmaggpdgdf-pro04a,4.181845496639024,0.07311691592137014,0.16666666666666663,0.8666666666666667
arguana,test-politics-cdmaggpdgdf-pro05a,4.2982146145888604,0.0751596465706825,0.06666666666666664,0.8933333333333334
arguana,test-politics-cpecfiepg-con01a,3.4351806799448728,0.060027197003364535,0.016666666666666666,0.9333333333333332
arguana,test-politics-cpecfiepg-con02a,4.258214944076875,0.07445815205574034,0.03333333333333333,0.92
arguana,test-politics-cpecfiepg-con03a,3.6177949281649417,0.0632265967627366,0.0333333333333333,0.9333333333333332
arguana,test-politics-cpecfiepg-con04a,3.1471444693451294,0.0549834916989008,0.0,0.9433333333333334
arguana,test-politics-cpecfiepg-pro01a,4.031142416423678,0.07047319163878753,0.08333333333333326,0.9
arguana,test-politics-cpecfiepg-pro02a,3.2414051221766385,0.056633705894152266,0.0,0.9166666666666666
arguana,test-politics-cpecfiepg-pro03a,4.777017388110022,0.08356860031684239,0.016666666666666666,0.96
arguana,test-politics-cpegiepgh-con01a,4.2329587428495286,0.0740152771274248,0.05000000000000001,0.9366666666666666
arguana,test-politics-cpegiepgh-con02a,4.338757809704551,0.07587131857872004,0.06666666666666664,0.88
arguana,test-politics-cpegiepgh-con03a,3.6123235035869694,0.06313071399927134,0.1333333333333333,0.9166666666666666
arguana,test-politics-cpegiepgh-pro01a,3.918826091548242,0.06850333511829373,0.0,0.91
arguana,test-politics-cpegiepgh-pro02a,3.370724855019372,0.0588983707129955,0.03333333333333333,0.9466666666666667
arguana,test-politics-cpegiepgh-pro03a,5.264603020127333,0.09215139597654337,0.06666666666666664,0.8566666666666666
arguana,test-politics-cpegiepgh-pro04a,3.2391335241834676,0.05659385646382964,0.03333333333333333,0.91
arguana,test-politics-dhbanhrnw-con01a,6.3361392097894e-06,1.105864910755372e-07,0.0333333333333333,0.9866666666666667
arguana,test-politics-dhbanhrnw-con02a,4.003031400067052,0.06998011469841003,0.016666666666666666,0.9899999999999999
arguana,test-politics-dhbanhrnw-con03a,4.004526647857287,0.07000620911518726,0.18333333333333326,0.8766666666666666
arguana,test-politics-dhbanhrnw-con04a,3.7478228679322805,0.06550552447636916,0.05000000000000001,0.9700000000000001
arguana,test-politics-dhbanhrnw-con05a,3.49814699686981,0.06113024055957789,0.06666666666666664,0.9833333333333334
arguana,test-politics-dhbanhrnw-pro01a,2.678126276302344,0.046776278565327296,0.03333333333333333,0.9866666666666667
arguana,test-politics-dhbanhrnw-pro02a,3.8927845747705905,0.0680471484859784,0.05000000000000001,0.9700000000000001
arguana,test-politics-dhbanhrnw-pro03a,3.9685794883300467,0.06937580804030097,0.05000000000000001,0.9666666666666667
arguana,test-politics-dhbanhrnw-pro04a,3.853691353738851,0.0673621818423271,0.05000000000000001,0.9700000000000001
arguana,test-politics-dhbanhrnw-pro05a,3.3365002891715316,0.058298863470554296,0.0,0.9933333333333333
arguana,test-politics-dhwem-con01a,4.8884617314636865,0.08553089201450344,0.24999999999999997,0.8433333333333334
arguana,test-politics-dhwem-con02a,3.9100584835822096,0.06834985067447023,0.09999999999999991,0.7833333333333333
arguana,test-politics-dhwem-con03a,4.760757671630682,0.08328329275051749,0.1333333333333333,0.9166666666666666
arguana,test-politics-dhwem-con04a,4.48743378999889,0.07848348716894783,0.11666666666666659,0.8533333333333334
arguana,test-politics-dhwem-pro01a,4.524877225160529,0.07913910349210097,0.09999999999999991,0.8966666666666666
arguana,test-politics-dhwem-pro02a,4.393185258087358,0.07682923475901281,0.1166666666666666,0.88
arguana,test-politics-dhwem-pro03a,3.73502099437867,0.06528184687097864,0.0,0.9033333333333333
arguana,test-politics-dhwem-pro04a,4.965499547021496,0.08688301344712569,0.08333333333333333,0.9066666666666667
arguana,test-politics-dhwem-pro05a,4.301178216056137,0.0752111971378326,0.09999999999999991,0.88
arguana,test-politics-dhwem-pro06a,4.39003479030562,0.07677095135052993,0.14999999999999994,0.9166666666666666
arguana,test-politics-eppghwgpi-con01a,4.754497312625673,0.083172932267189,0.11666666666666659,0.9
arguana,test-politics-eppghwgpi-con02a,5.882782128997054,0.10303704440593715,0.3,0.82
arguana,test-politics-eppghwgpi-con03a,3.8550443831886336,0.0673853307962417,0.1166666666666666,0.9033333333333333
arguana,test-politics-eppghwgpi-con04a,3.9362833085337208,0.06880975017944967,0.09999999999999991,0.92
arguana,test-politics-eppghwgpi-con05a,6.533263707496619,0.1145313183466593,0.19999999999999987,0.8033333333333333
arguana,test-politics-eppghwgpi-pro01a,4.607138051718106,0.08058439443508783,0.06666666666666664,0.9266666666666667
arguana,test-politics-eppghwgpi-pro02a,3.862213109450444,0.06751082340876256,0.1333333333333333,0.9333333333333332
arguana,test-politics-eppghwgpi-pro03a,3.466618206159169,0.060578177372614506,0.08333333333333333,0.91
arguana,test-politics-eppghwgpi-pro04a,4.950576860588826,0.08662000795205431,0.16666666666666663,0.87
arguana,test-politics-eppghwgpi-pro05a,3.8995615247161495,0.0681663503249486,0.03333333333333333,0.9233333333333333
arguana,test-politics-eppghwlrba-con01a,4.542854745852754,0.07945524156093593,0.09999999999999991,0.8433333333333333
arguana,test-politics-eppghwlrba-con02a,5.384813176558768,0.0942610750595728,0.2333333333333333,0.8566666666666666
arguana,test-politics-eppghwlrba-con03a,4.428019558254799,0.07744166751702623,0.08333333333333326,0.9
arguana,test-politics-eppghwlrba-con04a,4.206753475028525,0.07355426748593646,0.05000000000000001,0.9166666666666666
arguana,test-politics-eppghwlrba-pro01a,4.2360368917935,0.07406984021266293,0.09999999999999996,0.8366666666666666
arguana,test-politics-eppghwlrba-pro02a,3.5678413497734596,0.062352467328309964,0.05000000000000001,0.9033333333333333
arguana,test-politics-eppghwlrba-pro03a,4.481644347260731,0.07838315765062963,0.04999999999999997,0.94
arguana,test-politics-eppghwlrba-pro04a,4.638599805027366,0.08113899330298104,0.16666666666666663,0.89
arguana,test-politics-epvhbfsmsaop-con01a,3.6765485106786557,0.0642561465501785,0.0,0.9433333333333334
arguana,test-politics-epvhbfsmsaop-con02a,4.441614039168839,0.07767652968565618,0.06666666666666664,0.9266666666666667
arguana,test-politics-epvhbfsmsaop-con03a,3.5403710693933683,0.06187009190519647,0.08333333333333333,0.89
arguana,test-politics-epvhbfsmsaop-pro01a,4.275639242271744,0.07476349920034403,0.09999999999999991,0.9366666666666666
arguana,test-politics-epvhbfsmsaop-pro02a,4.1848526996425655,0.07316983242829633,0.14999999999999994,0.9333333333333332
arguana,test-politics-epvhbfsmsaop-pro03a,3.6246831002910063,0.06334808220465973,0.06666666666666664,0.96
arguana,test-politics-ghbgussbsbt-con01a,4.559934612337222,0.07975460588932036,0.15,0.8533333333333334
arguana,test-politics-ghbgussbsbt-con02a,4.945594577041491,0.0865348403652509,0.11666666666666659,0.9233333333333333
arguana,test-politics-ghbgussbsbt-con03a,4.563693025210419,0.07982111970583596,0.08333333333333326,0.9133333333333334
arguana,test-politics-ghbgussbsbt-con04a,5.178172541680623,0.0906286040941874,0.2333333333333333,0.9199999999999999
arguana,test-politics-ghbgussbsbt-pro01a,3.9188449784212103,0.0685037995378176,0.016666666666666666,0.9
arguana,test-politics-ghbgussbsbt-pro02a,4.3570484967460485,0.07619249820709223,0.016666666666666666,0.9166666666666666
arguana,test-politics-ghbgussbsbt-pro03a,4.0948353298348055,0.07159044345219927,0.11666666666666659,0.85
arguana,test-politics-ghbgussbsbt-pro04a,4.865928934834057,0.08513272553682323,0.016666666666666666,0.9266666666666667
arguana,test-politics-glghssi-con01a,5.231053150477149,0.09155495464801787,0.08333333333333326,0.8233333333333334
arguana,test-politics-glghssi-con02a,4.9445624666746895,0.0865193034211794,0.3,0.8833333333333333
arguana,test-politics-glghssi-con03a,4.690018204484245,0.08203992495934163,0.06666666666666664,0.8666666666666667
arguana,test-politics-glghssi-pro01a,4.635090215315585,0.08107562859853103,0.2166666666666666,0.8266666666666667
arguana,test-politics-glghssi-pro02a,4.367117861077997,0.07636856536070503,0.03333333333333333,0.92
arguana,test-politics-glghssi-pro03a,4.071629916866999,0.07118351012468334,0.18333333333333335,0.9
arguana,test-politics-glgvhbqssc-con01a,4.550042987928935,0.07958670953909551,0.11666666666666659,0.9433333333333334
arguana,test-politics-glgvhbqssc-con02a,3.6415826626618824,0.06364356478055312,0.09999999999999991,0.8533333333333334
arguana,test-politics-glgvhbqssc-pro01a,2.715888608595043,0.047436739007631866,0.06666666666666664,0.9033333333333333
arguana,test-politics-glgvhbqssc-pro02a,3.2561372018403634,0.056892346590757335,0.08333333333333326,0.8866666666666667
arguana,test-politics-glgvhbqssc-pro03a,3.989105133176459,0.06973578284184133,0.03333333333333333,0.9366666666666666
arguana,test-politics-grcrgshwbr-con01a,3.7223533672342755,0.0650589515765508,0.0,0.91
arguana,test-politics-grcrgshwbr-con02a,4.532412977019045,0.0792712047696113,0.016666666666666666,0.8766666666666666
arguana,test-politics-grcrgshwbr-con03a,3.9724669899012865,0.06944394856691356,0.0666666666666666,0.9466666666666667
arguana,test-politics-grcrgshwbr-con04a,3.789639800088162,0.06623860696951543,0.15,0.93
arguana,test-politics-grcrgshwbr-pro01a,3.34243236603743,0.058403039971987335,0.03333333333333333,0.9466666666666667
arguana,test-politics-grcrgshwbr-pro02a,4.485204662875277,0.07844281941652291,0.09999999999999991,0.8566666666666666
arguana,test-politics-grcrgshwbr-pro03a,3.7918827646643334,0.06627776722113289,0.05000000000000001,0.9733333333333333
arguana,test-politics-grcrgshwbr-pro04a,3.260078685169528,0.056961337725321436,0.06666666666666664,0.9333333333333332
arguana,test-politics-grcrgshwbr-pro05a,4.617366385821435,0.0807631835341453,0.06666666666666664,0.9066666666666666
arguana,test-politics-gvhbhlsbr-con01a,3.986904311841051,0.0696981127063433,0.18333333333333326,0.8133333333333334
arguana,test-politics-gvhbhlsbr-con02a,4.105962550641425,0.07178636640310283,0.03333333333333333,0.9
arguana,test-politics-gvhbhlsbr-con03a,4.766575015984579,0.08338538308938341,0.09999999999999996,0.9133333333333334
arguana,test-politics-gvhbhlsbr-con04a,4.437303671707936,0.07760087649027503,0.08333333333333326,0.8566666666666666
arguana,test-politics-gvhbhlsbr-pro01a,4.555488705010476,0.07967630028724663,0.2833333333333333,0.85
arguana,test-politics-gvhbhlsbr-pro02a,4.596621811698423,0.08039971441030493,0.25,0.8566666666666666
arguana,test-politics-gvhbhlsbr-pro03a,4.395788128651174,0.07687227427959441,0.16666666666666655,0.85
arguana,test-politics-gvhbhlsbr-pro04a,4.29682388616628,0.0751353725790977,0.08333333333333326,0.8366666666666666
arguana,test-politics-gvhwhnerse-con01a,3.778196241334951,0.06603806465864177,0.08333333333333326,0.9533333333333333
arguana,test-politics-gvhwhnerse-con02a,5.122124525446353,0.0896371578176816,0.08333333333333326,0.8966666666666666
arguana,test-politics-gvhwhnerse-con03a,3.788112893729062,0.06621210277080535,0.19999999999999996,0.91
arguana,test-politics-gvhwhnerse-con04a,4.784617048929168,0.0837027678887049,0.1333333333333333,0.9333333333333332
arguana,test-politics-gvhwhnerse-pro01a,3.297237470247073,0.0576122067868709,0.06666666666666664,0.9533333333333333
arguana,test-politics-gvhwhnerse-pro02a,4.0681527570879155,0.07112309088309603,0.11666666666666659,0.9
arguana,test-politics-gvhwhnerse-pro03a,4.446759170295787,0.07776845246553417,0.08333333333333333,0.8733333333333334
arguana,test-politics-gvhwhnerse-pro04a,4.220193479187371,0.0737921595573425,0.1333333333333333,0.8366666666666666
arguana,test-politics-lghwdecm-con01a,4.027453401052818,0.07040850818157193,0.03333333333333333,0.8866666666666667
arguana,test-politics-lghwdecm-con02a,4.08849117547028,0.07147953659296034,0.04999999999999997,0.9366666666666666
arguana,test-politics-lghwdecm-con03a,3.9003868980422367,0.06818037480115886,0.016666666666666666,0.9
arguana,test-politics-lghwdecm-con04a,3.7013056473070747,0.06469176337122913,0.05000000000000001,0.91
arguana,test-politics-lghwdecm-pro01a,5.338077687958498,0.09343968580166494,0.1333333333333333,0.9266666666666666
arguana,test-politics-lghwdecm-pro02a,3.3250967267082685,0.058099233855803734,0.0,0.9433333333333334
arguana,test-politics-lghwdecm-pro03a,3.880391264977677,0.06783022483189897,0.09999999999999996,0.9166666666666666
arguana,test-politics-lghwdecm-pro04a,4.8828323364058805,0.0854284763336181,0.05000000000000001,0.89
arguana,test-politics-mtpghwaacb-con01a,3.8607806743059947,0.06748561312754943,0.05000000000000001,0.94
arguana,test-politics-mtpghwaacb-con02a,4.439732145640867,0.07764359066883719,0.0,0.8633333333333333
arguana,test-politics-mtpghwaacb-con03a,3.4612396505177796,0.06048379217584923,0.08333333333333326,0.93
arguana,test-politics-mtpghwaacb-pro01a,3.85450978880818,0.0673755829532941,0.016666666666666666,0.9466666666666667
arguana,test-politics-mtpghwaacb-pro02a,3.509213074144333,0.061324166754881504,0.016666666666666666,0.93
arguana,test-politics-mtpghwaacb-pro03a,3.1708715350925885,0.05539877961079273,0.05000000000000001,0.94
arguana,test-politics-nlpdwhbusbuc-con01a,4.378884789279955,0.07657550523678457,0.016666666666666666,0.9066666666666667
arguana,test-politics-nlpdwhbusbuc-con02a,3.558395947157214,0.06218583260973287,0.11666666666666659,0.92
arguana,test-politics-nlpdwhbusbuc-con03a,3.0237867686968625,0.05282417188088096,0.016666666666666666,0.9333333333333332
arguana,test-politics-nlpdwhbusbuc-pro01a,3.8192551307766895,0.06675751258929567,0.05000000000000001,0.94
arguana,test-politics-nlpdwhbusbuc-pro02a,3.8633864022415394,0.06753196070591606,0.05000000000000001,0.9
arguana,test-politics-nlpdwhbusbuc-pro03a,3.4406133586283034,0.0601228885352611,0.05000000000000001,0.9566666666666667
arguana,test-politics-oapdhwinkp-con01a,4.3821937879923425,0.07663328448931371,0.09999999999999996,0.93
arguana,test-politics-oapdhwinkp-con02a,3.819687771624809,0.0667652289072672,0.19999999999999987,0.8933333333333334
arguana,test-politics-oapdhwinkp-con03a,4.67526363086503,0.08178129295508059,0.03333333333333333,0.8766666666666666
arguana,test-politics-oapdhwinkp-pro01a,3.920052263601626,0.06852483749389643,0.06666666666666664,0.9233333333333333
arguana,test-politics-oapdhwinkp-pro02a,3.626489009071886,0.063379139949878,0.05000000000000001,0.94
arguana,test-politics-oapdhwinkp-pro03a,3.7176968555938124,0.06497731804847713,0.016666666666666666,0.9533333333333333
arguana,test-politics-oapghwliva-con01a,4.682525599013897,0.08190871278444921,0.08333333333333326,0.8733333333333334
arguana,test-politics-oapghwliva-con02a,5.2394355094118835e-06,9.144540058514394e-08,0.016666666666666666,0.9066666666666667
arguana,test-politics-oapghwliva-con03a,7.7819690838514175,0.13666287561257673,0.08333333333333326,0.8633333333333333
arguana,test-politics-oapghwliva-pro01a,4.301898028862045,0.0752242431044578,0.08333333333333326,0.8966666666666666
arguana,test-politics-oepdlhfcefp-con01a,4.666709937451984,0.0816306794683138,0.06666666666666664,0.9366666666666666
arguana,test-politics-oepdlhfcefp-con02a,5.433385692971339,0.09512036293745037,0.06666666666666664,0.91
arguana,test-politics-oepdlhfcefp-con03a,4.729385521394025,0.0827334895730018,0.05000000000000001,0.9033333333333333
arguana,test-politics-oepdlhfcefp-pro01a,4.903513932643367,0.08579223354657488,0.05000000000000001,0.9133333333333334
arguana,test-politics-oepdlhfcefp-pro02a,4.1666373312065526,0.0728505154450734,0.05000000000000001,0.9266666666666667
arguana,test-politics-oepdlhfcefp-pro03a,3.8471638753920456,0.06724695612986877,0.016666666666666666,0.94
arguana,test-politics-oepdlhfcefp-pro04a,3.221749731155175,0.05628948037823033,0.06666666666666664,0.9433333333333334
arguana,test-politics-oepghbrnsl-con01a,4.461126481669447,0.07802166044712062,0.24999999999999997,0.8633333333333333
arguana,test-politics-oepghbrnsl-con02a,3.900705695427923,0.0681857491532961,0.05000000000000001,0.9199999999999999
arguana,test-politics-oepghbrnsl-con03a,4.311668721993097,0.07539576043685277,0.09999999999999991,0.9566666666666667
arguana,test-politics-oepghbrnsl-con04a,5.1835041577927585,0.09071743488311763,0.06666666666666664,0.9366666666666666
arguana,test-politics-oepghbrnsl-pro01a,4.225813754625839,0.0738885750373204,0.19999999999999993,0.8033333333333333
arguana,test-politics-oepghbrnsl-pro02a,4.357318055785407,0.07619775831699366,0.18333333333333326,0.7866666666666667
arguana,test-politics-oepghbrnsl-pro03a,5.110212919883998,0.0894273072481155,0.21666666666666667,0.8933333333333334
arguana,test-politics-oepghbrnsl-pro04a,4.458256960288922,0.07797137896219884,0.08333333333333326,0.9
arguana,test-politics-oeplhbuwhmi-con01a,4.794813517809277,0.08388147999842958,0.15,0.85
arguana,test-politics-oeplhbuwhmi-con02a,4.223243685255976,0.0738435213764508,0.09999999999999991,0.91
arguana,test-politics-oeplhbuwhmi-con03a,3.7996197391867774,0.06641430159409838,0.11666666666666659,0.9233333333333333
arguana,test-politics-oeplhbuwhmi-con04a,3.898263645366774,0.06814272701740261,0.08333333333333326,0.94
arguana,test-politics-oeplhbuwhmi-pro01a,4.261649670484034,0.07452515015999474,0.14999999999999994,0.9
arguana,test-politics-oeplhbuwhmi-pro02a,4.92525827158592,0.08618343124787008,0.14999999999999994,0.7833333333333333
arguana,test-politics-oeplhbuwhmi-pro03a,3.7925487514644445,0.06628932058811181,0.08333333333333326,0.9533333333333333
arguana,test-politics-oeplhbuwhmi-pro04a,4.5494364199696555,0.07958077639341353,0.14999999999999994,0.89
arguana,test-politics-oglilpdwhsn-con01a,7.001205915902138e-06,1.2219409484259813e-07,0.0,0.9566666666666667
arguana,test-politics-oglilpdwhsn-con02a,1.161982829548383e-06,2.028042622725934e-08,0.03333333333333333,0.9700000000000001
arguana,test-politics-oglilpdwhsn-con03a,6.67112153906162e-06,1.1643303565733733e-07,0.016666666666666666,0.98
arguana,test-politics-oglilpdwhsn-con04a,6.0979681052172765,0.10683341572682059,0.0,0.9066666666666667
arguana,test-politics-oglilpdwhsn-pro01a,1.0646357705238912e-06,1.85813995301487e-08,0.0,0.9733333333333333
arguana,test-politics-oglilpdwhsn-pro02a,1.3282266060828631e-06,2.3181927488735713e-08,0.0,0.9833333333333334
arguana,test-politics-oglilpdwhsn-pro03a,9.527766292654429e-07,1.6629089216735338e-08,0.0,0.9666666666666667
arguana,test-politics-pgsimhwoia-con01a,3.4063415226885247,0.059522525717814696,0.016666666666666666,0.9366666666666666
arguana,test-politics-pgsimhwoia-con02a,4.537635812723059,0.07936354726552959,0.08333333333333326,0.8966666666666666
arguana,test-politics-pgsimhwoia-con03a,4.735708979944891,0.08284355700016016,0.05000000000000001,0.9266666666666667
arguana,test-politics-pgsimhwoia-pro01a,5.576357739422846,0.09764001766840613,0.08333333333333326,0.9033333333333333
arguana,test-politics-pgsimhwoia-pro02a,4.166067709784056,0.07284040749073023,0.06666666666666664,0.9533333333333333
arguana,test-politics-pgsimhwoia-pro03a,3.7911814830931347,0.06626543154319124,0.04999999999999997,0.9433333333333334
arguana,test-politics-ypppdghwid-con01a,3.7220141913733955,0.06505353252092994,0.0,0.9433333333333334
arguana,test-politics-ypppdghwid-con02a,3.98118388212448,0.06959913919369376,0.16666666666666663,0.9533333333333333
arguana,test-politics-ypppdghwid-con03a,4.757835558822509,0.08323364704847334,0.03333333333333333,0.9433333333333334
arguana,test-politics-ypppdghwid-con04a,4.43728124030259,0.0776011024912198,0.1333333333333333,0.8633333333333333
arguana,test-politics-ypppdghwid-con05a,4.136503241672153,0.0723213429252306,0.11666666666666659,0.9199999999999999
arguana,test-politics-ypppdghwid-pro01a,4.0640841772619405,0.07105126728614167,0.08333333333333326,0.9033333333333333
arguana,test-politics-ypppdghwid-pro02a,5.007522497208835,0.08762175341447191,0.09999999999999996,0.9033333333333333
arguana,test-politics-ypppdghwid-pro03a,4.545707626698796,0.0795051058133443,0.1333333333333333,0.9
arguana,test-politics-ypppdghwid-pro04a,3.1149298137931005,0.0544196764628092,0.06666666666666664,0.89
arguana,test-politics-ypppgvhwmv-con01a,3.1025134259820817,0.054202114542325264,0.09999999999999991,0.9333333333333332
arguana,test-politics-ypppgvhwmv-con02a,5.600586132740099,0.09806203097105022,0.08333333333333326,0.8866666666666667
arguana,test-politics-ypppgvhwmv-con03a,4.984922773412294,0.08722702413797377,0.09999999999999996,0.87
arguana,test-politics-ypppgvhwmv-pro01a,5.030201538699411,0.08802034705877297,0.18333333333333326,0.8166666666666668
arguana,test-politics-ypppgvhwmv-pro02a,3.6884255142572377,0.06446441883842147,0.1333333333333333,0.9166666666666666
arguana,test-politics-ypppgvhwmv-pro03a,4.309608735147301,0.07536099851131438,0.05000000000000001,0.93
arguana,test-politics-ypppgvhwmv-pro04a,3.7435125644922524,0.06542978187402086,0.05000000000000001,0.9433333333333334
arguana,test-politics-ypppgvhwmv-pro05a,3.8150852199966256,0.0666844397783279,0.18333333333333335,0.9233333333333333
arguana,test-religion-cmrsgfhbr-con01a,4.105099425490359,0.07177059352397917,0.15,0.8766666666666666
arguana,test-religion-cmrsgfhbr-con02a,3.0682939559149056,0.05360339830319083,0.09999999999999991,0.8366666666666666
arguana,test-religion-cmrsgfhbr-con03a,4.425357507577938,0.07739204168319701,0.18333333333333326,0.9333333333333332
arguana,test-religion-cmrsgfhbr-pro01a,3.0789580877156495,0.053790275007486295,0.08333333333333326,0.96
arguana,test-religion-cmrsgfhbr-pro02a,4.901773902792389,0.08576205124457677,0.14999999999999994,0.82
arguana,test-religion-cmrsgfhbr-pro03a,3.0762473393209753,0.053742316861947304,0.06666666666666664,0.8966666666666666
arguana,test-religion-frghbbgi-con01a,4.753945342608801,0.0831630254785219,0.09999999999999996,0.9033333333333333
arguana,test-religion-frghbbgi-con02a,3.365753367662806,0.05881156151493383,0.16666666666666663,0.8099999999999999
arguana,test-religion-frghbbgi-con03a,4.811972855046442,0.08418552825848259,0.14999999999999994,0.8233333333333333
arguana,test-religion-frghbbgi-pro01a,6.04721786224827,0.10593866805235537,0.08333333333333326,0.8433333333333333
arguana,test-religion-frghbbgi-pro02a,7.437356583836194,0.13063951581716535,0.19999999999999996,0.8433333333333333
arguana,test-religion-frghbbgi-pro03a,5.2426475626569164,0.09175827105840044,0.03333333333333333,0.94
arguana,test-religion-frghbbgi-pro04a,5.683557033530431,0.09952364613612487,0.15,0.8733333333333334
arguana,test-religion-frghbbgi-pro05a,5.629408196722134,0.09856974581877387,0.3,0.7799999999999999
arguana,test-religion-grcrgshwbr-con01a,3.7569832642918457,0.0656675087908903,0.05000000000000001,0.9033333333333333
arguana,test-religion-grcrgshwbr-con02a,4.566903360150609,0.07987707853317257,0.05000000000000001,0.8866666666666667
arguana,test-religion-grcrgshwbr-con03a,3.985973252832808,0.06968098878860467,0.0666666666666666,0.9466666666666667
arguana,test-religion-grcrgshwbr-con04a,3.950824720276523,0.06906453768412267,0.09999999999999994,0.9499999999999998
arguana,test-religion-grcrgshwbr-pro01a,3.33143954189955,0.05821056291460983,0.05000000000000001,0.9533333333333333
arguana,test-religion-grcrgshwbr-pro02a,4.445241671724627,0.0777412727475166,0.09999999999999991,0.8766666666666666
arguana,test-religion-grcrgshwbr-pro03a,3.5114297108208365,0.061362933367490734,0.06666666666666664,0.9666666666666667
arguana,test-religion-grcrgshwbr-pro04a,3.400829265032293,0.0594257327417532,0.05000000000000001,0.9133333333333334
arguana,test-religion-grcrgshwbr-pro05a,4.7277754247319805,0.08270314584175743,0.03333333333333333,0.9266666666666667
arguana,test-religion-msgfhwbamec-con01a,4.064262426574669,0.0710540190339088,0.1333333333333333,0.89
arguana,test-religion-msgfhwbamec-con02a,3.851098612692193,0.06731589635213213,0.06666666666666664,0.9266666666666667
arguana,test-religion-msgfhwbamec-con03a,3.5683424292397388,0.06236005201935763,0.016666666666666666,0.8866666666666667
arguana,test-religion-msgfhwbamec-pro01a,3.7363795141625107,0.0653052727381388,0.11666666666666659,0.8666666666666667
arguana,test-religion-msgfhwbamec-pro02a,4.310009743919403,0.07537020246187841,0.06666666666666664,0.8533333333333334
arguana,test-religion-msgfhwbamec-pro03a,4.222125239597985,0.07382403314113613,0.06666666666666664,0.94
arguana,test-religion-wcprrgrhbmi-con01a,2.958870101538752,0.05168798690040904,0.06666666666666664,0.9133333333333334
arguana,test-religion-wcprrgrhbmi-con02a,5.70042776903565,0.09982108821471526,0.18333333333333326,0.8666666666666667
arguana,test-religion-wcprrgrhbmi-con03a,4.29049302173461,0.07502366354068117,0.09999999999999991,0.87
arguana,test-religion-wcprrgrhbmi-pro01a,3.138769964460218,0.05483681956926976,0.08333333333333326,0.9266666666666667
arguana,test-religion-wcprrgrhbmi-pro02a,4.3147115023012175,0.07544959584871923,0.14999999999999994,0.8633333333333333
arguana,test-religion-wcprrgrhbmi-pro03a,3.8336768154175673,0.06701077520847314,0.09999999999999991,0.81
arguana,test-religion-yercfrggms-con01a,3.0898161261324564,0.05397984012961383,0.016666666666666666,0.94
arguana,test-religion-yercfrggms-con02a,3.800309436570115,0.06642706195513406,0.06666666666666664,0.8933333333333334
arguana,test-religion-yercfrggms-con03a,2.8782915715218884,0.05027815451224643,0.09999999999999991,0.92
arguana,test-religion-yercfrggms-pro01a,3.122549398786257,0.054552803436915064,0.05000000000000001,0.9899999999999999
arguana,test-religion-yercfrggms-pro02a,5.010286528535423,0.08767155806223548,0.1333333333333333,0.8666666666666667
arguana,test-religion-yercfrggms-pro03a,4.482320565031634,0.07839165876309069,0.03333333333333333,0.9266666666666667
arguana,test-religion-yercfrggms-pro04a,3.417624160982726,0.05971982081731153,0.05000000000000001,0.98
arguana,test-religion-yercfrggms-pro05a,2.950118377942656,0.05153490354617433,0.03333333333333333,0.9233333333333333
arguana,test-religion-yercfrggms-pro06a,3.4727776996908566,0.0606863064070542,0.04999999999999997,0.96
arguana,test-religion-yercfrggms-pro07a,4.556317818977491,0.07969123373428977,0.0,0.8833333333333333
arguana,test-science-ascidfakhba-con01a,3.2341465239363476,0.05650655056039491,0.0,0.9766666666666666
arguana,test-science-ascidfakhba-con02a,3.675425770168952,0.0642366881171862,0.0,0.9533333333333333
arguana,test-science-ascidfakhba-con03a,3.42438702469142,0.05983814721306163,0.06666666666666664,0.9333333333333332
arguana,test-science-ascidfakhba-con04a,3.650213664452203,0.06379472836852067,0.03333333333333333,0.9133333333333334
arguana,test-science-ascidfakhba-pro01a,3.448594734695781,0.06026236588756237,0.0,0.9633333333333333
arguana,test-science-ascidfakhba-pro02a,3.68630295986868,0.06442739069461821,0.0,0.9666666666666667
arguana,test-science-ascidfakhba-pro03a,3.9195236376132896,0.06851645062367114,0.0,0.9733333333333333
arguana,test-science-ascidfakhba-pro04a,3.8136252493745357,0.06665882964928936,0.05000000000000001,0.9499999999999998
arguana,test-science-ciidfaihwc-con01a,4.2890376291388295,0.07499822725852327,0.16666666666666663,0.8933333333333334
arguana,test-science-ciidfaihwc-con02a,4.622473248754585,0.08085339019695917,0.13333333333333322,0.9
arguana,test-science-ciidfaihwc-con03a,4.586460307594524,0.08022103458642954,0.0,0.9066666666666667
arguana,test-science-ciidfaihwc-pro01a,3.5865740388635903,0.0626808404922485,0.15,0.9066666666666667
arguana,test-science-ciidfaihwc-pro02a,4.163023607379988,0.07278745373090106,0.0,0.9133333333333334
arguana,test-science-ciidfaihwc-pro03a,2.9327755375560174,0.05123135571678477,0.08333333333333326,0.91
arguana,test-science-ciidfaihwc-pro04a,3.6213270292332527,0.06328904132048284,0.06666666666666664,0.8866666666666667
arguana,test-science-cpisydfphwj-con01a,3.3932768354540794,0.059293199330568265,0.0,0.9499999999999998
arguana,test-science-cpisydfphwj-con02a,3.652658129628955,0.0638384061555067,0.05000000000000001,0.9333333333333332
arguana,test-science-cpisydfphwj-con03a,4.526961110062495,0.07917782167593633,0.08333333333333326,0.8966666666666666
arguana,test-science-cpisydfphwj-pro01a,4.12171530803304,0.07206190874179197,0.08333333333333326,0.9566666666666667
arguana,test-science-cpisydfphwj-pro02a,4.406121887963732,0.07705426961183544,0.1333333333333333,0.93
arguana,test-science-cpisydfphwj-pro03a,3.6545433492080073,0.06387064730127649,0.11666666666666659,0.94
arguana,test-science-dssghsdmd-con01a,2.9437690755100667,0.05142382159829136,0.016666666666666666,0.9633333333333333
arguana,test-science-dssghsdmd-con02a,3.366548540046288,0.0588252060115337,0.11666666666666659,0.94
arguana,test-science-dssghsdmd-con03a,4.602576773737138,0.08050356556971863,0.0,0.9133333333333334
arguana,test-science-dssghsdmd-pro01a,3.3737844381674065,0.058952407290538134,0.0,0.9433333333333334
arguana,test-science-dssghsdmd-pro02a,3.021323313253038,0.05278135339419043,0.0,0.9700000000000001
arguana,test-science-dssghsdmd-pro03a,3.4913171077228853,0.06101057057579353,0.016666666666666666,0.9666666666666667
arguana,test-science-dssghsdmd-pro04a,4.494658475813014,0.07860801368951793,0.05000000000000001,0.9566666666666667
arguana,test-science-eassgbatj-con01a,5.916306453212102,0.1036302049954732,0.05000000000000001,0.93
arguana,test-science-eassgbatj-con02a,4.91141853791283,0.08593103041251497,0.18333333333333326,0.9333333333333332
arguana,test-science-eassgbatj-con03a,2.9767120485884675,0.05200059836109474,0.0,0.9333333333333332
arguana,test-science-eassgbatj-con04a,4.517339235891132,0.07900707920392347,0.0,0.9566666666666667
arguana,test-science-eassgbatj-con05a,4.405421131320447,0.07704123109579081,0.016666666666666666,0.98
arguana,test-science-eassgbatj-pro01a,4.290209534252692,0.07501938442389167,0.08333333333333326,0.92
arguana,test-science-eassgbatj-pro02a,3.4373258590028932,0.06006514156858123,0.0333333333333333,0.9766666666666666
arguana,test-science-eassgbatj-pro03a,4.177710448714313,0.07304456581672027,0.08333333333333326,0.8533333333333334
arguana,test-science-eassgbatj-pro04a,6.234674527754037,0.1092918217182159,0.1333333333333333,0.7966666666666667
arguana,test-science-eassgbatj-pro05a,7.0516809484673635,0.1237005268534024,0.0833333333333333,0.9766666666666666
arguana,test-science-nsihwbtiss-con01a,3.523756391549593,0.0615789542595545,0.13333333333333322,0.9066666666666667
arguana,test-science-nsihwbtiss-con02a,3.66398788431574,0.06403766820828118,0.18333333333333326,0.8333333333333334
arguana,test-science-nsihwbtiss-con03a,4.290697645103991,0.07502753287553783,0.11666666666666659,0.9133333333333334
arguana,test-science-nsihwbtiss-con04a,3.741647929686323,0.06539780149857197,0.09999999999999998,0.87
arguana,test-science-nsihwbtiss-pro01a,3.878174296920039,0.0677908559640248,0.05000000000000001,0.9433333333333334
arguana,test-science-nsihwbtiss-pro02a,3.1132955952577923,0.054390837748845365,0.05000000000000001,0.86
arguana,test-science-nsihwbtiss-pro03a,4.671426851380438,0.0817162121335665,0.2166666666666666,0.84
arguana,test-science-nsihwbtiss-pro04a,3.95760726001032,0.06918358306090033,0.03333333333333333,0.9433333333333334
arguana,test-science-sghwbdgmo-con01a,3.33891578453326,0.0583412076036135,0.05000000000000001,0.9033333333333333
arguana,test-science-sghwbdgmo-con02a,3.6842349577516713,0.0643919855356216,0.05000000000000001,0.9133333333333334
arguana,test-science-sghwbdgmo-con03a,2.7544719887925475,0.048111694554487834,0.06666666666666664,0.9133333333333334
arguana,test-science-sghwbdgmo-pro01a,3.1618483443381837,0.05524107192953423,0.09999999999999991,0.9333333333333332
arguana,test-science-sghwbdgmo-pro02a,3.1926680740547053,0.05578088387846943,0.05000000000000001,0.9166666666666666
arguana,test-science-sghwbdgmo-pro03a,3.554600351033302,0.06211966276168817,0.08333333333333326,0.9
arguana,test-science-wsihwclscaaw-con01a,3.710941871813635,0.06486094246308004,0.03333333333333333,0.9199999999999999
arguana,test-science-wsihwclscaaw-con02a,3.797523541416018,0.0663767059644063,0.03333333333333333,0.9633333333333333
arguana,test-science-wsihwclscaaw-con03a,3.7244145773866983,0.06509525577227267,0.05000000000000001,0.9533333333333333
arguana,test-science-wsihwclscaaw-pro01a,3.887756307364448,0.0679585312803586,0.05000000000000001,0.96
arguana,test-science-wsihwclscaaw-pro02a,2.7189979261796187,0.047491135696570035,0.016666666666666666,0.9533333333333333
arguana,test-science-wsihwclscaaw-pro03a,3.543694385429331,0.061928140620390565,0.0,0.9633333333333333
arguana,test-society-asfhwapg-con01a,5.112912804209466,0.08947533120711641,0.08333333333333326,0.88
arguana,test-society-asfhwapg-con02a,4.9960078197137685,0.08741967876752217,0.05000000000000001,0.9633333333333333
arguana,test-society-asfhwapg-con03a,3.2509350097830185,0.05680065229535097,0.05000000000000001,0.9133333333333334
arguana,test-society-asfhwapg-con04a,3.586967840873894,0.06268639738361033,0.0,0.9433333333333334
arguana,test-society-asfhwapg-pro01a,3.8981509574828315,0.0681412915388743,0.06666666666666664,0.9466666666666667
arguana,test-society-asfhwapg-pro02a,4.241572704714887,0.07416550318400063,0.03333333333333333,0.93
arguana,test-society-cpisydfphwj-con01a,3.5725969163960225,0.06243493656317389,0.0,0.9466666666666667
arguana,test-society-cpisydfphwj-con02a,3.463955586973789,0.06053183972835536,0.03333333333333333,0.9466666666666667
arguana,test-society-cpisydfphwj-con03a,4.356450028297213,0.0761816874146461,0.09999999999999996,0.8966666666666666
arguana,test-society-cpisydfphwj-pro01a,4.100226859482279,0.07168487956126529,0.08333333333333326,0.9466666666666667
arguana,test-society-cpisydfphwj-pro02a,4.218617766181963,0.07376244167486823,0.11666666666666665,0.9333333333333332
arguana,test-society-cpisydfphwj-pro03a,3.6676442470313724,0.06410195678472513,0.06666666666666664,0.9466666666666667
arguana,test-society-epiasghbf-con01a,4.744390485761891,0.08299642801284786,0.06666666666666664,0.9233333333333333
arguana,test-society-epiasghbf-con02a,3.1104063500500025,0.0543403302629788,0.11666666666666659,0.9633333333333333
arguana,test-society-epiasghbf-con03a,4.169539177403717,0.07290127873420714,0.016666666666666666,0.94
arguana,test-society-epiasghbf-con04a,4.189807432427873,0.07325721532106397,0.06666666666666664,0.93
arguana,test-society-epiasghbf-pro01a,4.459780972498599,0.07799999664227163,0.2166666666666666,0.8966666666666666
arguana,test-society-epiasghbf-pro02a,3.0125373942191076,0.0526274405419826,0.16666666666666663,0.8966666666666666
arguana,test-society-epiasghbf-pro03a,5.209907177574937,0.0911863669753074,0.04999999999999997,0.9233333333333333
arguana,test-society-epsihbdns-con01a,4.374008904461323,0.0764904767274856,0.09999999999999991,0.9366666666666666
arguana,test-society-epsihbdns-con02a,4.172996572140952,0.0729616036017735,0.09999999999999991,0.83
arguana,test-society-epsihbdns-con03a,4.035028029196998,0.07054131726423894,0.14999999999999994,0.9033333333333333
arguana,test-society-epsihbdns-con04a,4.402158721845379,0.0769845197598139,0.09999999999999991,0.9
arguana,test-society-epsihbdns-pro01a,4.471781382076753,0.0782063926259676,0.13333333333333322,0.9066666666666667
arguana,test-society-epsihbdns-pro02a,3.9437989305108725,0.06894182165463764,0.04999999999999997,0.8666666666666667
arguana,test-society-epsihbdns-pro03a,4.063314134356972,0.0710374092062314,0.016666666666666666,0.94
arguana,test-society-epsihbdns-pro04a,4.803813268810873,0.08404042323430377,0.08333333333333326,0.8466666666666667
arguana,test-society-ghbgqeaaems-con01a,3.9952544358732074,0.0698436746994654,0.08333333333333326,0.9266666666666667
arguana,test-society-ghbgqeaaems-con02a,4.525372119901828,0.07914775858322774,0.1333333333333333,0.9133333333333334
arguana,test-society-ghbgqeaaems-con03a,2.835265206125982,0.04952519138654069,0.05000000000000001,0.96
arguana,test-society-ghbgqeaaems-pro01a,3.977472605710943,0.06953204423189159,0.05000000000000001,0.96
arguana,test-society-ghbgqeaaems-pro02a,3.0495608886347862,0.0532755590975284,0.05000000000000001,0.9233333333333333
arguana,test-society-ghbgqeaaems-pro03a,3.2938437301909125,0.05755194028218583,0.05000000000000001,0.96
arguana,test-society-ghbgqeaaems-pro04a,3.394231456622863,0.059310267368952396,0.09999999999999991,0.9499999999999998
arguana,test-society-mmcpsgfhbf-con01a,3.384245678934604,0.05913621311386421,0.03333333333333333,0.9066666666666667
arguana,test-society-mmcpsgfhbf-con02a,3.850337101887304,0.0673025473952293,0.05000000000000001,0.9499999999999998
arguana,test-society-mmcpsgfhbf-con03a,4.133209547814623,0.0722639759381612,0.09999999999999991,0.9366666666666666
arguana,test-society-mmcpsgfhbf-con04a,5.264667077771104,0.09214566151301061,0.05000000000000001,0.9066666666666666
arguana,test-society-mmcpsgfhbf-pro01a,4.906423188109371,0.08584433545668914,0.05000000000000001,0.8966666666666666
arguana,test-society-mmcpsgfhbf-pro02a,4.427278557643434,0.07742668439944579,0.21666666666666665,0.84
arguana,test-society-mmcpsgfhbf-pro03a,3.8538705391577874,0.0673645163575808,0.11666666666666659,0.9133333333333334
arguana,test-society-mmcpsgfhbf-pro04a,3.259582932034333,0.0569556467235088,0.03333333333333333,0.9166666666666666
arguana,test-society-simhbrasnba-con01a,4.160686192611654,0.07274581243594484,0.15,0.8666666666666667
arguana,test-society-simhbrasnba-con02a,3.84127246210803,0.0671457449595133,0.09999999999999991,0.9199999999999999
arguana,test-society-simhbrasnba-con03a,6.0761163014902495,0.1064480990171432,0.11666666666666659,0.8133333333333334
arguana,test-society-simhbrasnba-pro01a,4.120823442428585,0.07204652329285936,0.09999999999999991,0.8633333333333333
arguana,test-society-simhbrasnba-pro02a,5.011929840343259,0.08769941081603366,0.39999999999999997,0.82
arguana,test-society-simhbrasnba-pro03a,5.347614194298856,0.09360725929339724,0.1333333333333333,0.8433333333333333
arguana,test-society-tlhrilsfhwr-con01a,3.40487366796733,0.059496647367874765,0.0,0.9333333333333332
arguana,test-society-tlhrilsfhwr-con02a,1.211023929404056e-06,2.113635488854015e-08,0.0,0.9499999999999998
arguana,test-society-tlhrilsfhwr-con03a,3.278138579228403,0.0572771231333414,0.0,0.9566666666666667
arguana,test-society-tlhrilsfhwr-pro01a,3.2039614137667534,0.05597807342807446,0.0,0.9233333333333333
arguana,test-society-tlhrilsfhwr-pro02a,1.158992192148059e-06,2.0228229757890404e-08,0.016666666666666666,0.9733333333333333
arguana,test-society-tlhrilsfhwr-pro03a,1.282170749406774e-06,2.2378101149911345e-08,0.0,0.9666666666666667
arguana,test-society-tlhrilsfhwr-pro04a,3.201245365546242,0.05593050271272654,0.0,0.9266666666666667
arguana,test-society-tsmihwurpp-con01a,4.523877979620308,0.07912131398916238,0.06666666666666664,0.8433333333333333
arguana,test-society-tsmihwurpp-con02a,3.4834358954962075,0.06087277705470717,0.05000000000000001,0.9133333333333334
arguana,test-society-tsmihwurpp-con03a,6.404939362732562,0.11225588371356321,0.09999999999999996,0.82
arguana,test-society-tsmihwurpp-pro01a,4.238004312306319,0.0741033976276715,0.0666666666666666,0.8833333333333333
arguana,test-society-tsmihwurpp-pro02a,4.457239405189436,0.07795235514640803,0.08333333333333326,0.8766666666666666
arguana,test-society-tsmihwurpp-pro03a,4.177027389217938,0.07303266972303386,0.11666666666666659,0.8433333333333334
arguana,test-sport-aastshsrqsar-con01a,4.975933476907958,0.08706597487131747,0.04999999999999997,0.9033333333333333
arguana,test-sport-aastshsrqsar-con02a,4.700267854143461,0.08222005764643346,0.09999999999999991,0.8666666666666667
arguana,test-sport-aastshsrqsar-con03a,5.293576374961897,0.09265457093715664,0.08333333333333326,0.8666666666666667
arguana,test-sport-aastshsrqsar-con04a,4.318547180866934,0.07551634808381397,0.0333333333333333,0.87
arguana,test-sport-aastshsrqsar-pro01a,5.461090109926345,0.09560420612494147,0.03333333333333333,0.86
arguana,test-sport-aastshsrqsar-pro02a,4.6572273904139445,0.0814786826570828,0.03333333333333333,0.9366666666666666
arguana,test-sport-aastshsrqsar-pro03a,4.433227868567897,0.07752953718105947,0.0,0.94
arguana,test-sport-otshwbe2uuyt-con01a,3.6428785740615055,0.06366650015115734,0.03333333333333333,0.9033333333333333
arguana,test-sport-otshwbe2uuyt-con02a,3.598458954500423,0.06288767854372652,0.03333333333333333,0.8666666666666667
arguana,test-sport-otshwbe2uuyt-con03a,4.172226201957897,0.0729481900731722,0.05000000000000001,0.9566666666666667
arguana,test-sport-otshwbe2uuyt-con04a,3.340369406632668,0.058366620292266136,0.05000000000000001,0.9433333333333334
arguana,test-sport-otshwbe2uuyt-con05a,3.2793533981936656,0.057298603157202366,0.016666666666666666,0.9566666666666667
arguana,test-sport-otshwbe2uuyt-pro01a,3.934000405750883,0.06877018759648,0.08333333333333326,0.94
arguana,test-sport-otshwbe2uuyt-pro02a,3.769940644725567,0.06589308132727938,0.05000000000000001,0.9533333333333333
arguana,test-sport-otshwbe2uuyt-pro03a,3.1428850174279375,0.054908774793148006,0.05000000000000001,0.8733333333333334
arguana,test-sport-tshbmlbscac-con01a,9.09927280597018e-07,1.5881227000136278e-08,0.0,0.9433333333333334
arguana,test-sport-tshbmlbscac-con02a,3.3724321730369073,0.058928716927766765,0.05000000000000001,0.91
arguana,test-sport-tshbmlbscac-con03a,4.536614649207196,0.07934896399577453,0.016666666666666666,0.9
arguana,test-sport-tshbmlbscac-con04a,3.891771025529623,0.06803140540917711,0.03333333333333333,0.8733333333333334
arguana,test-sport-tshbmlbscac-pro01a,2.7431013928738075,0.047912932932376834,0.0,0.9233333333333333
arguana,test-sport-tshbmlbscac-pro02a,2.024518216947597e-06,3.5334508652340446e-08,0.0,0.9566666666666667
arguana,test-sport-tshbmlbscac-pro03a,3.1517751694171317,0.05506461486220356,0.0,0.8966666666666666
arguana,test-sport-tshbmlbscac-pro04a,3.1507641446056076,0.05504683529337243,0.0,0.89
arguana,test-sport-ybfgsohbhog-con01a,3.3319340751626156,0.058219290028015735,0.0,0.96
arguana,test-sport-ybfgsohbhog-con02a,3.296472217034786,0.0575985312461853,0.03333333333333333,0.9033333333333333
arguana,test-sport-ybfgsohbhog-con03a,3.4081996073124032,0.0595547345777352,0.06666666666666664,0.89
arguana,test-sport-ybfgsohbhog-pro01a,4.28082299979098,0.07486310104529056,0.06666666666666664,0.9533333333333333
arguana,test-sport-ybfgsohbhog-pro02a,3.820756315724512,0.06678388019402816,0.016666666666666666,0.8933333333333334
arguana,test-sport-ybfgsohbhog-pro03a,4.191093071314289,0.0732795173923174,0.0,0.89
arguana,test-sport-ybfgsohbhog-pro04a,3.731410566250929,0.06521853556235627,0.05000000000000001,0.9133333333333334
fiqa,10034,10.379416711210117,0.18317069113254544,0.24999999999999997,0.7133333333333334
fiqa,10039,10.199836300671743,0.17995587488015485,0.28333333333333327,0.7166666666666667
fiqa,10109,8.575824288116806,0.15080711245536801,0.2833333333333333,0.7000000000000001
fiqa,10122,14.214453941118954,0.25335680445035297,0.4833333333333334,0.61
fiqa,10136,11.076692260665666,0.1957829544941584,0.5499999999999999,0.48333333333333334
fiqa,10137,14.863877253398556,0.2654528518517812,0.18333333333333326,0.87
fiqa,10152,12.509867304913518,0.22217725714047742,0.2666666666666666,0.71
fiqa,10183,16.149589668118747,0.28970982631047565,0.5499999999999999,0.45999999999999996
fiqa,10213,15.075235007959954,0.2693682511647542,0.5333333333333333,0.4466666666666667
fiqa,10246,16.647291128106875,0.2991926471392314,0.11666666666666659,0.7533333333333333
fiqa,10267,15.700340563860882,0.2811063726743062,0.5166666666666667,0.49333333333333335
fiqa,104,15.028204260336617,0.26857209205627436,0.7166666666666667,0.2733333333333334
fiqa,10414,20.239227131307516,0.3703570067882538,0.35000000000000003,0.6166666666666667
fiqa,10447,12.832637164006114,0.22779451807339987,0.14999999999999994,0.8666666666666667
fiqa,10462,13.858521324793621,0.2467087606588999,0.4166666666666667,0.54
fiqa,10482,14.001375036122369,0.2493598858515421,0.19999999999999996,0.7666666666666666
fiqa,10497,10.791513256276142,0.1906245946884155,0.2333333333333333,0.7066666666666667
fiqa,10526,15.754313786681436,0.28216162323951716,0.35000000000000003,0.7366666666666667
fiqa,10547,14.546204030129573,0.2597618500391642,0.2666666666666666,0.7533333333333333
fiqa,10558,13.619631909355812,0.2423122475544611,0.4166666666666667,0.5266666666666667
fiqa,10596,9.968366132817815,0.1758169482151667,0.09999999999999996,0.9166666666666666
fiqa,106,14.938449059709079,0.2668526570002238,0.4166666666666666,0.5066666666666667
fiqa,10601,16.208715934119464,0.2907328704992929,0.2333333333333333,0.86
fiqa,10628,12.014379534194404,0.2128985375165939,0.3,0.85
fiqa,10639,15.662485466497104,0.2803872525691986,0.21666666666666665,0.7766666666666667
fiqa,10645,10.923445103203553,0.19299882153669987,0.3,0.7833333333333333
fiqa,10674,13.900624812325397,0.2474912802378336,0.36666666666666664,0.6033333333333334
fiqa,10710,11.276652360102162,0.1994258215030034,0.11666666666666659,0.86
fiqa,10734,18.83379016216286,0.3411632478237152,0.3333333333333333,0.63
fiqa,1074,14.472139304306873,0.25810380776723224,0.21666666666666667,0.7666666666666666
fiqa,10792,12.527004392718283,0.2222598890463511,0.15,0.7466666666666667
fiqa,10808,11.39341664866936,0.2015554457902908,0.3333333333333333,0.77
fiqa,10809,15.375763293046552,0.27500186363856,0.3,0.7533333333333333
fiqa,10812,11.917399156908914,0.21110578874746957,0.11666666666666663,0.9266666666666667
fiqa,10827,12.519968361002187,0.2220613708098729,0.3,0.8000000000000002
fiqa,10845,15.723619318614515,0.28154290715853375,0.4499999999999999,0.7333333333333334
fiqa,1085,12.843173551743396,0.22799821694691977,0.1333333333333333,0.8533333333333334
fiqa,109,13.778230316337334,0.2452691545089086,0.4833333333333334,0.5733333333333334
fiqa,1090,12.117398310117101,0.21471433838208512,0.5666666666666668,0.7266666666666666
fiqa,10912,14.765665420862291,0.2636316667000452,0.2333333333333333,0.8466666666666667
fiqa,10932,15.33500016907633,0.2743331988652547,0.36666666666666664,0.57
fiqa,10975,12.403846208125563,0.21995744109153748,0.3,0.7866666666666666
fiqa,10979,16.57820846498318,0.29771232604980463,0.3,0.7833333333333333
fiqa,10994,13.656749204613552,0.24301689863204953,0.09999999999999991,0.8366666666666666
fiqa,11039,11.993560362365393,0.21247493227322892,0.18333333333333326,0.8233333333333333
fiqa,11054,9.959360146717303,0.17559751868247983,0.16666666666666663,0.86
fiqa,11088,11.28650601715819,0.19957706332206723,0.5833333333333334,0.49333333333333335
fiqa,1150,13.422801313600266,0.23868284126122788,0.6333333333333333,0.37333333333333335
fiqa,1157,12.518238365843024,0.22203625241915378,0.35000000000000003,0.5266666666666667
fiqa,1159,12.903084121638221,0.22909855345884955,0.2333333333333333,0.6333333333333333
fiqa,1198,10.90078940942285,0.19262861708799997,0.3333333333333333,0.7666666666666666
fiqa,1230,13.972326123962533,0.24888959030310312,0.1333333333333333,0.7633333333333333
fiqa,1281,9.728893045906853,0.17146532734235123,0.2166666666666666,0.8033333333333333
fiqa,1284,11.789455141154926,0.2087482462326685,0.4666666666666666,0.75
fiqa,1297,12.80720658074947,0.22733021775881446,0.3499999999999999,0.71
fiqa,1306,13.095424103603682,0.23264652490615842,0.6166666666666667,0.54
fiqa,1309,11.052691249452884,0.19536340733369187,0.16666666666666663,0.7866666666666666
fiqa,1310,9.857294126877802,0.17376156151294705,0.2333333333333333,0.8033333333333333
fiqa,1321,10.453439544381398,0.18450304865837094,0.1333333333333333,0.7566666666666667
fiqa,1322,13.232568737889949,0.2351513703664144,0.35000000000000003,0.7033333333333335
fiqa,1391,10.93538603659866,0.1932244896888732,0.48333333333333334,0.5133333333333333
fiqa,1393,12.297131116099862,0.21802967290083564,0.1333333333333333,0.7366666666666667
fiqa,1415,8.47604717212608,0.14911014338334397,0.08333333333333326,0.9766666666666666
fiqa,1416,14.236137613550119,0.2537135183811188,0.06666666666666664,0.89
fiqa,1441,14.086774708864441,0.25093873341878253,0.2166666666666666,0.7966666666666667
fiqa,1451,11.921416844157028,0.21112798651059464,0.5,0.57
fiqa,1469,13.484451964842881,0.23979845146338144,0.65,0.6133333333333333
fiqa,15,11.59308591819412,0.20515547692775724,0.26666666666666666,0.7033333333333335
fiqa,1530,11.633283300289042,0.20588420828183485,0.4666666666666666,0.6133333333333333
fiqa,1670,12.668644938942554,0.2248142262299855,0.25,0.68
fiqa,1676,13.150925043988957,0.2336823443571726,0.05000000000000001,0.7733333333333334
fiqa,1736,14.19183308231604,0.2528963635365168,0.3666666666666667,0.7733333333333333
fiqa,1748,11.422901333564392,0.20206057528654733,0.3499999999999999,0.6633333333333333
fiqa,1783,16.15951147758416,0.2897736628850301,0.2166666666666666,0.7766666666666667
fiqa,18,13.330670351184631,0.23695751031239828,0.2666666666666666,0.8333333333333334
fiqa,1812,14.496770603780043,0.2585611343383789,0.2333333333333333,0.7966666666666667
fiqa,1815,13.936991074155245,0.24818013608455655,0.18333333333333326,0.6933333333333334
fiqa,1819,11.894413269425263,0.21069644888242078,0.6666666666666666,0.47
fiqa,1824,12.677564851070258,0.22498529652754462,0.23333333333333325,0.7566666666666667
fiqa,1826,10.11587520675672,0.17842305203278855,0.16666666666666663,0.7399999999999999
fiqa,1832,13.19813355089697,0.23455691834290823,0.2666666666666666,0.88
fiqa,1871,11.691697998944742,0.20701104402542114,0.18333333333333326,0.8666666666666667
fiqa,1877,9.485280263511846,0.1670885731776555,0.09999999999999996,0.8333333333333334
fiqa,1889,14.653471170984217,0.261541540424029,0.6,0.49333333333333335
fiqa,1915,11.458075334820956,0.202696219086647,0.6,0.64
fiqa,1920,12.550351702420551,0.22264409065246574,0.43333333333333335,0.5933333333333334
fiqa,1933,8.875290311576235,0.15616930027802783,0.18333333333333326,0.8033333333333333
fiqa,1948,17.881822524393925,0.32299172878265375,0.5333333333333333,0.6633333333333333
fiqa,1994,13.874257654259956,0.2470173041025797,0.4000000000000001,0.6266666666666666
fiqa,2010,13.461695348455043,0.23937901854515076,0.24999999999999997,0.8666666666666667
fiqa,2051,11.7428042997039,0.20788594583670297,0.3,0.7133333333333333
fiqa,2070,9.365662506637014,0.1649469385544459,0.2166666666666666,0.7566666666666667
fiqa,2075,11.788131216527736,0.20870071152846018,0.2833333333333333,0.64
fiqa,2076,8.899672742053,0.1566228667894999,0.3666666666666667,0.7033333333333335
fiqa,2088,14.071865063761201,0.2506919056177139,0.4666666666666666,0.63
fiqa,2108,10.160325817576124,0.17921398083368933,0.3333333333333333,0.7733333333333334
fiqa,2118,11.981285224416588,0.21223163604736325,0.3,0.6266666666666666
fiqa,2154,11.365506939380642,0.20101333161195115,0.2666666666666666,0.7633333333333333
fiqa,2181,10.75337240362353,0.18993480006853736,0.25,0.7633333333333333
fiqa,2183,13.755407341094115,0.24480815728505453,0.2666666666666666,0.73
fiqa,2204,12.385767358293906,0.21965054670969641,0.65,0.4166666666666667
fiqa,2264,13.907815042455255,0.24770468970139822,0.3,0.6699999999999999
fiqa,2296,14.135024385697966,0.25183713436126703,0.44999999999999996,0.6733333333333333
fiqa,2306,11.730860827619844,0.20765933394432065,0.2333333333333333,0.7566666666666667
fiqa,2316,12.49118691781671,0.22157045702139533,0.2666666666666666,0.73
fiqa,2318,14.084120726048207,0.2509605487187703,0.11666666666666659,0.8366666666666666
fiqa,2330,11.133573328917,0.19682870805263517,0.3,0.57
fiqa,2334,12.936413208589997,0.22970303396383918,0.2333333333333333,0.7233333333333333
fiqa,2348,14.469814370239826,0.2580705334742863,0.4000000000000001,0.48
fiqa,2376,12.018387458349734,0.21298647920290625,0.1333333333333333,0.7766666666666667
fiqa,2383,13.645185770239555,0.2427605291207631,0.3333333333333333,0.7399999999999999
fiqa,2384,16.28655736783603,0.29217998186747235,0.2333333333333333,0.8233333333333333
fiqa,2385,15.450369685765459,0.27641525864601135,0.18333333333333335,0.75
fiqa,2388,14.809314115249862,0.2645063996315002,0.18333333333333335,0.8233333333333333
fiqa,2395,15.085299663021912,0.26965585847695667,0.39999999999999997,0.7799999999999999
fiqa,2398,16.343180395746092,0.29361267884572345,0.4833333333333334,0.6733333333333333
fiqa,2399,11.277085024460092,0.19942139585812882,0.3,0.7866666666666667
fiqa,2400,12.579340443968832,0.223150372505188,0.3499999999999999,0.68
fiqa,2407,12.521427105173352,0.2222442328929901,0.3666666666666667,0.6966666666666667
fiqa,2416,15.435471776413317,0.2761242588361104,0.6166666666666667,0.4666666666666666
fiqa,2423,14.253540232464166,0.25418077409267426,0.4833333333333334,0.7266666666666667
fiqa,2443,12.340330280049608,0.2187855889399846,0.3499999999999999,0.7166666666666668
fiqa,2445,16.203027561520052,0.29086406032244366,0.26666666666666666,0.7033333333333333
fiqa,2460,9.833788108062977,0.17334148784478498,0.4666666666666666,0.4766666666666666
fiqa,2465,12.285446720906146,0.2177779028813044,0.09999999999999991,0.7666666666666666
fiqa,2472,12.57251414834854,0.2230632106463114,0.44999999999999996,0.6366666666666667
fiqa,2486,12.417655733357938,0.2202352384726206,0.3833333333333333,0.6333333333333333
fiqa,2498,12.485544139578147,0.221437985698382,0.15,0.7799999999999999
fiqa,2513,13.659202231143418,0.24309180180231724,0.44999999999999996,0.5233333333333333
fiqa,2516,12.60760904883803,0.22369004786014557,0.1333333333333333,0.8233333333333333
fiqa,2549,10.677271844581549,0.1885583897431691,0.21666666666666665,0.8066666666666666
fiqa,2551,16.693353335412628,0.29991031686464936,0.7166666666666667,0.48
fiqa,2568,16.018607241732944,0.28710374236106867,0.4833333333333334,0.6366666666666667
fiqa,2579,12.393444564360271,0.21981978913148237,0.3333333333333333,0.64
fiqa,2580,11.360326018975542,0.20094581941763556,0.3833333333333333,0.5833333333333334
fiqa,2587,11.77199619998268,0.20849184195200596,0.15,0.7733333333333334
fiqa,2589,11.935386738070385,0.21138800680637357,0.3833333333333333,0.5666666666666668
fiqa,2590,9.675119983724374,0.1705688883860906,0.25,0.8033333333333333
fiqa,2593,11.172735185991582,0.19753108918666837,0.3,0.6866666666666666
fiqa,2598,10.445598171673351,0.1843682378530502,0.16666666666666663,0.8566666666666666
fiqa,26,17.57953975210796,0.3168478508790334,0.29999999999999993,0.6366666666666667
fiqa,2648,16.707931105400405,0.30017751455307007,0.2833333333333333,0.7000000000000001
fiqa,2676,16.038184290321677,0.28746793667475384,0.4666666666666666,0.6466666666666666
fiqa,2685,15.4560565641117,0.27654946843783057,0.3499999999999999,0.6866666666666666
fiqa,2695,11.056041305452846,0.195395936568578,0.3333333333333333,0.71
fiqa,2713,16.65721378807656,0.29924446344375605,0.16666666666666663,0.8366666666666666
fiqa,2724,12.069478838539624,0.21391289929548893,0.28333333333333327,0.7633333333333333
fiqa,2737,13.61437796353494,0.2422642310460408,0.6833333333333332,0.4366666666666667
fiqa,2747,12.558629910711284,0.22278341154257453,0.6,0.6066666666666666
fiqa,2749,12.893635743811474,0.22903400659561157,0.4166666666666667,0.66
fiqa,2790,14.983891930055137,0.26765357454617816,0.3,0.6699999999999999
fiqa,2801,10.936156361243142,0.1932308326164881,0.3666666666666667,0.8066666666666666
fiqa,2856,15.109726224942756,0.27001292506853736,0.5166666666666667,0.6566666666666666
fiqa,2857,11.830315940273133,0.20946644743283582,0.6666666666666666,0.3933333333333333
fiqa,2880,10.946327440867714,0.19341474274794257,0.3,0.7266666666666666
fiqa,2885,15.779525478297424,0.28268373012542725,0.3666666666666667,0.71
fiqa,2891,17.219066851632263,0.31004631519317627,0.4166666666666667,0.6666666666666666
fiqa,2895,16.323068843578394,0.2929181059201558,0.5499999999999999,0.56
fiqa,2903,13.903935185016879,0.24754999081293738,0.36666666666666664,0.5533333333333333
fiqa,2923,10.539469607166637,0.1860569318135579,0.4166666666666666,0.7366666666666667
fiqa,2964,15.66104638602418,0.28054216504096985,0.19999999999999987,0.7233333333333333
fiqa,2968,14.670921281777806,0.2618988752365112,0.3333333333333333,0.56
fiqa,2994,15.38820170828815,0.2752622763315837,0.48333333333333334,0.56
fiqa,3006,14.916787024556662,0.2664034267266591,0.48333333333333334,0.5599999999999999
fiqa,3008,12.178005422006303,0.21587039033571875,0.3666666666666667,0.6166666666666667
fiqa,3014,16.233216128994417,0.29122358560562134,0.5333333333333333,0.5566666666666666
fiqa,3033,13.140500340509893,0.2334984590609868,0.31666666666666665,0.8433333333333333
fiqa,3039,9.842246386837028,0.17350421349207554,0.3833333333333333,0.65
fiqa,3049,10.515121445487134,0.18565720816453293,0.09999999999999996,0.85
fiqa,3051,14.455870945551688,0.2578311562538147,0.25,0.8666666666666667
fiqa,3067,10.434703404184352,0.18423677484194434,0.3,0.6733333333333333
fiqa,3085,13.258217345998844,0.23565838734308872,0.3833333333333333,0.8533333333333334
fiqa,3091,14.495989372607724,0.25855477650960285,0.3833333333333333,0.75
fiqa,3103,13.518942696344041,0.2404386599858602,0.3,0.75
fiqa,3115,13.77023078025548,0.24513963361581168,0.4666666666666666,0.4833333333333334
fiqa,3125,14.101544244953038,0.25123876333236694,0.29999999999999993,0.6233333333333334
fiqa,3148,10.534535243769604,0.1860109170277913,0.31666666666666665,0.5833333333333334
fiqa,3149,16.074855299544833,0.28822288910547883,0.3666666666666667,0.7333333333333334
fiqa,3177,15.967066653856449,0.2861379186312358,0.08333333333333326,0.85
fiqa,3179,13.994657118288666,0.2492535561323166,0.11666666666666659,0.8033333333333333
fiqa,3186,14.250971289723523,0.2540049701929092,0.3833333333333333,0.8166666666666668
fiqa,3189,16.003682055945152,0.2868577539920807,0.65,0.7600000000000001
fiqa,3254,11.37031158412266,0.20109772682189941,0.46666666666666673,0.5866666666666667
fiqa,3264,15.329790465355778,0.2741326689720154,0.6166666666666667,0.20000000000000004
fiqa,3357,13.161899861734284,0.23396622141202286,0.43333333333333335,0.6466666666666666
fiqa,3369,11.177526713450577,0.19763331611951185,0.23333333333333325,0.7833333333333333
fiqa,3394,13.048211595364828,0.231769914428393,0.35000000000000003,0.7266666666666666
fiqa,34,13.81680623307397,0.2459521939357121,0.3,0.7033333333333333
fiqa,3404,11.294393849630005,0.19971974194049835,0.4333333333333333,0.68
fiqa,3405,19.35505803104513,0.3513973553975423,0.1333333333333333,0.8233333333333333
fiqa,3446,12.405997460381412,0.21997612218062076,0.1333333333333333,0.85
fiqa,3451,11.295422263476732,0.19977110624313352,0.5166666666666667,0.5166666666666667
fiqa,3453,10.964423934024383,0.19374005993207288,0.15,0.7666666666666666
fiqa,3480,15.037687906020787,0.26876562337080634,0.5666666666666668,0.3566666666666667
fiqa,3490,16.404827066982456,0.2944469650586446,0.4499999999999999,0.77
fiqa,3500,15.19059396807456,0.27154880762100214,0.39999999999999997,0.66
fiqa,3503,14.184714541211612,0.25282070040702814,0.39999999999999997,0.6699999999999999
fiqa,3512,10.35271692390716,0.18274730443954465,0.5,0.65
fiqa,3528,13.211526316290731,0.23476831614971158,0.3,0.7633333333333333
fiqa,3530,13.885227372448533,0.24724048872788748,0.21666666666666665,0.7866666666666666
fiqa,3534,15.611397327576649,0.27942176659901935,0.6,0.48666666666666664
fiqa,3566,14.99382259417329,0.26809597015380854,0.3833333333333333,0.59
fiqa,3569,12.410691116848525,0.22014618416627244,0.18333333333333326,0.84
fiqa,3594,11.300199437189576,0.1998628079891204,0.3333333333333333,0.5866666666666666
fiqa,3612,14.098043989522585,0.2511783043543497,0.39999999999999997,0.6933333333333334
fiqa,3615,8.906814679014898,0.15672279397646582,0.16666666666666663,0.7933333333333333
fiqa,3625,16.335451910062833,0.293132742245992,0.48333333333333334,0.5
fiqa,3682,14.58111595186221,0.26013139883677167,0.16666666666666663,0.8133333333333334
fiqa,3683,15.974571288413003,0.2864011128743489,0.13333333333333322,0.7966666666666667
fiqa,3694,9.75687969098498,0.17195637524127957,0.3666666666666667,0.56
fiqa,3724,12.504899826114062,0.22181961437066391,0.16666666666666663,0.85
fiqa,3735,14.595535781889248,0.26041362682978314,0.2833333333333333,0.86
fiqa,3759,16.6303696594628,0.2987122237682342,0.18333333333333326,0.49333333333333335
fiqa,3767,15.063007349197195,0.26915729045867914,0.28333333333333327,0.64
fiqa,3771,13.784192421678553,0.2453655252854029,0.44999999999999996,0.6033333333333334
fiqa,3781,14.529807477416506,0.2593776235977808,0.4333333333333333,0.6233333333333333
fiqa,3789,12.140478744780888,0.21513891716798142,0.4333333333333333,0.5666666666666667
fiqa,3791,13.193247466719605,0.23446116348107648,0.35000000000000003,0.6766666666666667
fiqa,3801,14.683460336827919,0.2620924760897954,0.4166666666666667,0.6233333333333334
fiqa,3822,12.982909116994856,0.23058441281318662,0.2833333333333333,0.64
fiqa,3829,13.111162631825522,0.23297575116157523,0.1333333333333333,0.8733333333333334
fiqa,3830,13.578289467331205,0.24162306884924567,0.3333333333333333,0.82
fiqa,3837,12.332201512488027,0.21868438025315604,0.11666666666666659,0.8333333333333334
fiqa,3859,7.6754928596444145,0.13478329032659528,0.35000000000000003,0.7166666666666667
fiqa,3875,8.823344940993056,0.15525898834069565,0.28333333333333327,0.6966666666666667
fiqa,3888,12.646710006144135,0.22441514333089188,0.35000000000000003,0.7000000000000001
fiqa,3909,14.791948330224264,0.2640638252099355,0.7333333333333334,0.39999999999999997
fiqa,3932,12.937135931895,0.22971467673778526,0.31666666666666665,0.7966666666666667
fiqa,3934,11.066054394856623,0.19560246666272477,0.31666666666666665,0.8266666666666667
fiqa,3995,19.502361158999634,0.3551661471525828,0.48333333333333334,0.5266666666666667
fiqa,4007,12.453593555829775,0.22085752089818314,0.14999999999999994,0.8733333333333334
fiqa,4011,13.114514085817447,0.23298190037409458,0.5,0.58
fiqa,4019,13.520317057002396,0.2404699077208836,0.6833333333333332,0.4666666666666666
fiqa,4031,13.540449278940761,0.24085275828838348,0.2833333333333333,0.6
fiqa,4037,10.626854741214979,0.18763833244641615,0.16666666666666663,0.8233333333333333
fiqa,4047,12.53716741572083,0.22239604095617926,0.4333333333333333,0.6033333333333334
fiqa,4071,12.405323355135915,0.2199629445870717,0.2833333333333333,0.7999999999999999
fiqa,4084,14.179681643658943,0.25268376866976416,0.44999999999999996,0.6699999999999999
fiqa,4102,12.05732008152051,0.213611215353012,0.4499999999999999,0.5733333333333334
fiqa,4103,12.958838135777377,0.2301474610964457,0.1333333333333333,0.8233333333333333
fiqa,4105,13.328672437557374,0.23698489864667252,0.45,0.7200000000000001
fiqa,4116,12.957213377359475,0.23010513683160141,0.3333333333333333,0.62
fiqa,4125,16.757749394803543,0.3011434972286224,0.44999999999999996,0.7233333333333333
fiqa,4142,15.958959926815199,0.286066859960556,0.4499999999999999,0.7600000000000001
fiqa,4153,15.161813373394304,0.27098790804545086,0.3833333333333333,0.7166666666666667
fiqa,4179,11.425337723651447,0.20210262139638266,0.48333333333333334,0.5133333333333333
fiqa,4188,10.851687620349537,0.19179589052995039,0.2833333333333333,0.6533333333333333
fiqa,42,11.280460882915387,0.19950867692629493,0.28333333333333327,0.6966666666666667
fiqa,4205,12.287766094090424,0.21782150864601135,0.3666666666666667,0.8233333333333333
fiqa,4233,11.123859414405933,0.1966377844413121,0.3,0.6966666666666667
fiqa,4265,13.558041485943809,0.24115231633186338,0.39999999999999997,0.61
fiqa,4286,12.341571867368899,0.21881802380084991,0.6,0.5166666666666666
fiqa,4289,12.589497782347967,0.2234883507092794,0.3,0.7799999999999999
fiqa,4306,10.798879003334484,0.19075059890747068,0.3833333333333333,0.7200000000000001
fiqa,4312,13.28707133343127,0.23618744313716888,0.2666666666666666,0.6266666666666666
fiqa,4335,18.01725652780978,0.32530544201532996,0.4666666666666666,0.7366666666666667
fiqa,4339,10.061393813304052,0.17744273940722144,0.16666666666666663,0.8099999999999999
fiqa,4394,13.636116385266886,0.24260107179482773,0.31666666666666665,0.6699999999999999
fiqa,4409,12.54031813851389,0.22245696683724717,0.5,0.6166666666666667
fiqa,4411,12.363316106266078,0.21925735970338187,0.3666666666666667,0.6566666666666667
fiqa,4414,11.256462248053772,0.1990569581588109,0.16666666666666663,0.84
fiqa,4415,20.056641492866483,0.365417222181956,0.5,0.5666666666666668
fiqa,4433,11.058011507057453,0.19543477396170297,0.15,0.8133333333333334
fiqa,4447,10.932875743255996,0.19316518306732175,0.25,0.8266666666666667
fiqa,4464,10.557749973873376,0.18638602892557773,0.2833333333333333,0.79
fiqa,4465,17.099105502961265,0.307660033305486,0.19999999999999996,0.91
fiqa,4484,10.173632543141442,0.17947442829608914,0.31666666666666665,0.7966666666666667
fiqa,4499,10.400083741761057,0.18353980779647824,0.3,0.7766666666666667
fiqa,4500,12.890326187609768,0.2289127558469772,0.1333333333333333,0.7599999999999999
fiqa,4504,15.319517323944824,0.273974061012268,0.5333333333333333,0.5433333333333333
fiqa,4514,12.734960987817624,0.22603939473628995,0.2666666666666666,0.68
fiqa,4523,11.349956001991044,0.20073488354682914,0.7666666666666666,0.35333333333333333
fiqa,4539,12.506487055167119,0.22183891137440995,0.3666666666666667,0.6733333333333333
fiqa,4571,13.363068811333699,0.2376834501822789,0.23333333333333336,0.66
fiqa,4600,12.894152047090428,0.22893542051315305,0.3,0.7133333333333334
fiqa,4605,13.939161720933946,0.24822128812472025,0.45,0.7166666666666667
fiqa,4615,11.619449056369561,0.20563453932603196,0.18333333333333326,0.8933333333333334
fiqa,4640,12.145806723430937,0.2152227361996968,0.3833333333333333,0.64
fiqa,4641,13.80631744335085,0.24583636720975235,0.35000000000000003,0.6166666666666667
fiqa,4678,14.86688464685323,0.26547692219416297,0.18333333333333326,0.7733333333333334
fiqa,4681,10.621316084696387,0.18754801154136658,0.3833333333333333,0.7533333333333333
fiqa,4700,10.269113871783349,0.18119937181472778,0.3333333333333333,0.8333333333333334
fiqa,4714,11.27179529709124,0.19931004941463462,0.4000000000000001,0.6533333333333333
fiqa,475,11.34869765360755,0.2007145335276921,0.2166666666666666,0.7333333333333334
fiqa,4756,17.673513772759758,0.32025140523910517,0.3833333333333333,0.7566666666666667
fiqa,4767,11.643435162969658,0.2060666928688685,0.18333333333333326,0.8433333333333334
fiqa,4775,12.783893576141347,0.22694573303063706,0.2833333333333333,0.7666666666666666
fiqa,4777,14.479597413139594,0.25828903913497925,0.39999999999999997,0.5566666666666666
fiqa,4785,10.116286120727716,0.17844447493553153,0.11666666666666659,0.89
fiqa,4804,12.107241895857063,0.21453733245531714,0.5333333333333333,0.6133333333333333
fiqa,4813,14.23733352722625,0.25374636054039,0.2166666666666666,0.82
fiqa,4823,11.97884346180463,0.21220193306605017,0.5833333333333334,0.5333333333333333
fiqa,4827,13.474108140236213,0.23961274325847626,0.16666666666666663,0.7833333333333333
fiqa,4837,12.988673574111354,0.23067188759644822,0.3,0.7133333333333333
fiqa,4844,10.440298412082358,0.18429508805274955,0.19999999999999987,0.8566666666666666
fiqa,4845,14.14696088292664,0.25227057437101996,0.3166666666666666,0.7733333333333333
fiqa,4846,15.26307524403232,0.27291008830070496,0.31666666666666665,0.6466666666666666
fiqa,4863,12.605783614704322,0.22364260752995802,0.16666666666666663,0.8833333333333333
fiqa,4865,10.094450716791263,0.1780290106932322,0.39999999999999997,0.77
fiqa,4920,11.689219883114623,0.20690193275610602,0.15,0.7833333333333333
fiqa,4942,13.410649925689222,0.23845978577931717,0.31666666666666665,0.6699999999999999
fiqa,4946,14.869525378416784,0.2655254503091176,0.5,0.6
fiqa,4955,13.40019352886653,0.23828478654225668,0.29999999999999993,0.7866666666666666
fiqa,4962,14.39883186898208,0.2567760497331619,0.19999999999999996,0.9066666666666667
fiqa,4968,12.175798793112643,0.21580085655053452,0.26666666666666666,0.66
fiqa,4981,14.548500743381725,0.259660725792249,0.26666666666666666,0.6966666666666667
fiqa,4999,13.78892403844464,0.24543520311514536,0.43333333333333335,0.7366666666666667
fiqa,5021,12.152739631309574,0.215422252813975,0.43333333333333335,0.5866666666666667
fiqa,503,14.625078503976212,0.2609574198722839,0.24999999999999997,0.5966666666666667
fiqa,5030,14.996950830251976,0.26790327827135724,0.3833333333333333,0.6066666666666666
fiqa,504,16.29647337751594,0.29237916072209674,0.25,0.6366666666666667
fiqa,5045,16.98650397027899,0.3054836690425873,0.4833333333333334,0.7233333333333333
fiqa,5054,16.52756102587632,0.29691073298454285,0.31666666666666665,0.6699999999999999
fiqa,5061,12.132544268786338,0.21498798827330268,0.4833333333333332,0.6033333333333334
fiqa,5064,13.313569908135952,0.23676487803459165,0.3,0.6433333333333333
fiqa,5067,11.495462126110665,0.20340528090794877,0.48333333333333334,0.59
fiqa,5080,12.515081166253793,0.2220141291618347,0.3833333333333333,0.5533333333333333
fiqa,5083,21.597490954155248,0.3965207636356354,0.09999999999999991,0.8166666666666668
fiqa,5085,13.000201512054526,0.23087599376837412,0.3833333333333333,0.7433333333333333
fiqa,5086,11.105139714534372,0.19629367689291632,0.31666666666666665,0.7466666666666667
fiqa,5090,10.621341972143544,0.18753489355246222,0.3666666666666667,0.6466666666666666
fiqa,5125,16.65782498568714,0.2995640238126119,0.48333333333333334,0.6833333333333332
fiqa,5134,9.003015249400642,0.15843935310840604,0.4166666666666667,0.7933333333333333
fiqa,515,13.479277456260618,0.23970811565717057,0.1333333333333333,0.8433333333333333
fiqa,5150,11.760173305846687,0.2082165032625198,0.2833333333333333,0.8833333333333333
fiqa,5155,11.56130318888537,0.20457315444946286,0.6666666666666666,0.5
fiqa,5172,11.408429113567555,0.20178960263729093,0.2666666666666666,0.7766666666666667
fiqa,5178,13.0573093465037,0.23196436961491898,0.48333333333333334,0.6
fiqa,5185,11.796057835174006,0.20884794990221658,0.3333333333333333,0.7366666666666667
fiqa,5196,12.133773766816816,0.2150571743647257,0.3833333333333333,0.6933333333333334
fiqa,5206,9.805798014287497,0.1728367507457733,0.3499999999999999,0.7799999999999999
fiqa,5228,11.184874732177883,0.19775544603665665,0.3,0.7133333333333334
fiqa,5231,11.545898750725783,0.20430910090605414,0.2666666666666666,0.7866666666666666
fiqa,5241,14.46735842971824,0.25804723302523297,0.3333333333333333,0.7000000000000001
fiqa,5254,12.568178902311109,0.2229839861392974,0.43333333333333335,0.6699999999999999
fiqa,5255,12.765438087999174,0.22657901545365652,0.24999999999999997,0.7333333333333334
fiqa,5264,12.35125311870953,0.2189746648073196,0.3333333333333333,0.7000000000000001
fiqa,5271,12.140648082654204,0.21512436370054877,0.39999999999999997,0.5933333333333333
fiqa,529,14.89961393682028,0.26609498262405396,0.16666666666666663,0.9366666666666666
fiqa,5331,16.97535884623917,0.305267463127772,0.14999999999999994,0.8966666666666666
fiqa,5343,13.767415381768457,0.24505638082822165,0.09999999999999996,0.71
fiqa,5347,17.241255692526412,0.3103969891866048,0.18333333333333326,0.88
fiqa,5356,11.855638816001075,0.2099464883406957,0.35000000000000003,0.7733333333333334
fiqa,5369,19.205243350336975,0.348631888628006,0.5499999999999999,0.6766666666666667
fiqa,5374,11.0526935016378,0.195340613524119,0.4333333333333333,0.6933333333333334
fiqa,5380,10.37227106444133,0.18308419485886887,0.44999999999999996,0.5633333333333334
fiqa,5402,10.616133188637315,0.1874465992053349,0.2333333333333333,0.7600000000000001
fiqa,5410,15.154882649828581,0.27090157071749366,0.35000000000000003,0.7966666666666667
fiqa,5422,9.878294908715707,0.17451132337252295,0.4333333333333333,0.6466666666666666
fiqa,5427,15.247035818686937,0.2726470430692037,0.4666666666666666,0.7566666666666667
fiqa,5460,17.5569264477504,0.3164021869500478,0.44999999999999996,0.61
fiqa,5464,16.086743227308396,0.2884201208750407,0.31666666666666665,0.84
fiqa,547,16.21535034674248,0.29104213913281757,0.65,0.4566666666666667
fiqa,549,14.06009275908167,0.25044513245423633,0.24999999999999997,0.8033333333333333
fiqa,5503,12.917623673374536,0.2294477820396423,0.26666666666666666,0.7600000000000001
fiqa,5505,10.999178415814692,0.19439192116260526,0.2833333333333334,0.8466666666666667
fiqa,5511,12.596203157175692,0.22351590295632676,0.45,0.6933333333333334
fiqa,5534,14.482730561115082,0.2583691676457723,0.7000000000000001,0.56
fiqa,5549,11.253712508233063,0.1989883383115132,0.65,0.32
fiqa,5585,12.00565940087518,0.21267782151699063,0.3,0.7066666666666667
fiqa,559,10.228973719244173,0.18049931029478702,0.3,0.7033333333333333
fiqa,5592,10.416233704364869,0.18383604288101188,0.19999999999999996,0.8433333333333333
fiqa,56,13.704314740568558,0.24389329055945078,0.19999999999999998,0.8433333333333334
fiqa,5616,13.05419047107427,0.23188950121402738,0.5,0.7166666666666667
fiqa,5620,16.469257505392743,0.2957170605659485,0.15,0.7433333333333333
fiqa,5646,11.672271212103047,0.20658856630325315,0.26666666666666666,0.63
fiqa,5653,21.04078326823062,0.38489293058713275,0.5499999999999999,0.51
fiqa,5683,12.189281348966569,0.21601665516694382,0.4333333333333333,0.7033333333333333
fiqa,570,15.75592359930193,0.2821482519308726,0.28333333333333327,0.75
fiqa,5710,12.793055494312851,0.22709715366363517,0.3833333333333333,0.7133333333333334
fiqa,5741,15.816197458931788,0.2834021846453348,0.44999999999999996,0.7266666666666667
fiqa,5763,11.084441652406147,0.19597835838794705,0.31666666666666665,0.6733333333333333
fiqa,5782,10.533223624938252,0.18594887355963388,0.4166666666666667,0.7000000000000001
fiqa,5790,12.30049842169369,0.21805910269419349,0.3999999999999999,0.8366666666666666
fiqa,5808,14.672973239539864,0.2618595858414967,0.5499999999999999,0.5933333333333334
fiqa,585,13.671613657766377,0.24329864482084906,0.35000000000000003,0.5766666666666667
fiqa,5853,10.938765574650107,0.19328816235065457,0.4666666666666666,0.7733333333333334
fiqa,5862,12.202830145296554,0.21630284190177915,0.36666666666666664,0.6733333333333333
fiqa,588,11.87820373284292,0.21034110585848487,0.3333333333333333,0.82
fiqa,5888,13.933303059681066,0.2481468667586644,0.15,0.8766666666666666
fiqa,5903,11.576329060880534,0.2048406253258387,0.14999999999999994,0.8166666666666668
fiqa,5906,10.452353115001026,0.18453050653139746,0.31666666666666665,0.81
fiqa,594,10.91510045171885,0.19284371534983316,0.3666666666666667,0.7399999999999999
fiqa,5940,14.198128933901172,0.25303665300210315,0.5499999999999999,0.6233333333333334
fiqa,5951,12.854922153239414,0.22829278310139967,0.3499999999999999,0.58
fiqa,5970,13.160865003966117,0.23387209077676133,0.2333333333333333,0.7400000000000001
fiqa,5981,10.43240115407267,0.184134562810262,0.35000000000000003,0.71
fiqa,5993,15.171314174778722,0.2714376946290334,0.3,0.7266666666666666
fiqa,6002,11.549629870758144,0.204355056087176,0.16666666666666663,0.8233333333333333
fiqa,6004,14.21889511943609,0.2534013589223226,0.4166666666666667,0.5166666666666667
fiqa,6005,11.30485729454364,0.19992469747861227,0.24999999999999997,0.73
fiqa,6009,11.614638851492927,0.20558091998100278,0.4166666666666667,0.7833333333333333
fiqa,603,10.988376929342031,0.19417602320512128,0.3833333333333333,0.65
fiqa,604,14.25347415976101,0.2540354828039804,0.4000000000000001,0.6533333333333333
fiqa,6041,16.47523210693275,0.2958511114120483,0.3499999999999999,0.71
fiqa,6080,9.972145388992638,0.1758294304211934,0.15,0.8133333333333334
fiqa,6110,12.8921687132475,0.22894934813181556,0.2166666666666666,0.8033333333333333
fiqa,6121,13.628482939520177,0.24251529574394223,0.4666666666666666,0.6833333333333332
fiqa,6122,12.231015960344687,0.21678567429383588,0.3499999999999999,0.6466666666666666
fiqa,6131,14.08642915264781,0.2509544591108957,0.5166666666666667,0.7266666666666666
fiqa,6133,16.751020019863663,0.3012278974056244,0.39999999999999997,0.7866666666666667
fiqa,6142,13.916494275165563,0.24792875349521634,0.5833333333333334,0.63
fiqa,6146,12.819566182878644,0.22761207818984985,0.13333333333333333,0.85
fiqa,6199,14.933891636332277,0.26672540108362836,0.5166666666666667,0.64
fiqa,620,11.29906245801999,0.19981575508912397,0.48333333333333334,0.6133333333333333
fiqa,6219,11.22857556434319,0.19854041437307993,0.31666666666666665,0.7799999999999999
fiqa,622,12.047791979050688,0.21365845203399658,0.3833333333333333,0.6533333333333333
fiqa,6221,9.006734613815766,0.15850824117660517,0.3833333333333333,0.8033333333333333
fiqa,6252,13.696504144512195,0.24377917746702826,0.19999999999999996,0.7400000000000001
fiqa,6262,15.620756777237405,0.2797691424687703,0.2666666666666666,0.6366666666666667
fiqa,6278,12.054213463261766,0.21357288459936774,0.25,0.75
fiqa,6395,17.300067116637965,0.3115208148956299,0.3666666666666667,0.8166666666666668
fiqa,6410,12.55333341578524,0.2227658778429031,0.21666666666666665,0.8366666666666666
fiqa,6420,13.715087848367629,0.24418257673581442,0.16666666666666663,0.87
fiqa,6441,13.76854439152259,0.24521948397159574,0.15,0.87
fiqa,6467,15.108227938206497,0.26999005675315857,0.4166666666666667,0.51
fiqa,6468,12.413405644277367,0.22014955679575599,0.3999999999999999,0.7366666666666667
fiqa,6479,13.491677419921066,0.2399700433015823,0.18333333333333326,0.8233333333333333
fiqa,6525,9.604592548235173,0.16922341287136078,0.2333333333333333,0.6733333333333333
fiqa,6554,14.12697392133524,0.25176145633061725,0.4333333333333333,0.64
fiqa,6562,10.986053949188362,0.1941615243752797,0.3499999999999999,0.6966666666666667
fiqa,659,16.12267726410157,0.2890831629435221,0.5833333333333334,0.7366666666666667
fiqa,6611,12.467175557211391,0.22112137079238883,0.11666666666666665,0.8233333333333333
fiqa,6612,9.78220911775962,0.17241799334685007,0.3499999999999999,0.7233333333333333
fiqa,6625,15.276943780397133,0.27317554752031964,0.13333333333333322,0.71
fiqa,6629,16.225513257736647,0.2911972602208455,0.23333333333333325,0.6766666666666667
fiqa,6635,11.6237643879952,0.20574202140172318,0.2833333333333333,0.75
fiqa,6644,14.701994608983298,0.26249998311201733,0.19999999999999996,0.7233333333333333
fiqa,6647,17.432997988252264,0.3140178819497426,0.5,0.31
fiqa,6668,12.7472956437619,0.2263724009195963,0.2333333333333333,0.8233333333333333
fiqa,6679,18.996439349629046,0.3444732328255971,0.5666666666666667,0.85
fiqa,6683,19.71764143195941,0.35856929421424866,0.31666666666666665,0.7666666666666666
fiqa,6713,11.028773402905813,0.19504288335641226,0.4166666666666667,0.59
fiqa,6715,10.794417489299159,0.1906969596942266,0.11666666666666659,0.7366666666666667
fiqa,672,18.333387481725307,0.33143619696299237,0.3833333333333333,0.8099999999999999
fiqa,6746,11.732353729379772,0.20768369734287262,0.3333333333333333,0.6699999999999999
fiqa,6787,15.000920580196839,0.26860789457956946,0.5166666666666667,0.5433333333333333
fiqa,6792,14.592851107268482,0.26035475730895996,0.24999999999999997,0.7733333333333334
fiqa,68,12.452413230909562,0.22083121041456857,0.3,0.77
fiqa,6800,14.140843218930508,0.25194533665974933,0.4666666666666666,0.5533333333333333
fiqa,6803,19.04971004738678,0.3453901211420695,0.16666666666666663,0.6166666666666667
fiqa,6807,11.182532278650113,0.1976956874132156,0.28333333333333327,0.7466666666666667
fiqa,6814,15.971175008690793,0.28626034657160443,0.4666666666666666,0.5433333333333333
fiqa,6832,15.82050368931516,0.28368741273880005,0.2333333333333333,0.71
fiqa,6835,9.725053430713373,0.17139573891957602,0.14999999999999994,0.8233333333333333
fiqa,684,14.633816260635035,0.2611430883407592,0.2333333333333333,0.7333333333333334
fiqa,6849,12.079889275234798,0.21401736636956528,0.3833333333333333,0.6866666666666666
fiqa,6862,11.050447716982433,0.19535771509011582,0.25,0.7566666666666667
fiqa,6867,14.075417788812006,0.2508590817451477,0.6333333333333333,0.57
fiqa,687,14.868631528504883,0.26570461193720496,0.3666666666666667,0.7166666666666667
fiqa,6875,13.56162095541404,0.24123380581537876,0.2833333333333333,0.7433333333333333
fiqa,689,13.805224000466566,0.2459507584571838,0.43333333333333335,0.7566666666666667
fiqa,6890,13.913504923452507,0.2477295051018397,0.5666666666666667,0.59
fiqa,6891,10.949071264649794,0.1934686054786046,0.25,0.6566666666666666
fiqa,6896,16.521459046433108,0.2966638207435608,0.19999999999999996,0.81
fiqa,6901,16.965652680256326,0.3051018714904785,0.26666666666666666,0.7766666666666667
fiqa,6907,15.420971872252801,0.2758473555246989,0.09999999999999991,0.7966666666666667
fiqa,6909,9.586609214288275,0.16892198721567786,0.4166666666666667,0.7133333333333334
fiqa,691,15.645601585133507,0.28020234902699787,0.5166666666666667,0.5933333333333334
fiqa,6959,13.819595024142165,0.24599983294804886,0.5666666666666668,0.73
fiqa,6985,15.484924481104796,0.27704283595085144,0.19999999999999996,0.7966666666666667
fiqa,699,15.188241102503355,0.2715288003285725,0.4166666666666667,0.7366666666666667
fiqa,701,14.521929617154209,0.25905838608741755,0.3666666666666667,0.64
fiqa,7017,16.340890530758795,0.2931966582934062,0.2333333333333333,0.7466666666666667
fiqa,7068,16.251492177479864,0.2915113965670268,0.016666666666666666,0.6233333333333334
fiqa,7071,11.511914678205793,0.20369517803192136,0.18333333333333326,0.7566666666666667
fiqa,7080,14.472412084897826,0.25812702377637226,0.21666666666666667,0.8666666666666667
fiqa,7096,14.803126646005161,0.2643060286839803,0.18333333333333326,0.7266666666666666
fiqa,7098,15.78915242637583,0.2827676137288411,0.26666666666666666,0.8466666666666667
fiqa,7105,12.371476864637005,0.219365914662679,0.3,0.8233333333333333
fiqa,7109,17.526061450442214,0.3158422509829203,0.5666666666666668,0.61
fiqa,7124,15.367229829342362,0.2750391562779744,0.4666666666666666,0.5833333333333334
fiqa,7141,11.437928911665168,0.2023435831069946,0.33333333333333326,0.8666666666666667
fiqa,7145,13.084088126793548,0.23241768280665076,0.09999999999999996,0.8433333333333333
fiqa,715,13.098927687692616,0.2326928575833638,0.7000000000000001,0.4066666666666667
fiqa,7178,17.610166776634937,0.31749669710795086,0.11666666666666659,0.5566666666666668
fiqa,7188,13.24747042159413,0.2354584336280822,0.5166666666666667,0.59
fiqa,7205,13.87480940718916,0.24701058864593503,0.3499999999999999,0.7166666666666667
fiqa,7206,16.346762774776895,0.2936175266901652,0.4333333333333333,0.7233333333333333
fiqa,721,13.343956485150438,0.2372135321299235,0.4666666666666666,0.54
fiqa,7218,13.712128397569876,0.24404280881086982,0.11666666666666659,0.8166666666666668
fiqa,7221,13.1364000314759,0.233378991484642,0.2833333333333333,0.6433333333333334
fiqa,7269,10.88344116089072,0.19227416813373557,0.4166666666666667,0.79
fiqa,7279,16.07119323471017,0.2881985008716583,0.3,0.7600000000000001
fiqa,7295,14.777182483341674,0.2638030449549357,0.11666666666666659,0.84
fiqa,7311,16.33840166534961,0.2932786345481872,0.28333333333333327,0.8633333333333333
fiqa,7326,13.260569549286217,0.2356971402963002,0.19999999999999996,0.85
fiqa,7329,14.178801260822068,0.25268110136191047,0.43333333333333335,0.68
fiqa,7344,18.261593263458863,0.3300202588240306,0.1333333333333333,0.6733333333333333
fiqa,7345,18.81329679262767,0.3407118817170461,0.6833333333333332,0.3933333333333333
fiqa,7377,16.21560230738919,0.29083364208539325,0.4166666666666667,0.6733333333333333
fiqa,7431,14.05543978126085,0.2503582686185836,0.39999999999999997,0.77
fiqa,744,13.533051187267239,0.2407641609509786,0.3166666666666666,0.6466666666666666
fiqa,7441,9.387739715222052,0.16533463199933365,0.45,0.6933333333333334
fiqa,7445,9.284578077933999,0.16349471112092331,0.3,0.71
fiqa,7448,11.57422701506457,0.20483313500881192,0.21666666666666667,0.7533333333333333
fiqa,7456,13.266708387974743,0.23586425185203552,0.2333333333333333,0.9066666666666666
fiqa,7463,10.40617405829133,0.18366725742816925,0.4166666666666666,0.6066666666666666
fiqa,7467,13.336569354812603,0.23708534737428022,0.04999999999999997,0.8133333333333334
fiqa,7484,9.548545606864527,0.168214460213979,0.05000000000000001,0.9266666666666667
fiqa,750,11.73692192225596,0.207920362552007,0.3333333333333333,0.7233333333333333
fiqa,7509,14.493670807256821,0.2585071921348571,0.65,0.5466666666666667
fiqa,7512,15.69592084195314,0.2810262739658355,0.45,0.6333333333333333
fiqa,7513,13.913220488806653,0.24786077439785004,0.2833333333333333,0.7666666666666666
fiqa,7529,11.95089139876229,0.21166538198788956,0.05000000000000001,0.9700000000000001
fiqa,753,13.700136072620845,0.24385279417037964,0.31666666666666665,0.7533333333333333
fiqa,7533,19.895525486013952,0.3619607985019684,0.5499999999999999,0.6366666666666666
fiqa,7534,12.404365481931693,0.2199465582768122,0.4499999999999999,0.5366666666666666
fiqa,7590,11.231405681619977,0.19858129819234205,0.24999999999999997,0.8133333333333334
fiqa,7592,15.558991823070317,0.2785525719324748,0.19999999999999987,0.83
fiqa,7594,16.767540702138827,0.3021960258483886,0.31666666666666665,0.8033333333333333
fiqa,7622,16.254654984818853,0.2916431725025177,0.7999999999999999,0.5333333333333333
fiqa,7633,9.479543355069739,0.1669874290625254,0.16666666666666663,0.9166666666666666
fiqa,766,17.0376945797993,0.3064885735511779,0.4166666666666667,0.7566666666666667
fiqa,7674,19.416568582470674,0.3525769015153249,0.3,0.8166666666666668
fiqa,7700,12.216393060882893,0.21651454269886017,0.4166666666666666,0.6633333333333333
fiqa,7702,14.019763358224985,0.24972238639990485,0.18333333333333326,0.8666666666666667
fiqa,7705,12.42820032423595,0.2203941295544306,0.3,0.7466666666666667
fiqa,7734,11.464590051789367,0.20282478133837376,0.1333333333333333,0.82
fiqa,7747,11.988799728822656,0.21235486865043632,0.2333333333333333,0.8433333333333333
fiqa,7754,13.562557325520975,0.24124012390772498,0.16666666666666663,0.81
fiqa,7758,14.983797077750237,0.26764796177546185,0.15,0.9133333333333334
fiqa,776,16.506809918140018,0.2964781026045481,0.3,0.7566666666666667
fiqa,7801,14.110414029542483,0.25147901972134906,0.6166666666666667,0.4466666666666666
fiqa,7803,11.654686232037255,0.2062883575757344,0.3,0.6933333333333334
fiqa,7823,10.543453071139854,0.18621197839577985,0.25,0.7600000000000001
fiqa,7876,15.657372683847873,0.28033805886904395,0.16666666666666663,0.8333333333333334
fiqa,7879,10.22681784025666,0.18041656414667762,0.48333333333333334,0.6533333333333333
fiqa,7880,11.391607794313934,0.2014972219864527,0.24999999999999997,0.82
fiqa,7911,12.32021525152517,0.21840855479240415,0.31666666666666665,0.7133333333333333
fiqa,7925,13.006921388398167,0.23104230066140494,0.28333333333333327,0.7966666666666665
fiqa,7928,13.948328133128479,0.24863941967487332,0.4333333333333333,0.51
fiqa,7936,10.998710944697,0.19448401033878324,0.11666666666666659,0.7866666666666666
fiqa,7992,18.978319738085315,0.344095120827357,0.6833333333333332,0.5966666666666667
fiqa,8,12.194943689407234,0.21611586709817246,0.2833333333333333,0.7066666666666667
fiqa,8002,16.3182312979704,0.2928686241308848,0.31666666666666665,0.7266666666666666
fiqa,8005,12.719913318130004,0.2258084366718928,0.2166666666666666,0.8033333333333333
fiqa,8013,13.968175955516996,0.24873871604601538,0.3333333333333333,0.68
fiqa,8017,15.209816681937438,0.2719849348068237,0.6,0.51
fiqa,8034,11.936373960092686,0.2114021132389704,0.31666666666666665,0.63
fiqa,8040,11.65533483218474,0.2063000450531641,0.21666666666666665,0.8133333333333334
fiqa,8072,13.388730923059496,0.23824686805407205,0.31666666666666665,0.8666666666666667
fiqa,8079,18.061854527403508,0.3261922399202983,0.31666666666666665,0.7399999999999999
fiqa,810,10.217948783369753,0.18027001122633612,0.3,0.7566666666666667
fiqa,8102,12.961416271656814,0.23016403118769324,0.43333333333333335,0.6833333333333332
fiqa,8116,15.948295102413603,0.2862035135428111,0.14999999999999994,0.8066666666666666
fiqa,8121,14.079863866696988,0.25109430650870007,0.2833333333333333,0.5533333333333333
fiqa,813,17.838456977032024,0.3218950728575389,0.5,0.6466666666666666
fiqa,8202,11.71913964138828,0.20743846893310544,0.4333333333333333,0.66
fiqa,8230,13.474873906948389,0.23961837093035376,0.39999999999999997,0.6933333333333334
fiqa,8247,16.63881561031002,0.29906988143920893,0.3333333333333333,0.6666666666666666
fiqa,8271,17.314035629745053,0.3117927511533101,0.31666666666666665,0.7533333333333333
fiqa,8275,13.25559009695732,0.23557363450527188,0.4166666666666667,0.6533333333333333
fiqa,8296,9.393684341502755,0.16544550657272336,0.16666666666666655,0.6900000000000001
fiqa,8332,10.19239999515631,0.17979167898495985,0.16666666666666663,0.7766666666666667
fiqa,8351,11.986752144657103,0.2123318016529083,0.2333333333333333,0.7200000000000001
fiqa,8378,10.762669539175318,0.1900920172532399,0.25,0.7133333333333334
fiqa,8456,12.420857343651912,0.22029000520706174,0.25,0.6766666666666667
fiqa,8475,12.787858338890493,0.22702773412068677,0.3333333333333333,0.73
fiqa,849,16.585447637221602,0.2978624403476715,0.2333333333333333,0.7866666666666667
fiqa,8507,16.531390988165658,0.2968344489733378,0.7000000000000001,0.5866666666666666
fiqa,8512,10.861314299501629,0.19212628404299417,0.3333333333333333,0.7366666666666667
fiqa,8513,14.508024865521728,0.2587864349285761,0.31666666666666665,0.6533333333333333
fiqa,852,14.789365855943634,0.2641505350669225,0.3,0.7033333333333333
fiqa,853,16.064280836004645,0.2879667977492014,0.5499999999999999,0.81
fiqa,8532,17.551705401566608,0.31639071305592853,0.5833333333333334,0.49666666666666665
fiqa,8537,17.657676663065892,0.31834415594736726,0.6166666666666667,0.5366666666666666
fiqa,8539,12.844083052052838,0.22802512347698212,0.18333333333333335,0.7866666666666667
fiqa,8544,12.643496903477816,0.2243305643399556,0.3833333333333333,0.7399999999999999
fiqa,858,10.275950815785313,0.18130837877591446,0.48333333333333334,0.6566666666666667
fiqa,859,11.809641842931383,0.20910687744617462,0.3333333333333333,0.6366666666666666
fiqa,8592,10.843263033993352,0.19176742434501648,0.0,0.8700000000000001
fiqa,8632,10.69181066672646,0.18883360425631202,0.15,0.84
fiqa,8635,15.477591640529928,0.27692473928133643,0.3833333333333333,0.5433333333333333
fiqa,864,9.04019361622472,0.15911709765593207,0.3833333333333333,0.69
fiqa,8702,13.552815965079217,0.2410996854305267,0.18333333333333326,0.8633333333333333
fiqa,8779,17.17686885712305,0.3091240127881368,0.3333333333333333,0.7233333333333333
fiqa,8789,11.347881743689536,0.20077892641226447,0.31666666666666665,0.7600000000000001
fiqa,879,12.511115365889474,0.2219200481971105,0.16666666666666663,0.7866666666666667
fiqa,8795,15.314002633850341,0.27383270859718317,0.16666666666666655,0.8166666666666668
fiqa,8832,8.72609576823798,0.15349246064821875,0.19999999999999987,0.8733333333333334
fiqa,8834,13.464111360313519,0.23941756288210547,0.65,0.5333333333333333
fiqa,885,14.860238657819828,0.2653450568517049,0.6666666666666666,0.62
fiqa,8855,13.75370788781896,0.24478492637475327,0.6833333333333332,0.41
fiqa,8874,12.29702348181342,0.2179817308982213,0.11666666666666659,0.7933333333333333
fiqa,89,12.59534601770251,0.2234757989645004,0.4666666666666666,0.75
fiqa,8934,16.568111794126263,0.29766788085301715,0.21666666666666667,0.92
fiqa,8937,14.62369464388216,0.26095759868621826,0.4166666666666667,0.7166666666666667
fiqa,8947,14.060354484758058,0.25059316555658967,0.3499999999999999,0.7733333333333334
fiqa,895,9.564751544067404,0.16850939889748887,0.3833333333333333,0.64
fiqa,8959,12.924104951956176,0.22952912747859955,0.4166666666666667,0.7866666666666667
fiqa,8970,9.445492988619158,0.16637727121512091,0.2666666666666666,0.6733333333333333
fiqa,8974,13.153708245278972,0.23371548453966773,0.3,0.7733333333333334
fiqa,8982,10.66979173087634,0.18843188385168708,0.3,0.82
fiqa,90,13.122048775296305,0.2331288754940032,0.29999999999999993,0.7866666666666666
fiqa,904,9.760437948474324,0.1720286707083384,0.3666666666666667,0.7333333333333334
fiqa,9060,15.093100488394837,0.2697222828865051,0.44999999999999996,0.6900000000000001
fiqa,9088,15.99491685095734,0.28674524029095966,0.4166666666666667,0.77
fiqa,9108,12.047606595400836,0.21353893478711442,0.24999999999999997,0.57
fiqa,9115,11.707249630858934,0.2072252184152603,0.5499999999999999,0.6966666666666667
fiqa,9126,18.1038638061021,0.326966255903244,0.09999999999999999,0.7733333333333333
fiqa,9164,12.449608154305812,0.22077267368634543,0.2333333333333333,0.7966666666666667
fiqa,9174,14.838158480887904,0.264927198489507,0.48333333333333334,0.5499999999999999
fiqa,9188,13.526568341932856,0.24066250522931412,0.25,0.82
fiqa,9245,15.493619304336425,0.2774061858654022,0.4000000000000001,0.6
fiqa,9275,13.395650635760235,0.23852519690990445,0.4833333333333334,0.7533333333333333
fiqa,928,9.84510891724923,0.1735423604647318,0.25,0.7000000000000001
fiqa,929,12.697825557266484,0.2253227929274241,0.4166666666666667,0.61
fiqa,9291,10.663660977724277,0.18830210963884986,0.18333333333333335,0.8333333333333334
fiqa,9296,10.457711444148408,0.1845851788918177,0.3,0.7966666666666667
fiqa,932,9.708597842397683,0.17109123369057966,0.31666666666666665,0.8266666666666667
fiqa,9329,11.022755767422439,0.19484460850556684,0.2333333333333333,0.82
fiqa,9332,11.422897850386642,0.2020673106114069,0.31666666666666665,0.6733333333333333
fiqa,9381,16.77088534350356,0.3015116552511851,0.5833333333333334,0.6866666666666666
fiqa,9385,15.560685917250467,0.2785313824812571,0.3,0.89
fiqa,939,13.550913680140587,0.24101933340231574,0.2833333333333333,0.6033333333333334
fiqa,9391,13.294597373989523,0.23632230858008063,0.5,0.6866666666666666
fiqa,94,11.344357168843331,0.20070668061574293,0.19999999999999996,0.7933333333333333
fiqa,9403,17.455112103327554,0.3144379456837972,0.7666666666666666,0.29
fiqa,945,14.025074832088245,0.2498365094264348,0.5333333333333333,0.5966666666666667
fiqa,9481,13.719064508112533,0.2442092398802439,0.18333333333333326,0.7666666666666666
fiqa,9487,10.71285192471849,0.18919512629508972,0.16666666666666663,0.8633333333333333
fiqa,9548,13.254137863343976,0.2355538854996363,0.2833333333333333,0.7466666666666667
fiqa,9556,14.709541011316468,0.2625381648540497,0.45,0.5133333333333333
fiqa,9565,12.315530614772472,0.2183228333791097,0.35000000000000003,0.6533333333333333
fiqa,957,17.091309228874206,0.30750351150830585,0.5166666666666667,0.6666666666666666
fiqa,9598,15.029469092316683,0.26850061615308124,0.43333333333333335,0.6466666666666666
fiqa,9617,13.466209333090722,0.2395665993293126,0.3,0.8333333333333334
fiqa,9633,11.534892407221571,0.2040942360957463,0.24999999999999997,0.7200000000000001
fiqa,9643,12.109788596296836,0.2146448194980621,0.4000000000000001,0.61
fiqa,9644,11.75160936618539,0.20804620782534278,0.11666666666666659,0.7833333333333333
fiqa,9646,10.746019071942108,0.1898081948359807,0.21666666666666667,0.7600000000000001
fiqa,9668,12.161720480768528,0.21551127235094703,0.24999999999999997,0.7733333333333334
fiqa,9701,15.07688826335034,0.2694015006224314,0.5333333333333333,0.5333333333333333
fiqa,9733,21.075020714066074,0.3854888081550598,0.5333333333333333,0.8099999999999999
fiqa,9735,14.590866605898455,0.2603361060221989,0.45,0.8233333333333333
fiqa,9737,13.503512949903715,0.24014762540658316,0.3666666666666667,0.6066666666666666
fiqa,9771,16.6421493673729,0.2989243268966674,0.3499999999999999,0.55
fiqa,98,11.003373381786082,0.19444750746091202,0.5499999999999999,0.5166666666666667
fiqa,9808,18.25456080270253,0.33021044731140137,0.45,0.7133333333333334
fiqa,9824,11.349227710350299,0.20071674386660257,0.3333333333333333,0.7433333333333333
fiqa,9871,13.855196003309763,0.2467056711514791,0.65,0.3666666666666667
fiqa,988,16.47176523838857,0.2958161433537801,0.75,0.38999999999999996
fiqa,9882,13.439924409698556,0.2389716456333796,0.3833333333333333,0.7999999999999999
fiqa,9925,10.851649492157597,0.19170150657494864,0.18333333333333326,0.79
fiqa,9929,15.827349900195534,0.28348952531814575,0.7333333333333334,0.36333333333333334
fiqa,9961,15.429892127049825,0.2760154704252879,0.4166666666666667,0.5366666666666667
fiqa,9979,9.856053210279732,0.17374526957670844,0.2833333333333333,0.8733333333333334
nfcorpus,PLAIN-1008,17.841702104494015,0.3219495117664337,0.0,1.0
nfcorpus,PLAIN-1018,23.879353937922513,0.44290303190549213,0.08333333333333326,1.0
nfcorpus,PLAIN-102,15.147033819786179,0.2707027892271678,0.3333333333333333,0.7166666666666667
nfcorpus,PLAIN-1028,16.20862403879,0.2907412449518839,0.18333333333333326,0.93
nfcorpus,PLAIN-1039,19.96188937450943,0.3633314271767934,0.7666666666666666,0.5533333333333333
nfcorpus,PLAIN-1050,20.50719422443758,0.37408175071080524,0.0,1.0
nfcorpus,PLAIN-1066,19.572805378376888,0.3555573523044586,0.0,1.0
nfcorpus,PLAIN-1088,19.959775014038463,0.36319058140118915,0.0,1.0
nfcorpus,PLAIN-1098,21.848053636218435,0.40095570683479304,0.0,1.0
nfcorpus,PLAIN-1109,16.5195110922454,0.296584556500117,0.11666666666666659,1.0
nfcorpus,PLAIN-1119,17.54732481330386,0.31624409556388855,0.19999999999999996,0.8733333333333334
nfcorpus,PLAIN-112,12.641324799395813,0.22429040571053818,0.3499999999999999,0.5366666666666666
nfcorpus,PLAIN-1130,20.646216011108198,0.3768177131811777,0.0,1.0
nfcorpus,PLAIN-1141,18.39999667994888,0.33267358938852937,0.19999999999999996,0.7266666666666667
nfcorpus,PLAIN-1151,17.729852449137358,0.3197636306285858,0.11666666666666665,0.8566666666666666
nfcorpus,PLAIN-1161,18.07458522303432,0.32636867960294086,0.05000000000000001,1.0
nfcorpus,PLAIN-1172,22.2353895353193,0.40883117914199824,0.0,1.0
nfcorpus,PLAIN-1183,19.268148109285296,0.34958840409914654,0.0,1.0
nfcorpus,PLAIN-1193,17.76364958422627,0.32040420174598694,0.3833333333333333,0.9266666666666666
nfcorpus,PLAIN-12,14.406229970299298,0.25688399374485016,0.3333333333333333,0.6466666666666666
nfcorpus,PLAIN-1203,20.600198038496327,0.3760163088639577,0.2333333333333333,0.65
nfcorpus,PLAIN-1214,23.342102958974333,0.4315500557422638,0.0,1.0
nfcorpus,PLAIN-1225,19.508848517081827,0.35433217883110046,0.08333333333333326,1.0
nfcorpus,PLAIN-123,15.037730874587952,0.2686784466107686,0.6166666666666667,0.7466666666666667
nfcorpus,PLAIN-1236,19.29312714326227,0.3501233160495758,0.0,1.0
nfcorpus,PLAIN-1249,14.740785611848482,0.2631724774837494,0.36666666666666664,0.8033333333333333
nfcorpus,PLAIN-1262,16.411889360623675,0.2945956985155741,0.2166666666666666,0.8633333333333333
nfcorpus,PLAIN-1275,16.858870859229736,0.3030786613623301,0.08333333333333326,1.0
nfcorpus,PLAIN-1288,19.295270615038774,0.3501123587290446,0.09999999999999991,1.0
nfcorpus,PLAIN-1299,18.604339140954767,0.33663561940193176,0.15,0.7999999999999999
nfcorpus,PLAIN-1309,20.986185424073696,0.38364140192667645,0.0,1.0
nfcorpus,PLAIN-1320,16.498757418305676,0.2962426543235779,0.15,0.7333333333333334
nfcorpus,PLAIN-133,18.989116554625852,0.3441346387068431,0.3666666666666667,0.8066666666666666
nfcorpus,PLAIN-1331,23.668377822671488,0.4383428196112315,0.0,1.0
nfcorpus,PLAIN-1342,20.144688525153473,0.3668666382630666,0.09999999999999991,1.0
nfcorpus,PLAIN-1353,20.884911101792554,0.38156936566034944,0.0,1.0
nfcorpus,PLAIN-1363,18.617340973039646,0.3370167315006256,0.0,1.0
nfcorpus,PLAIN-1374,16.996467449421687,0.3057590126991272,0.6166666666666667,0.7866666666666666
nfcorpus,PLAIN-1387,18.3485192035844,0.33178876837094623,0.0,1.0
nfcorpus,PLAIN-1398,17.799314554778892,0.321141501267751,0.06666666666666664,0.6566666666666666
nfcorpus,PLAIN-1409,17.555689530897848,0.3164297143618266,0.11666666666666665,0.84
nfcorpus,PLAIN-1419,21.097791669233732,0.38583457469940186,0.0,1.0
nfcorpus,PLAIN-1429,14.34722379085762,0.2558278789122899,0.31666666666666665,0.86
nfcorpus,PLAIN-143,15.216962683141228,0.27202363808949787,0.19999999999999987,0.91
nfcorpus,PLAIN-1441,20.328986109546147,0.3705822030703227,0.1333333333333333,1.0
nfcorpus,PLAIN-1453,18.997050001660536,0.3442872166633606,0.6833333333333332,0.4766666666666666
nfcorpus,PLAIN-1463,15.680012056227305,0.2807278235753377,0.19999999999999996,0.91
nfcorpus,PLAIN-1473,20.69571840686841,0.3777908186117808,0.0,1.0
nfcorpus,PLAIN-1485,22.288908483235332,0.40990834434827167,0.0,1.0
nfcorpus,PLAIN-1496,20.649823725706664,0.37691696484883624,0.0,1.0
nfcorpus,PLAIN-1506,20.826931380370297,0.38067399462064105,0.0,1.0
nfcorpus,PLAIN-1516,22.255041937516296,0.4093695282936096,0.0,1.0
nfcorpus,PLAIN-1527,18.14528561075896,0.327739159266154,0.2333333333333333,0.9533333333333333
nfcorpus,PLAIN-153,16.446851008184186,0.29525641600290936,0.26666666666666666,0.6866666666666666
nfcorpus,PLAIN-1537,16.590103061320473,0.29796702663103736,0.48333333333333334,0.8033333333333333
nfcorpus,PLAIN-1547,16.919529060461603,0.304217408100764,0.8333333333333334,0.3666666666666667
nfcorpus,PLAIN-1557,20.33464994447627,0.37070371707280475,0.16666666666666663,1.0
nfcorpus,PLAIN-1568,18.91701922197349,0.3427976071834564,0.0,1.0
nfcorpus,PLAIN-1579,17.051437895147405,0.3067484398682912,0.0,1.0
nfcorpus,PLAIN-1590,18.365255252356032,0.3320513168970744,0.3333333333333333,0.7533333333333333
nfcorpus,PLAIN-1601,21.141473620570526,0.3867018421490987,0.2333333333333333,1.0
nfcorpus,PLAIN-1611,23.604728249243895,0.4371841053167979,0.0,1.0
nfcorpus,PLAIN-1621,26.563487057076497,0.5003704826037089,0.0,1.0
nfcorpus,PLAIN-1635,20.007171152037504,0.3642692764600118,0.45,0.9633333333333333
nfcorpus,PLAIN-1645,19.51909719140712,0.35450980067253113,0.0,1.0
nfcorpus,PLAIN-165,16.999998337521536,0.30574765801429743,0.25,0.73
nfcorpus,PLAIN-1656,16.809781080688634,0.3021565576394399,0.05000000000000001,0.43
nfcorpus,PLAIN-1667,15.644443744393733,0.2800792654355367,0.26666666666666666,0.9733333333333333
nfcorpus,PLAIN-1679,18.093878406109692,0.3267415364583333,0.0,1.0
nfcorpus,PLAIN-1690,19.18058276675226,0.3478759427865346,0.19999999999999996,0.79
nfcorpus,PLAIN-1700,17.750037127667124,0.3201335171858469,0.2833333333333333,0.8099999999999999
nfcorpus,PLAIN-1710,17.67156329273219,0.318600724140803,0.0,1.0
nfcorpus,PLAIN-1721,16.743242225473892,0.30085094769795734,0.3333333333333333,0.27
nfcorpus,PLAIN-1731,20.098552268285392,0.365941842397054,0.0,1.0
nfcorpus,PLAIN-1741,21.61022019281594,0.3964850703875224,0.2666666666666666,1.0
nfcorpus,PLAIN-175,18.678040679008998,0.3380955557028453,0.7833333333333333,0.31666666666666665
nfcorpus,PLAIN-1752,22.07241378467214,0.40552131334940594,0.0,1.0
nfcorpus,PLAIN-1762,14.35769459591198,0.25596993168195087,0.19999999999999996,0.8566666666666666
nfcorpus,PLAIN-1772,21.009743233623286,0.3840731879075368,0.0,1.0
nfcorpus,PLAIN-1784,18.51231724139586,0.33483948310216266,0.7000000000000001,0.75
nfcorpus,PLAIN-1794,18.79737809955316,0.34037864208221436,0.0,1.0
nfcorpus,PLAIN-1805,17.14010411337126,0.30841199556986487,0.14999999999999994,0.5299999999999999
nfcorpus,PLAIN-1817,19.628166215060272,0.3566731611887614,0.09999999999999996,1.0
nfcorpus,PLAIN-1827,21.943329339568677,0.4029042720794678,0.0,1.0
nfcorpus,PLAIN-1837,17.480137773175898,0.3149644633134206,0.28333333333333327,1.0
nfcorpus,PLAIN-1847,19.270759218320066,0.3496388296286265,0.0,1.0
nfcorpus,PLAIN-1857,18.694746679279934,0.3384358584880829,0.44999999999999996,0.51
nfcorpus,PLAIN-186,18.772038302090056,0.33997703591982525,0.09999999999999991,0.7333333333333334
nfcorpus,PLAIN-1867,19.035209256498526,0.3450374901294708,0.0,1.0
nfcorpus,PLAIN-1877,16.583692339571268,0.2978774507840474,0.18333333333333335,0.84
nfcorpus,PLAIN-1887,18.69903358627446,0.33858169118563325,0.11666666666666659,0.8133333333333334
nfcorpus,PLAIN-1897,17.77389407308485,0.3205856780211131,0.0,1.0
nfcorpus,PLAIN-1909,19.830212190780895,0.3606610993544261,0.11666666666666659,1.0
nfcorpus,PLAIN-1919,16.452960956084777,0.2954795757929484,0.2166666666666666,0.9333333333333332
nfcorpus,PLAIN-1929,17.739824587630537,0.3199124236901601,0.1333333333333333,0.9066666666666667
nfcorpus,PLAIN-1940,20.41394813072973,0.37219081322352093,0.0,1.0
nfcorpus,PLAIN-1950,18.4511545904782,0.33364888032277423,0.0,1.0
nfcorpus,PLAIN-196,16.707861812964552,0.30019571383794147,0.31666666666666665,0.7399999999999999
nfcorpus,PLAIN-1962,21.506200414073373,0.3941173851490021,0.0,1.0
nfcorpus,PLAIN-1972,17.79879489360915,0.32105772693951923,0.0,1.0
nfcorpus,PLAIN-1983,18.613041366876526,0.33716055750846863,0.09999999999999996,1.0
nfcorpus,PLAIN-1995,20.839225479863934,0.3808297912279765,0.3833333333333333,0.8733333333333334
nfcorpus,PLAIN-2,10.876819172137976,0.1921502997477849,0.11666666666666659,0.5766666666666667
nfcorpus,PLAIN-2009,19.954653465158184,0.363157977660497,0.0,1.0
nfcorpus,PLAIN-2019,21.96361144409559,0.40335640311241144,0.0,1.0
nfcorpus,PLAIN-2030,23.1516771045868,0.4276508688926697,0.0,1.0
nfcorpus,PLAIN-2040,19.62799730795852,0.3566380242506663,0.0,1.0
nfcorpus,PLAIN-2051,19.650916720050066,0.3574092388153076,0.14999999999999994,0.9566666666666667
nfcorpus,PLAIN-2061,19.7935497502728,0.35992804169654846,0.1333333333333333,1.0
nfcorpus,PLAIN-207,17.03857031190852,0.30679506063461304,0.21666666666666665,0.87
nfcorpus,PLAIN-2071,17.56104122308535,0.3165748616059621,0.05000000000000001,1.0
nfcorpus,PLAIN-2081,19.750532889813343,0.35909908016522724,0.3333333333333333,0.8766666666666666
nfcorpus,PLAIN-2092,24.195069580098195,0.44944631059964496,0.0,1.0
nfcorpus,PLAIN-2102,21.874790193827835,0.4015248517195384,0.35000000000000003,0.8266666666666667
nfcorpus,PLAIN-2113,16.733834691196865,0.3006828228632609,0.0,0.5966666666666667
nfcorpus,PLAIN-2124,20.306342924574093,0.37008065978686017,0.0,1.0
nfcorpus,PLAIN-2134,20.969599424903404,0.3832659423351288,0.0,1.0
nfcorpus,PLAIN-2145,19.839388960233972,0.36085936427116394,0.26666666666666666,1.0
nfcorpus,PLAIN-2156,20.295244921794243,0.3698890407880147,0.0,1.0
nfcorpus,PLAIN-2167,18.437710309914582,0.333408256371816,0.0,1.0
nfcorpus,PLAIN-217,13.493303029631072,0.2399688164393107,0.2333333333333333,0.8733333333333334
nfcorpus,PLAIN-2177,19.071603338284845,0.3457675774892171,0.0,1.0
nfcorpus,PLAIN-2187,18.606758300653315,0.3366779188315074,0.0,1.0
nfcorpus,PLAIN-2197,20.632976833572055,0.3765590985616048,0.03333333333333333,1.0
nfcorpus,PLAIN-2209,22.690935416683946,0.41826876004536945,0.0,1.0
nfcorpus,PLAIN-2220,22.458732667724878,0.41340633233388263,0.0,1.0
nfcorpus,PLAIN-2230,21.10074126773249,0.3859104514122009,0.0,1.0
nfcorpus,PLAIN-2240,19.44794348432088,0.35309844215710956,0.0,1.0
nfcorpus,PLAIN-2250,18.08405251019001,0.32655469576517737,0.0,1.0
nfcorpus,PLAIN-2261,19.489100722444466,0.35392768184343976,0.09999999999999991,0.7399999999999999
nfcorpus,PLAIN-227,12.048783024129001,0.21346444388230643,0.3833333333333333,0.9466666666666667
nfcorpus,PLAIN-2271,20.304074683093123,0.37000540892283124,0.0,1.0
nfcorpus,PLAIN-2281,19.861878583481715,0.361244261264801,0.0,1.0
nfcorpus,PLAIN-2291,18.320377612181073,0.33111544450124103,0.3833333333333333,0.8866666666666667
nfcorpus,PLAIN-23,15.046436008061194,0.268890639146169,0.4333333333333333,0.6233333333333334
nfcorpus,PLAIN-2301,16.89823186160017,0.3038163979848226,0.6166666666666667,0.5366666666666666
nfcorpus,PLAIN-2311,25.156076914358582,0.4696459472179413,0.0,1.0
nfcorpus,PLAIN-2321,18.07505444479382,0.32643059889475506,0.06666666666666664,1.0
nfcorpus,PLAIN-2332,17.56206689972992,0.31649950146675104,0.08333333333333326,0.85
nfcorpus,PLAIN-2343,19.4705439747737,0.35354063908259076,0.3499999999999999,0.8033333333333333
nfcorpus,PLAIN-2354,16.91823839298512,0.30419782797495526,0.2833333333333333,0.9066666666666666
nfcorpus,PLAIN-2364,19.382252579213816,0.3519657850265503,0.09999999999999996,0.7733333333333334
nfcorpus,PLAIN-2375,20.49541300914423,0.3741270999113719,0.09999999999999996,0.9466666666666667
nfcorpus,PLAIN-238,16.19195816631058,0.2903804083665211,0.19999999999999998,0.6333333333333333
nfcorpus,PLAIN-2386,20.08670114525491,0.36578307549158734,0.0,1.0
nfcorpus,PLAIN-2396,21.357380700643485,0.39107227325439453,0.0,1.0
nfcorpus,PLAIN-2408,19.978497197163307,0.3638604482014974,0.0,1.0
nfcorpus,PLAIN-2430,14.362423371778055,0.25606089830398554,0.1333333333333333,0.82
nfcorpus,PLAIN-2440,17.599979657023333,0.31727589170138043,0.3833333333333333,0.6266666666666666
nfcorpus,PLAIN-2450,13.967268108828229,0.24872532486915588,0.18333333333333326,0.89
nfcorpus,PLAIN-2460,14.391520434354263,0.2566181768973668,0.39999999999999997,0.73
nfcorpus,PLAIN-2470,14.967783475766694,0.2673682967821757,0.55,0.7833333333333333
nfcorpus,PLAIN-248,15.375825581391203,0.2750588059425354,0.24999999999999997,0.8533333333333334
nfcorpus,PLAIN-2480,12.603740739626616,0.22359790404637656,0.016666666666666666,0.7833333333333333
nfcorpus,PLAIN-2490,14.925915292352508,0.26666269699732464,0.31666666666666665,0.6699999999999999
nfcorpus,PLAIN-2500,16.649737073404562,0.2992865939935048,0.2333333333333333,0.9133333333333334
nfcorpus,PLAIN-2510,16.17709132376407,0.2901126444339752,0.3666666666666667,0.8733333333333334
nfcorpus,PLAIN-2520,12.520689831779201,0.2221406797568003,0.3333333333333333,0.8300000000000001
nfcorpus,PLAIN-2530,9.630949075826619,0.169698675473531,0.05000000000000001,0.7966666666666667
nfcorpus,PLAIN-2540,16.771735627982782,0.3014098008473714,0.4833333333333332,0.5833333333333334
nfcorpus,PLAIN-2550,15.098242274467836,0.26980994145075476,0.36666666666666664,0.8166666666666668
nfcorpus,PLAIN-2560,14.477678145633453,0.25820263226826984,0.15,0.8533333333333334
nfcorpus,PLAIN-2570,17.892721879262613,0.3228703538576762,0.3499999999999999,0.6033333333333334
nfcorpus,PLAIN-2580,14.976784531740469,0.2675251960754394,0.2166666666666666,0.8566666666666666
nfcorpus,PLAIN-259,14.713700009582539,0.2628224541743596,0.3499999999999999,0.7033333333333333
nfcorpus,PLAIN-2590,16.08477981555009,0.28844334681828815,0.4333333333333333,0.7133333333333333
nfcorpus,PLAIN-2600,20.66792132450087,0.3773411810398102,0.6,0.8333333333333334
nfcorpus,PLAIN-2610,15.05507096438476,0.2690319816271464,0.4166666666666666,0.7766666666666667
nfcorpus,PLAIN-2620,14.721525456893593,0.26276572545369464,0.2166666666666666,0.7466666666666667
nfcorpus,PLAIN-2630,13.353326312639775,0.23737292985121405,0.09999999999999991,0.9633333333333333
nfcorpus,PLAIN-2640,15.514996409556703,0.27762275934219355,0.13333333333333322,0.9266666666666666
nfcorpus,PLAIN-2650,13.854838441780897,0.24664907157421112,0.09999999999999996,1.0
nfcorpus,PLAIN-2660,12.185075661956239,0.21593822042147312,0.31666666666666665,0.5833333333333334
nfcorpus,PLAIN-2670,13.384805619807423,0.23799084126949308,0.24999999999999997,0.8766666666666666
nfcorpus,PLAIN-2680,15.017799494246729,0.26832846800486243,0.35000000000000003,0.6266666666666666
nfcorpus,PLAIN-2690,13.995382549468383,0.24925102293491364,0.18333333333333326,0.8966666666666666
nfcorpus,PLAIN-270,17.58128947212833,0.3169515828291574,0.03333333333333333,0.88
nfcorpus,PLAIN-2700,14.821661143374243,0.26462797323862713,0.4166666666666666,0.7233333333333333
nfcorpus,PLAIN-2710,12.391283993678371,0.21971290806929264,0.09999999999999991,0.8133333333333334
nfcorpus,PLAIN-2720,14.629857181906269,0.2611104100942611,0.2833333333333333,0.9166666666666666
nfcorpus,PLAIN-2730,12.055629319627215,0.21363019446531928,0.25,0.7833333333333333
nfcorpus,PLAIN-2740,13.773700448685359,0.2451512515544891,0.1333333333333333,0.7933333333333333
nfcorpus,PLAIN-2750,13.339094658390392,0.23711320757865903,0.18333333333333326,0.8866666666666667
nfcorpus,PLAIN-2760,18.367629692300984,0.33217864235242206,0.3833333333333333,0.7133333333333334
nfcorpus,PLAIN-2770,12.828258313710487,0.2277330160140991,0.09999999999999996,0.9066666666666667
nfcorpus,PLAIN-2780,10.677601820379577,0.18854834139347074,0.16666666666666663,0.88
nfcorpus,PLAIN-2790,13.433132094854791,0.23888039092222849,0.18333333333333326,0.7633333333333333
nfcorpus,PLAIN-280,11.651871180745516,0.20622185369332624,0.15,0.82
nfcorpus,PLAIN-2800,13.446653524401464,0.23911060889561966,0.15,0.7766666666666667
nfcorpus,PLAIN-2810,13.690935563226793,0.2436609864234924,0.06666666666666664,0.89
nfcorpus,PLAIN-2820,16.305397475742343,0.29270036021868384,0.21666666666666667,0.7966666666666667
nfcorpus,PLAIN-2830,16.108695074657746,0.2888356943925221,0.08333333333333326,1.0
nfcorpus,PLAIN-2840,13.693347068372027,0.24367242058118185,0.09999999999999991,0.7666666666666666
nfcorpus,PLAIN-2850,14.364603417566348,0.25613769888877863,0.15,0.8000000000000002
nfcorpus,PLAIN-2860,13.278757792618078,0.23600979149341575,0.1333333333333333,0.6766666666666667
nfcorpus,PLAIN-2870,23.435951681894025,0.4336699644724528,0.35000000000000003,0.8533333333333334
nfcorpus,PLAIN-2880,22.09106555136749,0.40791812539100647,0.3,1.0
nfcorpus,PLAIN-2890,18.368228219543003,0.3322087923685709,0.08333333333333326,1.0
nfcorpus,PLAIN-2900,13.183501481537045,0.23431938886642456,0.23333333333333325,0.7433333333333333
nfcorpus,PLAIN-291,13.406612791526612,0.23836218317349744,0.4166666666666667,0.89
nfcorpus,PLAIN-2910,15.103218573213127,0.27008505662282306,0.16666666666666663,0.68
nfcorpus,PLAIN-2920,14.143271345942019,0.2519864539305369,0.3,0.8033333333333333
nfcorpus,PLAIN-2930,12.71935891887741,0.22571688393751776,0.11666666666666659,0.8166666666666668
nfcorpus,PLAIN-2940,14.968266911428984,0.26737748583157855,0.03333333333333333,0.6466666666666666
nfcorpus,PLAIN-2950,19.216349101689485,0.3487810591856639,0.13333333333333322,0.8733333333333334
nfcorpus,PLAIN-2960,13.597601200958039,0.24191492299238837,0.19999999999999996,0.75
nfcorpus,PLAIN-2970,13.546775086830658,0.24094649652640024,0.65,0.57
nfcorpus,PLAIN-2981,17.50178269265331,0.31541841228802997,0.08333333333333326,1.0
nfcorpus,PLAIN-2991,13.049188197929695,0.23177419106165562,0.11666666666666659,0.88
nfcorpus,PLAIN-3001,17.1595928394586,0.30890484650929767,0.16666666666666663,0.6833333333333332
nfcorpus,PLAIN-3014,16.183977992848096,0.29051251212755835,0.8333333333333334,0.5566666666666668
nfcorpus,PLAIN-3026,14.48465250460931,0.2583824048439662,0.16666666666666663,0.9
nfcorpus,PLAIN-3037,17.656918504513733,0.3183596531550089,0.28333333333333327,0.6466666666666666
nfcorpus,PLAIN-3053,21.65399144134449,0.3972289363543193,0.5,0.68
nfcorpus,PLAIN-3063,16.654897291456134,0.2991783519585927,0.08333333333333333,0.8433333333333333
nfcorpus,PLAIN-307,16.08036681559929,0.2883276542027791,0.39999999999999997,0.7866666666666667
nfcorpus,PLAIN-3074,14.219864123207458,0.2534139057000478,0.21666666666666665,0.77
nfcorpus,PLAIN-3085,16.007112491497633,0.2869488497575124,0.18333333333333335,0.8266666666666667
nfcorpus,PLAIN-3097,15.153682633841266,0.27085936069488525,0.11666666666666659,0.9133333333333334
nfcorpus,PLAIN-3116,15.215673912656877,0.27210304141044617,0.24999999999999992,0.8533333333333334
nfcorpus,PLAIN-3131,15.048644378155641,0.268865426381429,0.2166666666666666,0.9899999999999999
nfcorpus,PLAIN-3141,16.46580234078735,0.2956563035647074,0.39999999999999997,0.7399999999999999
nfcorpus,PLAIN-3151,16.20668875733225,0.2906572123368581,0.4499999999999999,0.8433333333333333
nfcorpus,PLAIN-3161,16.699408420258948,0.30000485976537067,0.44999999999999996,0.9366666666666666
nfcorpus,PLAIN-3171,17.031134098530647,0.306523064772288,0.28333333333333327,0.6533333333333333
nfcorpus,PLAIN-3181,13.649585585863184,0.24285311996936795,0.3666666666666667,0.5366666666666667
nfcorpus,PLAIN-3191,12.37201372896542,0.21941155195236198,0.11666666666666659,0.9133333333333332
nfcorpus,PLAIN-320,18.367624694630702,0.33204080661137897,0.3,0.8533333333333334
nfcorpus,PLAIN-3201,17.559499916833236,0.3164612352848053,0.05000000000000001,0.5666666666666668
nfcorpus,PLAIN-3211,19.77744662061663,0.36064018805821735,0.18333333333333326,1.0
nfcorpus,PLAIN-3221,15.733148011935242,0.28172204891840613,0.6166666666666667,0.9
nfcorpus,PLAIN-3231,15.667894611093528,0.28048305710156757,0.08333333333333326,0.7933333333333333
nfcorpus,PLAIN-3241,19.149302877829886,0.34725425640741986,0.3,1.0
nfcorpus,PLAIN-3251,19.395526517069914,0.3521566390991211,0.06666666666666664,0.4066666666666667
nfcorpus,PLAIN-3261,18.81388395246646,0.3407530983289082,0.5333333333333333,1.0
nfcorpus,PLAIN-3271,15.939729141224065,0.2856152554353078,0.15,0.9033333333333333
nfcorpus,PLAIN-3281,13.059474869716444,0.23198387026786801,0.0,0.7799999999999999
nfcorpus,PLAIN-3292,14.710592811815863,0.26256707310676575,0.2833333333333333,0.9366666666666666
nfcorpus,PLAIN-33,16.342240937791857,0.2932401200135548,0.3499999999999999,0.5
nfcorpus,PLAIN-3302,19.685518727564098,0.35776898264884943,0.6166666666666667,0.9199999999999999
nfcorpus,PLAIN-3312,19.020896881826612,0.3464706540107727,0.09999999999999996,0.7799999999999999
nfcorpus,PLAIN-332,14.94236622694992,0.26690378785133356,0.16666666666666663,0.8466666666666667
nfcorpus,PLAIN-3322,17.212294731207503,0.3098151485125224,0.35000000000000003,0.48666666666666664
nfcorpus,PLAIN-3332,18.06398420816656,0.32617419958114624,0.39999999999999997,0.5966666666666667
nfcorpus,PLAIN-3342,14.18601205759795,0.2528041154146194,0.28333333333333327,0.82
nfcorpus,PLAIN-3352,14.40968823545329,0.2571072429418564,0.14999999999999994,0.92
nfcorpus,PLAIN-3362,22.213419368758128,0.4084225793679555,0.44999999999999996,0.8966666666666666
nfcorpus,PLAIN-3372,19.17378865713664,0.34786994258562726,0.18333333333333326,1.0
nfcorpus,PLAIN-3382,16.78254709328812,0.3016662299633026,0.3666666666666667,1.0
nfcorpus,PLAIN-3392,15.83633968664101,0.28369282682736713,0.2833333333333333,0.9766666666666666
nfcorpus,PLAIN-3402,16.116473637996787,0.2891612897316614,0.21666666666666667,0.8433333333333334
nfcorpus,PLAIN-3412,16.6051263388748,0.2982165316740671,0.3333333333333333,0.8233333333333333
nfcorpus,PLAIN-3422,17.670855737351317,0.31860310832659405,0.44999999999999996,0.8633333333333333
nfcorpus,PLAIN-3432,15.428225885679884,0.27600435415903724,0.08333333333333326,0.6066666666666667
nfcorpus,PLAIN-344,8.584778105394117,0.15096625188986457,0.29999999999999993,0.7166666666666667
nfcorpus,PLAIN-3442,20.058926228044395,0.365150382121404,0.7000000000000001,0.59
nfcorpus,PLAIN-3452,14.784749080813398,0.2639648566643397,0.016666666666666666,0.8733333333333334
nfcorpus,PLAIN-3462,17.060332668747634,0.30693482359250385,0.09999999999999991,0.84
nfcorpus,PLAIN-3472,13.798344047632945,0.2456116179625193,0.4666666666666666,0.7866666666666667
nfcorpus,PLAIN-358,12.878798455634742,0.22864144543806708,0.26666666666666666,0.5933333333333334
nfcorpus,PLAIN-371,14.328879768521075,0.25547736386458075,0.3,0.62
nfcorpus,PLAIN-383,12.399548366721023,0.21987618505954734,0.48333333333333334,0.7733333333333333
nfcorpus,PLAIN-395,12.512135090169126,0.22195080419381455,0.3,0.57
nfcorpus,PLAIN-407,12.983945696594768,0.23060253759225202,0.3,0.8433333333333334
nfcorpus,PLAIN-418,15.3891473625754,0.2758928140004475,0.06666666666666664,0.7233333333333333
nfcorpus,PLAIN-430,9.96812210875777,0.17575931549072266,0.1333333333333333,0.93
nfcorpus,PLAIN-44,15.144403583760669,0.2706729670365651,0.4333333333333333,0.83
nfcorpus,PLAIN-441,16.465675086666085,0.2956637541453043,0.15,0.82
nfcorpus,PLAIN-457,20.80029037760463,0.38026589155197144,0.5166666666666667,0.54
nfcorpus,PLAIN-468,9.04025960528217,0.15911898016929624,0.21666666666666665,0.7433333333333333
nfcorpus,PLAIN-478,22.22651723146369,0.4090532958507538,0.0,1.0
nfcorpus,PLAIN-488,16.973378292153814,0.30528228481610614,0.19999999999999993,0.9933333333333333
nfcorpus,PLAIN-499,19.15958991423184,0.3475153048833211,0.016666666666666666,0.8266666666666667
nfcorpus,PLAIN-510,19.66116741009868,0.3575267692406972,0.0,1.0
nfcorpus,PLAIN-520,25.082306369147606,0.46806735793749493,0.0,1.0
nfcorpus,PLAIN-531,18.995969000845133,0.3442687491575877,0.1333333333333333,0.7666666666666666
nfcorpus,PLAIN-541,16.274534351668535,0.2919570207595825,0.06666666666666664,0.8933333333333334
nfcorpus,PLAIN-551,20.841779430042354,0.38070594271024066,0.0,1.0
nfcorpus,PLAIN-56,16.989426302813637,0.3055407404899597,0.6,0.29333333333333333
nfcorpus,PLAIN-561,19.599208977860638,0.35611244042714435,0.0,1.0
nfcorpus,PLAIN-571,20.526841994056117,0.37455780307451886,0.0,1.0
nfcorpus,PLAIN-583,20.447434799170853,0.3729449113210042,0.0,1.0
nfcorpus,PLAIN-593,21.122491713690817,0.3863736689090729,0.0,1.0
nfcorpus,PLAIN-603,19.627617757510706,0.35667504866917926,0.0,1.0
nfcorpus,PLAIN-613,17.116930606453312,0.3079712589581807,0.06666666666666664,0.58
nfcorpus,PLAIN-623,16.76110453614562,0.30122841397921246,0.6833333333333332,0.4566666666666667
nfcorpus,PLAIN-634,20.584800831296192,0.37557738025983173,0.0,1.0
nfcorpus,PLAIN-645,20.222458309013387,0.3684256275494893,0.0,1.0
nfcorpus,PLAIN-660,21.322776201798042,0.39037930965423584,0.03333333333333333,1.0
nfcorpus,PLAIN-671,19.205215134826126,0.3483779629071553,0.0,1.0
nfcorpus,PLAIN-68,18.8139179607897,0.3407108386357625,0.3333333333333333,0.6733333333333333
nfcorpus,PLAIN-681,20.5070661077405,0.3740849395593007,0.09999999999999996,1.0
nfcorpus,PLAIN-691,16.947817123246903,0.30477197964986164,0.3666666666666667,1.0
nfcorpus,PLAIN-701,18.71361987178334,0.338940958182017,0.1166666666666666,1.0
nfcorpus,PLAIN-711,18.01484355347458,0.32523981730143225,0.4666666666666666,0.6666666666666666
nfcorpus,PLAIN-721,23.984700260988078,0.44495906432469684,0.0,1.0
nfcorpus,PLAIN-731,18.759482232088946,0.3396734297275543,0.08333333333333326,1.0
nfcorpus,PLAIN-741,20.36553568271272,0.37131648262341815,0.0,1.0
nfcorpus,PLAIN-751,19.251640735765633,0.34928562243779493,0.5666666666666668,0.83
nfcorpus,PLAIN-761,20.338218569396783,0.3708531657854716,0.24999999999999997,0.7333333333333334
nfcorpus,PLAIN-771,16.35168058453384,0.29342426856358844,0.0,1.0
nfcorpus,PLAIN-78,16.08182042383972,0.2885510226090749,0.3833333333333333,0.6966666666666667
nfcorpus,PLAIN-782,19.97145762851943,0.36347147822380066,0.3166666666666666,0.8833333333333333
nfcorpus,PLAIN-792,20.895963511990725,0.3818054497241974,0.0,1.0
nfcorpus,PLAIN-806,19.840676714390828,0.3611133893330892,0.11666666666666659,0.94
nfcorpus,PLAIN-817,17.72703914315891,0.31968186299006146,0.0,1.0
nfcorpus,PLAIN-827,16.966535605315972,0.3051196038722992,0.2333333333333333,0.9233333333333333
nfcorpus,PLAIN-838,19.79602564203447,0.3599797586599986,0.0,1.0
nfcorpus,PLAIN-850,18.069074283969616,0.32630125681559247,0.0,1.0
nfcorpus,PLAIN-872,17.47572256865938,0.31483983000119525,0.0,1.0
nfcorpus,PLAIN-882,17.224477123802128,0.31009745597839355,0.0,1.0
nfcorpus,PLAIN-892,18.889729001952812,0.3421996037165324,0.0,1.0
nfcorpus,PLAIN-902,17.17324773223223,0.30906147758165986,0.0,1.0
nfcorpus,PLAIN-91,14.487324990053068,0.25852497915426886,0.19999999999999998,0.9466666666666667
nfcorpus,PLAIN-913,19.34329250342968,0.35105189681053156,0.0,1.0
nfcorpus,PLAIN-924,20.123065529383606,0.36648919185002643,0.0,1.0
nfcorpus,PLAIN-934,18.624034447642927,0.3370249370733897,0.2166666666666666,1.0
nfcorpus,PLAIN-946,21.31807951801011,0.39027559757232666,0.0,1.0
nfcorpus,PLAIN-956,22.131655457785097,0.4067123730977376,0.3166666666666666,0.8766666666666666
nfcorpus,PLAIN-966,18.30188575373033,0.3307684361934662,0.0,1.0
nfcorpus,PLAIN-977,20.69959642499934,0.377875695625941,0.3333333333333333,0.9066666666666667
nfcorpus,PLAIN-987,22.141689507995334,0.4069715936978658,0.0,1.0
nfcorpus,PLAIN-997,18.719872422008432,0.33887532353401184,0.0,1.0
scidocs,01273bd34dacfe9ef887b320f36934d2f9fa9b34,12.386288822333887,0.2197203983863195,0.3499999999999999,0.73
scidocs,012e396b02aa584cb74a65ae14af355e7c897858,12.370200703278721,0.21932388842105863,0.09999999999999991,0.9133333333333334
scidocs,01d208b33561362f7714f714d3bc4a1f7aa1637c,10.113401709247995,0.17841464281082145,0.4000000000000001,0.6933333333333334
scidocs,0210b3fe6f7173c86936b5dd9261bc0be0c45652,12.196591588280455,0.21617242693901062,0.48333333333333334,0.7200000000000001
scidocs,0229829e9a1eed5769a2b5eccddcaa7cd9460b92,15.73561825030319,0.2817653715610504,0.05000000000000001,0.93
scidocs,027e7780dbda48d99f3654e77b4a63063224950e,11.35640556076676,0.20088109870751691,0.18333333333333326,0.7799999999999999
scidocs,02c9fe33a5d8cb94373cea20a53f01e0a0e70f7f,11.004983125707293,0.19447475175062812,0.31666666666666665,0.7200000000000001
scidocs,030ff7012b92b805a60976f8dbd6a08c1cecebe6,9.902924842214533,0.1745837678511937,0.1166666666666666,0.8266666666666667
scidocs,031a0f18d46b8e006eb4262233f7734fe4505c21,12.116310341185558,0.21468926966190335,0.4666666666666666,0.6966666666666667
scidocs,033897d56c7cf4f084dec1fad072f1a6aca65c6e,13.571479725343371,0.2414329449335734,0.14999999999999994,0.8333333333333334
scidocs,03725753e46ee9b13cbdfa78c9b62700d4cc2956,11.387291445973048,0.2014372646808624,0.03333333333333333,0.9333333333333332
scidocs,038ee3d9e0a739752f4a270548ab8c97ed024633,10.636190764679446,0.1878243933121363,0.3,0.7333333333333334
scidocs,03bd09f62445ee68095f20000342c1c76b57d7c9,10.858498591555716,0.1919313420852025,0.14999999999999994,0.8866666666666667
scidocs,03d23160e7066e5adab0d55779287e3c4982b9d5,12.742651125421053,0.2261581321557362,0.18333333333333326,0.81
scidocs,0416f5d1564d1f2a597acac04e81b02b2eff67d2,12.88487382074562,0.22876341640949246,0.18333333333333326,0.8133333333333334
scidocs,045a50ec31973fee15ff967f18e016fae77fd1f3,13.480315766879073,0.2397233545780182,0.3499999999999999,0.7966666666666665
scidocs,0491b1a097378701dbbab2ce9dcc2e109a95d97e,11.602430046655384,0.20531893769900003,0.24999999999999997,0.6699999999999999
scidocs,04ca5de59edbdd49a9c0502c58331524d220bc8c,11.186085180973192,0.19777763883272803,0.16666666666666655,0.7799999999999999
scidocs,04e4034344bda5c97015ea634e6eb1b65ef3a898,12.513662061434239,0.2219686210155487,0.11666666666666665,0.82
scidocs,0553dbcc91c98d5e068f6532f0b071a7d219d67e,10.389587590537788,0.18341569105784097,0.21666666666666665,0.8833333333333333
scidocs,0588053b2cde6414e542c656023ade147397f597,12.444235349012393,0.22068003813425693,0.18333333333333326,0.8366666666666666
scidocs,05b32985bf72fe15383bb4bba14beb43e438e937,13.43258142921511,0.23883719742298123,0.21666666666666665,0.9199999999999999
scidocs,05dba74b1ecf7e40b2a904e2d797768ef79832d3,13.762369728457971,0.24500875174999234,0.06666666666666664,0.87
scidocs,063c6ae786c34d3722c6d9060df6339e246bbc3b,14.922705750094863,0.26660020649433136,0.2333333333333333,0.6166666666666667
scidocs,065985d4d0854c51f52ad7a7507b267d9b88ab1c,13.11673224364345,0.23307592173417402,0.3333333333333333,0.8266666666666667
scidocs,0674058618d04def58c79a0b28174301ef591433,13.196659886004946,0.23455432057380668,0.31666666666666665,0.8566666666666666
scidocs,068a88330c93a41058d6e04e576d7e1a21dc6ee7,11.136950251346988,0.1969163616498311,0.19999999999999996,0.8966666666666666
scidocs,06e0780f589f04edd1e55f5a0d9872696280b40e,12.142129035490106,0.21524585286776218,0.4333333333333333,0.65
scidocs,071961fc3d61b893c12f07abfa2906859152e3a9,10.980200345655726,0.19403231640656785,0.16666666666666666,0.8266666666666667
scidocs,071f47b7bc5830643e31dbed82e0375bf9b26559,11.40543852643281,0.2018916805585225,0.13333333333333322,0.9133333333333334
scidocs,07a5c4ba84268708146aa4bf5cad9491b3e35051,10.843830041657945,0.19157459835211432,0.21666666666666665,0.8700000000000001
scidocs,08c970df2d62d4bc27e65e8c389a0227a41109a5,15.819786895361787,0.2834254701932271,0.03333333333333333,0.9233333333333333
scidocs,08eeaae7108e35a9639ef750a75132d0c71b2dd1,16.073865757425256,0.2881595691045125,0.16666666666666663,0.8233333333333334
scidocs,09109a5375d8e2ca752bedde17ba5acad1df61cb,12.701980924560743,0.22541348139444986,0.18333333333333326,0.88
scidocs,095923857403ebb1578ce82b085c97c75b522fa2,11.723311067396958,0.20752564569314316,0.16666666666666663,0.8066666666666666
scidocs,0963302a589b5476df76040ab22a3315e0f84bb1,10.93014780091386,0.19314796229203537,0.19999999999999996,0.79
scidocs,09b349399b8b696d365185ee3896dfae77af8ac5,12.001972222970082,0.2125940273205439,0.3,0.7033333333333333
scidocs,09d275d72bdd404df1270ca0d23574c10c27e4ac,13.442856010087617,0.23904411991437272,0.16666666666666655,0.7799999999999999
scidocs,0a149bfc3080902dab96a0bfdfe1d4ab2ec0cc2a,12.69402731336835,0.22525330384572342,0.16666666666666655,0.75
scidocs,0a40663fdcf7c5fb7cfc459693116c41309e7eca,14.607070126737758,0.2606250643730163,0.2166666666666666,0.7666666666666666
scidocs,0ae51a9ac89e363097bcd675a56901b9444fd739,12.126125392317084,0.2149027585983276,0.35000000000000003,0.7433333333333333
scidocs,0b40af1ad2b9781fa14e999db2d7d3270b6d2862,14.065591278661342,0.2505588382482528,0.13333333333333322,0.8733333333333334
scidocs,0bb9e12f068657407cde9f76e35bd540184edb3e,9.818023169375017,0.17306074996789292,0.19999999999999996,0.7400000000000001
scidocs,0bbdd4905f23994e0b5a0d91fc332b2af336f1e8,10.20003747633907,0.17996794978777567,0.26666666666666666,0.8933333333333334
scidocs,0bdb616e15d3d6f17b90e2e5c588bfecac13768a,11.426940510451246,0.2021424869696299,0.24999999999999997,0.7799999999999999
scidocs,0bf046038a555bc848030a28530f9836e5611b96,10.080550774447746,0.17778096099694565,0.4333333333333333,0.7799999999999999
scidocs,0bf8527d093600c50208faca0b32eef2372ec0d4,8.949187007350744,0.15748705963293705,0.2833333333333333,0.77
scidocs,0bfa2ab02f3c9a9fe06fcebf34bd8f371e206512,12.968769009525317,0.23044202228387192,0.16666666666666655,0.7433333333333333
scidocs,0c1c94f582cfaa727a03a452ea71cab809d8f7ce,8.305049033217708,0.14598904053370154,0.16666666666666655,0.9366666666666666
scidocs,0c3ffd5f1b577e38604f361ee71feb312b5b0cab,14.344880463148895,0.255836933851242,0.24999999999999997,0.7166666666666667
scidocs,0c8a029180e8ee5a7a8c886738576b12d3f6530d,12.513790293924089,0.2220355371634165,0.11666666666666659,0.7799999999999999
scidocs,0cb89b20dce918778ec15c7b2a99c3e04f42d3c6,10.865852503768743,0.19196583330631248,0.2333333333333333,0.8433333333333334
scidocs,0ce72c74fed3bd81c9ceffa0f0c1954b88328e32,14.801247323442212,0.2642364303270975,0.2166666666666666,0.8366666666666666
scidocs,0ce7927d613e66a2062516e9e85e1b9a36d54029,10.890786345503102,0.19240320225556687,0.16666666666666655,0.8366666666666666
scidocs,0cf7f818b313a7a16bb33960c6322199a2441e06,12.908637502725112,0.22921892007191969,0.14999999999999994,0.89
scidocs,0d21cc2677e544b46673ff19ad4f378f32129069,11.091948532271248,0.19605119029680884,0.16666666666666655,0.8533333333333334
scidocs,0daf48d0ce4e4200a753c28519f5761b160944fb,10.942212673243027,0.19337789714336387,0.1333333333333333,0.8466666666666667
scidocs,0e35c927c29d431812768f1ad7c4d6e35f0227b6,14.821118654995429,0.2646169364452362,0.08333333333333326,0.7433333333333333
scidocs,0e5cde86bb767fcf4d0dd07f140bcf5292b4fd7b,11.85969970723562,0.20999930799007413,0.3333333333333333,0.8766666666666666
scidocs,0e894b5dc37f7bf983eca17e869615d16398d47d,9.288050149715966,0.16355579594771064,0.08333333333333326,0.7966666666666667
scidocs,0ee5364a1672ec0b8dbb3e1f84a5eca1d7851a6d,13.50588015040307,0.2402027597030004,0.31666666666666665,0.7400000000000001
scidocs,0f10c6f57e7b640a2e89e94b5ca7d2b0d46d3925,10.64892293068978,0.18807119627793625,0.08333333333333333,0.9133333333333334
scidocs,0f1b8238e4b8f8937c78dbd2d77d3945723b596a,11.269126900070141,0.19926262895266214,0.1333333333333333,0.8466666666666667
scidocs,0f2c82218b1858e414df5d50171e97694c60e542,10.44245665457469,0.18437831600507096,0.18333333333333326,0.7733333333333334
scidocs,0f5d0494c0ddaa32b5072dec141a9a79104d967b,12.9123848974816,0.22988757491111755,0.2833333333333333,0.7133333333333334
scidocs,0f990cb8bbd3767350842b0975b4b32a600f41e1,9.310327879682236,0.1639491071303685,0.2333333333333333,0.7933333333333333
scidocs,0f9bacfc21069a07bf3135cb0e94d83014933260,9.728197762101159,0.17144209643205002,0.6666666666666666,0.6333333333333333
scidocs,100636ca50edf63d4336bb071f3e172cb0ebccaa,13.973591576425804,0.2503247509400049,0.3499999999999999,0.8633333333333333
scidocs,101f6808a0244f725979e6e651bbef2f86410c1d,12.071275746374496,0.21386833985646567,0.24999999999999997,0.7833333333333333
scidocs,103f982d2a3a9b7335b76d8c7112d1b6fcf0f2bb,10.020000844665491,0.1766879459222158,0.1333333333333333,0.8833333333333333
scidocs,1066b8c0aaed299874e1989998635dcb879bcd0f,12.197874960366358,0.21616965532302848,0.2833333333333333,0.7333333333333334
scidocs,108937f6a7220ae9370511bbcaa44674c48b1a65,10.826660106451554,0.19125512242317197,0.04999999999999997,0.88
scidocs,108eb7d5365e54e788886083049dca7e0b347f53,14.084123148029406,0.2509097506602605,0.19999999999999996,0.87
scidocs,109cc0e1b5cbf8f4e329f93060032db46de72bd8,11.842474644960761,0.2097108463446299,0.14999999999999994,0.79
scidocs,10b31443d0fa8e198e7db88964fe7206270ad229,11.981396997204035,0.2122679352760315,0.1333333333333333,0.84
scidocs,10eeeca03909bd44af5a5b5791e1b1ef36ff5c9e,14.009932253869893,0.24951765437920884,0.09999999999999996,0.8266666666666667
scidocs,1134105faa6a16969fede23d16f0c0df129c5888,11.667381929875694,0.20650469760100043,0.31666666666666665,0.7133333333333333
scidocs,11c7dcdd20a2fa500162c3f1477d20bb18bfa15a,12.85683088006514,0.22835789124170938,0.24999999999999997,0.88
scidocs,11f7d9b2017abd46c756df533618d2c4326fd3cb,12.353750926009328,0.21911876897017157,0.19999999999999996,0.8266666666666667
scidocs,120f80b2e2b2ce2fefdf0de644f5ee84c8647bb2,9.190828404951384,0.1618222246567408,0.3,0.77
scidocs,12219a387158e41e212af4ae1c57a29934627128,14.478240943535122,0.25823926925659174,0.6,0.8166666666666668
scidocs,124c0c016c8b938139afeb40d011070e3604268e,9.312104130528029,0.16400844852129615,0.21666666666666665,0.8533333333333334
scidocs,1258db72eec4bbf02e29edf5bb0c300491a01242,12.186556018745408,0.2160167793432871,0.06666666666666664,0.81
scidocs,128a0612e9b1bdec9de606e3a9c1afcd8170f0f2,14.388958871067045,0.25660521785418183,0.08333333333333333,0.7166666666666667
scidocs,129397ed6557da93db5ba18cf112ee7b0a7927d8,13.795908282391833,0.24556202689806617,0.16666666666666663,0.8333333333333334
scidocs,1312b0d0a957fc2bbfc2612dd89ba9003c57a08c,11.248515197305542,0.19892739752928412,0.09999999999999991,0.9066666666666667
scidocs,13c47ed140cc36191678a48b3115939cd0aa8314,8.980625193079184,0.15805062651634214,0.16666666666666663,0.8233333333333334
scidocs,1450eda3d2eaf29f30cbae088567d7dcbc6590c3,11.508203723346853,0.2036038587490717,0.24999999999999997,0.8566666666666666
scidocs,1475d10a7b5d777fb411cdbb2740f574e32fd2f6,13.822408818052464,0.2460588564475377,0.3333333333333333,0.7466666666666667
scidocs,14edc660cb7db680f2e471460a794f68ba03f295,12.224303203224613,0.21666351457436872,0.16666666666666663,0.9066666666666667
scidocs,14ee77995be77780bdba07fa7f1613fb5ad09409,13.696245568740563,0.2437222748994827,0.18333333333333326,0.7966666666666667
scidocs,1571f50f52761a7a3537f12a88be487e5a0e7ad4,8.955451352451037,0.1576162129640579,0.21666666666666667,0.86
scidocs,162991b10e2633c237ba2d4220c040f09c1679c1,12.481103466249104,0.22135334710280097,0.16666666666666663,0.7666666666666666
scidocs,168ecf130d9ece95d49d6ace5f9926f88a487303,12.657452196798692,0.22458043694496155,0.35000000000000003,0.7366666666666667
scidocs,16a8e0646724f730eb52216f9bc1284ddb630fd6,10.770163925152746,0.19027308126290635,0.26666666666666666,0.7200000000000001
scidocs,16b3f9790d37035faf5837ac68661c6df13a9dcb,13.45418136179925,0.23923342923323312,0.11666666666666659,0.7933333333333333
scidocs,17507ae3ed6c96320a448d8c55aced80d4800b73,12.591875992587786,0.22343149284521735,0.2333333333333333,0.73
scidocs,177f06f0b11a911317f500b455adeeadf9d48e00,10.968965890829748,0.1938235114018122,0.09999999999999996,0.9
scidocs,18095a530b532a70f3b615fef2f59e6fdacb2d84,10.463015724158586,0.18467661738395688,0.1333333333333333,0.8066666666666666
scidocs,181d6617e6233062683965006ae5e08b0db4f0c1,12.6485901154022,0.22442927459875736,0.31666666666666665,0.7266666666666666
scidocs,18398d9c9224d5c0dadf22dbf1c21c11de8705b7,9.746179958332878,0.17177910606066382,0.26666666666666666,0.7533333333333333
scidocs,18422ae57ec0318fb4c200fdcf7c6e145208d792,11.121976293934068,0.1965972930192947,0.08333333333333326,0.9033333333333333
scidocs,18897a587c91e3b177de66b19fe00708ee868df8,14.045941104546245,0.25018986562887824,0.4000000000000001,0.73
scidocs,18a024eb8b03fe07c6855002094234406aace0db,13.531448404565323,0.24071300526460013,0.16666666666666663,0.81
scidocs,19115f66f6ac1c02568bbb38eceedfa3521a8cc2,16.08689434745828,0.28839817643165583,0.1333333333333333,0.7666666666666666
scidocs,191e9300845097e1e8eb9696db458efc968baee1,10.290661197227221,0.18160700798034665,0.08333333333333326,0.8366666666666666
scidocs,191ea925c2115755b44380c99d84f4a1099b4dcd,12.905180075817333,0.2292053699493408,0.15,0.8766666666666666
scidocs,195a5a538eacb89dcd4cf3fe2c0600ea61dbd15e,13.148188746777237,0.23360810180505112,0.14999999999999994,0.7000000000000001
scidocs,1978c3122a0401f6c3309f1ffd2f5baaf55a46d7,10.011191176802361,0.17653879026571903,0.2666666666666666,0.7999999999999999
scidocs,1995f186d00e9fdc1957c76666145c923fa55cf3,11.96015214061317,0.2118330697218577,0.11666666666666659,0.9533333333333333
scidocs,19cd76e349c5a2abdbcd0e741dc00b049591e7d3,8.998577149041092,0.15836010376612344,0.18333333333333335,0.89
scidocs,19d9d5e14d4d3f3e4ef66e00cdbc11ff6a93e9d5,12.901348763533528,0.2291589478651682,0.11666666666666659,0.8233333333333334
scidocs,1a278dcdc031dba7d9aa055aa3b450339ddbe161,11.937998440796486,0.21146642665068305,0.19999999999999996,0.79
scidocs,1a66df57f88e689438d505474eff73e3a9180c5b,12.64200203930561,0.22438682119051614,0.14999999999999994,0.7966666666666667
scidocs,1b1aed7e508dce5e1c2d847ee69b8979e3be69d2,8.532617478064623,0.15003707011540726,0.18333333333333326,0.7866666666666666
scidocs,1b44df3232099b13e3aac7fc5811a946133d6db6,11.462971961697095,0.20278571049372351,0.19999999999999996,0.8066666666666666
scidocs,1b4ed4a45a900d6a02f929f873cb25f51a0e054b,12.696276164495522,0.22529694934686018,0.3833333333333333,0.6366666666666667
scidocs,1b7db8ad49f94da9b90db89bede5f27644bb9911,10.870144346070248,0.19203193982442215,0.3833333333333333,0.7999999999999999
scidocs,1b9ce6abc0f3024b88fcd4dbd0c10cf5bcf7d38d,9.325564419793283,0.16425581276416776,0.09999999999999991,0.8433333333333334
scidocs,1ba7a9c0e658a0d98253f999bf43c2e98c07f4e0,12.85979142608445,0.22829567392667136,0.18333333333333326,0.9033333333333333
scidocs,1bc5ea91875143e0526ac587b9c4aa6c64ceec98,13.040605649790372,0.23166887462139127,0.3,0.8033333333333333
scidocs,1bf06b2bbf53089180fd3676720d80cbaed5975d,10.05872469269386,0.17741720378398887,0.09999999999999991,0.8333333333333334
scidocs,1c0e8c3fb143eb5eb5af3026eae7257255fcf814,13.857548793726812,0.2467032819986343,0.11666666666666659,0.8433333333333333
scidocs,1c454ae4e1bbc600791f3a4796fdb6b1ee2ca016,8.763261317327357,0.15415436526139573,0.18333333333333326,0.8266666666666667
scidocs,1cb77e2a09db58e9e8b37878c7de313d41e6f854,13.43079237775627,0.23887722194194785,0.18333333333333326,0.7400000000000001
scidocs,1d1bc7c5ab704db04a72efb063fb1db6fc07f85c,12.773430320387986,0.2267559468746185,0.14999999999999994,0.9433333333333334
scidocs,1d8465c3f5aee1b7a790f6eeb44637343861ba47,9.7462161242648,0.1717760066191355,0.3833333333333333,0.7433333333333333
scidocs,1d9393ad3665996ea0a6a0125b408ada34c37a54,14.006860929319247,0.2494578013817469,0.21666666666666665,0.6066666666666666
scidocs,1e022ba4791c906fef6013777be2ae3f4017a33e,11.581262997293935,0.2049354662497838,0.2833333333333333,0.8133333333333334
scidocs,1e12fb38bfc2c7aa86806f87df4cdaf035f92fb7,10.1418335304947,0.17888163030147552,0.16666666666666663,0.8866666666666667
scidocs,1e1c56608f9dca5281bd79c7dfbfb058aab25472,14.148936299979772,0.25210315982500714,0.31666666666666665,0.8266666666666667
scidocs,1e6bcda276bb1681125eb18ca4d62a44e94c25c9,21.616359484779043,0.3967974483966827,0.6666666666666666,0.7266666666666666
scidocs,1e7021eb8e92066b972452a0ce5a54529ca4ba5a,12.148425050003752,0.2152684777975082,0.2833333333333333,0.6733333333333333
scidocs,1eed0e731008236ddc956ffbbe9051e13d54f2ec,13.759653140808174,0.24487802386283872,0.09999999999999996,0.8866666666666667
scidocs,1f081ad6fa8a623e9d3e0c94274019d24db4659b,9.238105608854335,0.16265591979026792,0.19999999999999993,0.7933333333333333
scidocs,1f10c64bf2069062811209a27cc4ff7b65fa02e9,13.079141925524569,0.23232815166314438,0.5333333333333333,0.7333333333333334
scidocs,1f157f2b144528924eec46d9316bd5517352b89a,14.838494463514175,0.2649508515993754,0.04999999999999997,0.6966666666666667
scidocs,1f1da6d6077b0a6ad6ab724741fb36f64e7c6cc9,8.494193043891007,0.1493485073248545,0.5,0.6233333333333334
scidocs,1f576e4cfe7c5426e383cd06608411e81b509feb,10.718837734477141,0.1893060704072316,0.3,0.7200000000000001
scidocs,1fd7fc06653723b05abe5f3d1de393ddcf6bdddb,15.89096399538152,0.2847127914428711,0.28333333333333327,0.8566666666666666
scidocs,1fdec82c846cb843a496e5edfec72787f34d308a,14.148127502912578,0.2521038005749384,0.3833333333333333,0.8033333333333333
scidocs,1feebbe8af1e60048cb82bbcbadc07b4d3f210d6,10.992199950520451,0.19427795211474097,0.16666666666666663,0.8633333333333333
scidocs,2011feb353fed560b0643dc9db6528317c643957,14.11266482756465,0.2514355977376302,0.45,0.8833333333333333
scidocs,20534da8c7ee7063cbb32620d53e7322f90be2e0,11.276203182263544,0.1994297156731287,0.1166666666666666,0.9
scidocs,20704643278111342011c702aedf66c04a2c8e63,15.332993388581372,0.27420944968859345,0.1333333333333333,0.8433333333333334
scidocs,208d2d6ae61955d93b13a5a497c10ba8c7086e87,9.13725397166589,0.16086181004842118,0.14999999999999994,0.8466666666666667
scidocs,2094f315289ccf9b676e0790fb3dd1bc4acad98c,11.837562680071798,0.20963245133558905,0.2833333333333333,0.8666666666666667
scidocs,212d7af298a4bd9090b834293067d2f091a95cfc,9.086833167758357,0.15994532903035477,0.3999999999999999,0.7566666666666667
scidocs,2170636d5d31eb461618b5da10f4473c67e74e73,9.17375648887596,0.16149514913558952,0.09999999999999991,0.85
scidocs,21a3a10bd30461c62140bd7ad0153935ae34ae5b,13.814917121747726,0.24614002803961435,0.4166666666666667,0.73
scidocs,21b1180af3087c1333708a9873f6d473eabe6751,8.450240643628993,0.14857165515422818,0.1333333333333333,0.8533333333333334
scidocs,222d908535d67563709bb72de7aed4739133ee3e,8.785052384504775,0.15497127423683796,0.04999999999999997,0.9400000000000001
scidocs,223bb68a9ca2df2d07335e2073fcc78b59e4edd7,9.092729570807663,0.16004836559295654,0.13333333333333322,0.8733333333333334
scidocs,232427099d4a8acf1dc29efc852f09c5964e6165,10.739270096615229,0.18973351021607718,0.26666666666666666,0.6933333333333334
scidocs,23386571ed332e4a465c0a6fa899f310caa217c8,9.21214719766843,0.16218555470307663,0.21666666666666665,0.8133333333333334
scidocs,23a7c8d9f142184d28e56b0751e172fef6539275,11.789859660720092,0.20874285201231635,0.19999999999999996,0.8333333333333334
scidocs,23b93f3b237481bd1d36941ca3312bb16f4beb58,9.715360201377242,0.171209176381429,0.4666666666666666,0.81
scidocs,23ce229565447f22d5ef2b6d7cbd6d8003254ac2,14.989452379983447,0.2678304463624954,0.24999999999999992,0.8366666666666666
scidocs,23fa7b866a1b1fee7bb71c8b5a9235cca7120bbc,19.42923879297861,0.3529875576496124,0.36666666666666664,0.7799999999999999
scidocs,240cd5f1b47a68c9dcc04b3921e69093c9a55b02,10.046186735099743,0.17716084917386365,0.2333333333333333,0.8166666666666668
scidocs,2468a43e935adcee0303ba39e348c2bc0c4379a7,12.334383975486901,0.21867192784945166,0.3666666666666667,0.6766666666666666
scidocs,24b8b9dccfb67641c78d28ee6b56815191f34d87,13.501561500288423,0.24017611145973206,0.2333333333333333,0.84
scidocs,2520c3d5d114974167561591a57f80e89650f862,14.874117474732254,0.2656362255414327,0.18333333333333326,0.9066666666666667
scidocs,252fb9f343399a7fae9f771f5387686708fc9610,13.548116145498517,0.2411594490210215,0.24999999999999997,0.7399999999999999
scidocs,2561aa198e3a7a0b507122f543acafa80481e1b9,11.69711557327831,0.2070408066113789,0.19999999999999996,0.82
scidocs,25b1b8f72d025f23f61cf6c94749c86a7e2449a3,11.171628227762135,0.1975527058045069,0.1333333333333333,0.8099999999999999
scidocs,25dbf9b12475454585d5050c5cf446e1c4f6dd27,12.48226836456569,0.2213773926099141,0.19999999999999996,0.81
scidocs,25e6ff6c5b3b03a3be4edaa55f5d8fa25ab920ee,13.84891951420922,0.24801498651504517,0.14999999999999994,0.8066666666666666
scidocs,25ffe3b737f0e5c3335918ba1b3ada43888d3885,11.552742791579773,0.20441894729932145,0.03333333333333333,0.7633333333333333
scidocs,26825e78a84242504048b39d0ba21c859e52dc46,13.179405769307467,0.2341753592093785,0.15,0.8333333333333334
scidocs,26832c916189cf7bed032d48eb0b6329dc37fcfd,16.892215138860443,0.30379928151766455,0.3499999999999999,0.7766666666666667
scidocs,26b90ccf7541fd2cd4235118493e1e49d358c351,10.034104859894734,0.17694455881913498,0.16666666666666663,0.77
scidocs,26ebc1b9e21db68d5abf01acd2a0c38d260c65a1,9.232121307649509,0.1625558684269587,0.19999999999999996,0.79
scidocs,271a4077c037b86fb7daf6bff3e66682322ff7d7,16.422893937639802,0.29475584626197815,0.3,0.7200000000000001
scidocs,2747421989619d293c05b0b82a547009128ebadb,9.786948862623605,0.17249922454357144,0.2166666666666666,0.8166666666666668
scidocs,27b2c6ba78c48af54239366f346b57227cccb666,16.448079089822187,0.2952337861061096,0.31666666666666665,0.8066666666666666
scidocs,27efc45254159de1a18554ba8cb603ee70a1f266,15.435426535462609,0.276161253452301,0.5166666666666667,0.6366666666666667
scidocs,27fb7f79c74af0de19b3a9691268f9ca32bdda82,7.988749047269039,0.14034513135751087,0.18333333333333335,0.7433333333333333
scidocs,280c96ea1644257069e16660a6a3a3a53f25858e,13.783671963022533,0.24540129303932187,0.3833333333333333,0.6966666666666667
scidocs,28115e594c25c99a253557ae96290a9e0d60d3e3,11.386480678387814,0.20139263073603306,0.2333333333333333,0.77
scidocs,281b6888d5df1dddb350fac4e9be5c8272519109,8.473449675478195,0.1489932686090469,0.11666666666666665,0.8966666666666666
scidocs,28ca521c805fae5ee45417c3e53421d2250c24cb,23.218843981775915,0.42936278382937115,0.2166666666666666,0.7033333333333333
scidocs,28cf9ac2f4e90942595d1069501d171f64ef76c3,14.683394428086622,0.26210946838061017,0.11666666666666659,0.8233333333333333
scidocs,28e0707528f78fecb26fe7f003d94f6a5de32b98,9.40213611469765,0.16559250156084693,0.36666666666666664,0.7533333333333333
scidocs,28f3343d2419147213e7580934cfc4e0cb88b088,11.182896824310168,0.1977134396632512,0.14999999999999994,0.85
scidocs,29373c5bb0d60320844905916aec09d64c24cd79,18.18928003324726,0.32860130071640015,0.13333333333333322,0.8633333333333333
scidocs,29378306c07a78cff615f1b2ddea4d5baca4a199,13.278658572517486,0.23599721988042188,0.15,0.8966666666666666
scidocs,29b28c7699a63c02bb3e3c0aaaeb4de6811383b4,8.699081861351264,0.15300826231638587,0.2666666666666666,0.8133333333333334
scidocs,29da485e2e8c78d9646d1efb25986e5753269354,9.21818694470811,0.16232504447301224,0.3,0.7066666666666667
scidocs,2a3b696dccb9e31f0321c83a86f26041c72b1bc9,13.661567922775319,0.24311562875906625,0.11666666666666665,0.9066666666666667
scidocs,2a4c67e35d447204a1451ebcd81701a774510118,16.070099537028884,0.28808364272117615,0.15,0.7533333333333333
scidocs,2a6300ea9db239f190cb3d8cba4e45a7c0b1c710,17.088615870894756,0.30743279059727985,0.31666666666666665,0.7799999999999999
scidocs,2a65434d43ffa6554eaf14b728780919ad4f33eb,12.00740037927117,0.21271153787771857,0.18333333333333326,0.8166666666666668
scidocs,2a88541448be2eb1b953ac2c0c54da240b47dd8a,14.057824406910674,0.2504017899433772,0.06666666666666664,0.7133333333333334
scidocs,2a8a474a6b613105b672bb4d58a59d6eafd035ef,17.453816824987854,0.3145824174086253,0.0,0.9266666666666667
scidocs,2a8bcf35e6b5b3910eea160b3a1fb3e6bcb3966e,8.918271352837484,0.15692999462286628,0.18333333333333335,0.8533333333333334
scidocs,2a9b398d358cf04dc608a298d36d305659e8f607,12.501780718515286,0.22172813117504117,0.09999999999999996,0.9
scidocs,2ad961db4b9075a33f0725dd5c79074de993c5e4,13.50374943557937,0.2401994963486989,0.06666666666666664,0.8166666666666668
scidocs,2ad9703a6e039258bc306e46c7eed1208a61f4aa,15.704710383564558,0.2811938126881917,0.0833333333333333,0.7166666666666667
scidocs,2b234385356cb10d448908cef49584bece15d94b,13.286270485944195,0.23620004951953885,0.3833333333333333,0.6766666666666667
scidocs,2b26645a12e3a11f53ae4d31798f1009376962db,9.614956121799878,0.16941119730472565,0.09999999999999996,0.8833333333333333
scidocs,2bd338ef8751b62d23e53fbb44d67042d634da2f,12.904183783312831,0.22910756369431814,0.2666666666666666,0.81
scidocs,2c64233ad8239884cdd410fb63c63124bd9fb515,8.593754772619093,0.15113253394762674,0.05000000000000001,0.9266666666666667
scidocs,2c9466f3849cc3b25eb00db90d146cd0c26bdef4,9.851679102941054,0.17369602123896277,0.1333333333333333,0.8733333333333334
scidocs,2c953b06c1c312e36f1fdb9919567b42c9322384,13.46739093970016,0.23950595657030738,0.24999999999999997,0.8366666666666666
scidocs,2cd7c3ed5a06c461b259694376820dcfcfbe94a9,13.919781526347345,0.2478503733873367,0.21666666666666667,0.86
scidocs,2d2f14551b8b7163558e97902e7b456b0ba0a8d0,14.67742012262073,0.2619372109572093,0.26666666666666666,0.8466666666666667
scidocs,2d52f69dd4686a3e66f5a8a1650a24bcea43530e,15.76779218951738,0.28239060441652936,0.19999999999999996,0.66
scidocs,2dbe49d7c9a65656cd46d22ea07dc317b26482b6,10.135193177078627,0.17876874407132462,0.13333333333333322,0.8466666666666667
scidocs,2dd5f1d69e0e8a95a10f3f07f2c0c7fa172994b3,15.343233543632051,0.2744014461835225,0.2166666666666666,0.9
scidocs,2df3b760190470c4af1be87328a20ce607e1ad98,12.961390102480323,0.23016903797785437,0.11666666666666659,0.91
scidocs,2e08d3ec08069ef41059cc3da6bc4d390eaf6e01,11.95381541361538,0.2117768575747807,0.5166666666666667,0.5433333333333333
scidocs,2ea78e128bec30fb1a623c55ad5d55bb99190bd2,11.341357290041936,0.20057140787442526,0.26666666666666666,0.57
scidocs,2ecad6cdccc33f707dfe4334883538918de50bb8,12.699991536376059,0.22541320820649466,0.09999999999999996,0.8533333333333334
scidocs,2f365204bf3e60465a4ed333b4db725e345a5108,12.390144778404759,0.2197240938742955,0.24999999999999997,0.79
scidocs,30188b631c70f45bd194e6ac72cbd73f01f3bb76,11.493307294875166,0.2033697168032328,0.2833333333333333,0.57
scidocs,304899db87ea51fa65eb562ecc918cb2ebeb41ee,10.968914631546054,0.1938194682200749,0.08333333333333333,0.9066666666666667
scidocs,30753bc1f583ba7ce71dd0186e109813cd658616,13.485107237924796,0.23986600836118063,0.24999999999999997,0.5766666666666667
scidocs,30c584613b73201bd2d9dbf2e1d6d31d290a8a1c,11.631735380478785,0.2058548231919606,0.26666666666666666,0.79
scidocs,30c9a7660281ad8e4538ff9beb20282c74fac810,15.602872830187371,0.2792686621348063,0.19999999999999996,0.8666666666666667
scidocs,30ef88ee401f70cf43b330b475d30f7f5e722630,11.570764934918095,0.20485684772332505,0.1333333333333333,0.8366666666666666
scidocs,3131776d3b838e3a22ed9ccd7b7b92a41410df28,9.072683367920801,0.1596873303254445,0.2666666666666666,0.8733333333333334
scidocs,3136f52540fb7925998eff94e9c016d2e1a6fe12,10.503479388489906,0.18541159232457471,0.21666666666666665,0.84
scidocs,313b369196df6026a97016327f8e4eebaf1a0176,15.7697980660163,0.28245004018147785,0.1333333333333333,0.9166666666666666
scidocs,314d65679c866483277fcc209ad89e7abab20126,13.377421392353092,0.23784466087818146,0.16666666666666663,0.79
scidocs,3159c9423862b22c6326801ad4353ae2cfe30d32,9.407276937496336,0.16568753619988755,0.16666666666666655,0.91
scidocs,318e36796798d173020e2c92ea4188b60d84a450,13.401076173782847,0.23827752470970154,0.31666666666666665,0.7733333333333334
scidocs,31c1327754c921e848bf2d0ff6ea6828e29680e3,10.026972291868878,0.1768456349770228,0.4166666666666667,0.61
scidocs,31c939e469b8910eb49af18247d68981cff1887a,15.885328737683478,0.28468316793441767,0.31666666666666665,0.8966666666666666
scidocs,31d33747d8fff0b7a0c40dcf9944015af9a15b1a,11.206410026335668,0.19812610745429984,0.2833333333333333,0.6466666666666666
scidocs,3343804410013190447ce2dc0d8fcf792916aa21,13.161688810935914,0.23386767506599418,0.14999999999999994,0.8433333333333333
scidocs,335ad0ff82c728aca99fb0059c607cb18129526f,13.462296757101617,0.2394450455904007,0.44999999999999996,0.6266666666666666
scidocs,337f48a82d9d2739d35b41cfc4e8cd3dc906639d,13.147357446887668,0.2336675971746444,0.39999999999999997,0.8000000000000002
scidocs,33812e0c6b8fdc5e414c5eae760e574e5a81190a,10.948162498803553,0.19344993929068244,0.3,0.7933333333333333
scidocs,3388d516fc26536423b03e1d93a3b62358a6a35f,12.314498083265434,0.2183061838150024,0.3833333333333333,0.67
scidocs,349099074825c262b3f7c150ac8d470aabcebada,11.038929948864654,0.19509119788805637,0.08333333333333326,0.8533333333333334
scidocs,349fd2000d792b53471cfd98decfd2cb5df5ac7d,11.777398130250026,0.2085149337848027,0.11666666666666659,0.9133333333333334
scidocs,34cd1723dc4a58217222882f9c6a651ec5bcf7a4,14.747687961858565,0.2632587303717931,0.31666666666666665,0.6233333333333334
scidocs,34f4c97eaf57fbbc3dbae7887afb5fef2f9696c5,8.997709058283887,0.1583681503931681,0.08333333333333333,0.8733333333333334
scidocs,350db81caaa9c8dc1572f97d90bb8e13b0100bbb,8.988248831050528,0.15818685789903,0.13333333333333322,0.82
scidocs,35414f51bec4795a0f417aa1fdbb35322d80c9b7,14.389784015180046,0.25657643377780914,0.09999999999999991,0.84
scidocs,3547ac839d02f6efe3f6f76a8289738a22528442,11.17513549156832,0.1975555668274561,0.1333333333333333,0.8866666666666667
scidocs,3565d884735ead613a5aa0903f06a2cc86d05b6b,9.269011848613578,0.16322748363018033,0.1333333333333333,0.8866666666666667
scidocs,36279b9053b8b28759a94eaa428d5e0b6dec4246,12.506493289904663,0.22184220453103376,0.16666666666666663,0.85
scidocs,36c29a4a8a4b07ce402c3077cc8831ff7245b5f8,16.771286558821657,0.3013814985752105,0.2666666666666666,0.8166666666666668
scidocs,36ea0a9710b9310ce9c6ce199af63b6a00eea480,10.94951811145483,0.1935183803240458,0.1333333333333333,0.7766666666666667
scidocs,370fda29c5aaff285311a87824c5f28db33da021,9.254908291762383,0.16294998923937473,0.15,0.9233333333333333
scidocs,3713243ded59fd9b0a4428bd101616bad7393311,15.176984903601992,0.27126800020535785,0.28333333333333327,0.6733333333333333
scidocs,373f76633cc1f6c7a421e31c989842021a52fca4,12.516347157077277,0.2220332125822703,0.25,0.7933333333333333
scidocs,375dc2acc3f54cb0d386dbc2d969366e32d2839f,18.463860471759062,0.33399929602940875,0.26666666666666666,0.8333333333333334
scidocs,37a6a9963357bbb764410f1e9f3ac4b9df8e9e0d,13.181331077212123,0.23421161870161689,0.05000000000000001,0.91
scidocs,37fefbdf740577306928ff2f0c810fb3a96183b2,9.869712933314057,0.17399731278419495,0.16666666666666663,0.8266666666666667
scidocs,38279d233762ea289e24e566d52207407f9ec3ab,10.00119253573075,0.17636845012505845,0.2333333333333333,0.8133333333333334
scidocs,382bbb79d7ffda63395db3d9b4ebce55d0b2f038,13.216117940944159,0.23484561840693152,0.16666666666666663,0.8333333333333334
scidocs,38526532f66d5bcd7b47cea0ed9642b9b232d50f,14.730171746880593,0.2629136045773824,0.14999999999999997,0.89
scidocs,387dd9f50cf0af914cf39ecef3b72aca2c3476c1,12.978365839530236,0.23047676185766852,0.19999999999999996,0.7399999999999999
scidocs,38ca15193faef0ab90e6cab5b82be5f7f1a83d67,14.30106123299168,0.25505783160527545,0.6333333333333333,0.5033333333333333
scidocs,392b1573c9cdbb3ef0387963e82310f7be068a45,14.12184840522473,0.25159433980782825,0.11666666666666659,0.85
scidocs,39959bc480d2972d8bb925708e6e8ad59664bcdb,9.932730750181895,0.1751348078250885,0.3833333333333333,0.6699999999999999
scidocs,399acab2bee6eccbfffe4a2ce688b6b1075e9c5e,11.398012567260215,0.20161008338133493,0.31666666666666665,0.75
scidocs,39d428fd8c6b73ed070921a856f03c2c5b5377ba,10.815354794940625,0.19104634225368497,0.26666666666666666,0.8266666666666667
scidocs,39dba6f22d72853561a4ed684be265e179a39e4f,14.1513520181951,0.25216858585675556,0.3666666666666667,0.7799999999999999
scidocs,3a63667284dc8b9687ed1620406030bfe39af3c9,9.127552927704697,0.16066902379194895,0.08333333333333326,0.8333333333333334
scidocs,3aba958809c43b0af8df66e5338d9310549eeb58,11.060491743383386,0.19548304875691733,0.1333333333333333,0.8300000000000001
scidocs,3ad8328b066bedca77c858a399a77521563d5c99,8.888600255314957,0.15639963249365482,0.3,0.79
scidocs,3ae52be664a249f695988575f8affc1f466c1c87,15.112112567760152,0.27016362051169074,0.4333333333333333,0.6033333333333334
scidocs,3b198869df03d98b81c0c882753845a3bca36c63,11.409612938903413,0.201816255847613,0.16666666666666663,0.8233333333333333
scidocs,3b1cd78a7b49711729f3c58ec6d69bac9bf6e51e,10.637443434370612,0.18782411515712735,0.3,0.7633333333333333
scidocs,3b28a409d820b611667bf22135e1f372cf12eb64,10.166452613948515,0.1793292164802551,0.14999999999999994,0.8866666666666667
scidocs,3b9ba3d40d8f1b4efd53dd81439d3a5dd4ee0629,15.66136790470807,0.28069359064102173,0.11666666666666659,0.85
scidocs,3ba1dc8146e61d1635d511cc0357c63c85812e39,12.404680242897966,0.21999564270178473,0.26666666666666666,0.7533333333333333
scidocs,3bd2086d011089b43409b9c772f0f7ec93d1bb9e,9.696317134541085,0.17086800932884214,0.18333333333333335,0.8533333333333334
scidocs,3be10c45163c61dfb9f250412699b3f8cb0ada1d,11.56895409911111,0.20471353332201633,0.16666666666666655,0.8366666666666666
scidocs,3ca983d40b9de7dc12b989fce213b4abee652c9e,9.934825549666755,0.1751604427893956,0.1333333333333333,0.8766666666666666
scidocs,3cb0ef5aabc7eb4dd8d32a129cb12b3081ef264f,12.362091687293317,0.2192608416080474,0.2333333333333333,0.87
scidocs,3cfa669b42a1e0e87bf3aca4d491039495ef87f8,14.444977107980007,0.2575965424378713,0.35000000000000003,0.6866666666666666
scidocs,3d11a9a90bce358afd228590ab5158a268031bb9,10.676817502458363,0.18855450550715125,0.24999999999999997,0.7966666666666667
scidocs,3d23666c6d97d6ba3c86044d83c697821084bed6,12.28954765726868,0.21788285672664642,0.09999999999999996,0.8866666666666667
scidocs,3d50160aaf1de051a05aa03350bf5ac492053663,10.43307744068129,0.18416033685207367,0.11666666666666659,0.8466666666666667
scidocs,3d9180d48a6c19eb59f5ba6cef378720758b2ed3,8.676932865358358,0.1526130636533101,0.1333333333333333,0.9133333333333334
scidocs,3dcc819e642beafccd3f6bffa434767d1a818eb1,12.864343902912674,0.2283957600593566,0.26666666666666666,0.6966666666666667
scidocs,3e2d7b31f691f42f141e9f9ecd455c4879292be9,10.771565013005935,0.19024982055028275,0.18333333333333326,0.7666666666666666
scidocs,3e95925d2bca43223453010ff8516a492287ce19,11.506420396772413,0.20359932879606876,0.39999999999999997,0.7366666666666667
scidocs,3f191a5bd42f23ff0201f30b1b70723d87ebf78a,10.318083738885376,0.1820777157942454,0.2666666666666666,0.75
scidocs,3f42c32316c50b4a03de8c4597159c68a8d07776,15.76220917233834,0.2823403577009836,0.3,0.79
scidocs,3f55d26dd638c849745b95e912c28d88445ba5e1,11.656608687446173,0.20631532867749533,0.28333333333333327,0.7266666666666666
scidocs,3f64d4fab50db41c0145759b7410fb4c8b977452,10.883177305771712,0.19230599204699195,0.3333333333333333,0.6066666666666666
scidocs,3f95e155b1c40911149fe994197a502ef44ebbbe,11.601016807333195,0.20529465874036149,0.05000000000000001,0.82
scidocs,3fc4e13ef5ebe962075a62b50b34077bb9425aa2,12.790885038374908,0.22705163558324173,0.16666666666666663,0.7866666666666666
scidocs,40c3f90f0abf842ee6f6009c414fde4f86b82005,9.78219277977041,0.17241088549296057,0.16666666666666663,0.8633333333333333
scidocs,40c6b953b5c04b3df4164cd487c4bc00cf0e487d,9.98166751027277,0.17600320279598233,0.06666666666666664,0.9233333333333333
scidocs,40cdd0de8d05c496ca6658d3d7c45bea028de6be,10.594771728664218,0.1870907644430796,0.15,0.9466666666666667
scidocs,419794ac69424b3cd66127c909dde325fe88c463,14.46940937176567,0.2580887625614801,0.2666666666666666,0.7133333333333333
scidocs,41a798995d414b0dadb0678cdf6c3107059c0b75,9.667378910836211,0.1703484654426574,0.18333333333333326,0.88
scidocs,41b61cca52de9db6dcd6f36700cd0420cc7cd024,9.653191554163877,0.17009812096754706,0.08333333333333326,0.8866666666666667
scidocs,41b807511a65feac98485427597f9b45c892595b,14.027446751400108,0.24988862375418341,0.2666666666666666,0.89
scidocs,41c98c3080159ea3fbef043358fccd5b2576fa6e,12.532667257625215,0.22230639557043708,0.2333333333333333,0.82
scidocs,41e5ed6744f1c901a55ee68ea8235d3340e32528,12.27818112669289,0.21765223145484922,0.35000000000000003,0.69
scidocs,4249d4c294e5edca091597b3b4f30c10201c1f9a,8.618404622528487,0.15156819423039755,0.2333333333333333,0.84
scidocs,425a2cb778130d0fd57d00eaf3cbe347c4ee7641,12.514457394037189,0.22223209341367087,0.11666666666666659,0.8866666666666667
scidocs,4312a1945d6eaa6429fe89a0dec5583f7855e0ab,8.783716767244949,0.15454857051372525,0.06666666666666664,0.7999999999999999
scidocs,431bbc47ce90f5e0eb8388fa80b0cc4d7c26ab76,13.158856910560857,0.23379163444042197,0.1333333333333333,0.8066666666666666
scidocs,435a709ae1d1b0bbdcacbd3965a05d56c14e752c,12.148356443230957,0.21527493000030518,0.2833333333333333,0.8166666666666668
scidocs,43bb00f852d1d24dec35c927328c17fb01a54295,10.200259930556518,0.17995136976242063,0.16666666666666663,0.6933333333333334
scidocs,43d547304f9cb0ff192e97c411f4ded9ddc01b5c,8.777408081627891,0.15441833436489102,0.18333333333333326,0.8166666666666668
scidocs,43da9037d50745002195abb864243ecc75d4b040,13.000858567276266,0.2309046884377797,0.5166666666666666,0.82
scidocs,43dd67cf1630eeac917c0dcd8e80425a6b93d38d,8.57918254068908,0.15087741116682685,0.19999999999999987,0.7999999999999999
scidocs,444a9101305d25dad8b28f466bf060ee98d922c1,13.995566506457399,0.2492468853791555,0.14999999999999994,0.8533333333333334
scidocs,44872f2260ae42c162c2e8ed428c852f5e05fa24,8.62066988233301,0.1516078859567642,0.18333333333333326,0.8533333333333334
scidocs,44a56dc083e3e2b07f11aae29c1ee560f46efa4a,8.293571949572017,0.14577830831209812,0.09999999999999996,0.8366666666666666
scidocs,45182cf235fd8f9dd8a81f61f3efd488f78df75e,12.090278019608391,0.2142126113176345,0.13333333333333322,0.9066666666666667
scidocs,45191391555865feed98e04dde63358dd1111839,10.40116206835812,0.18358845015366865,0.18333333333333326,0.87
scidocs,458f1428273254fc5dd399f3c104f507680ddd54,15.862072397939064,0.28416597843170166,0.5666666666666668,0.6366666666666667
scidocs,45a875e4bd1ec588997858876756098ef85b3d82,13.327109956641388,0.23690727353096,0.2666666666666666,0.8366666666666666
scidocs,45ab86bb5da05c4d3b18b4bcf9020b4a12693a4e,13.721175862924673,0.24417090912659958,0.05000000000000001,0.8433333333333333
scidocs,45b4f8dade4750a90e7081c20b5bde864e6be11e,15.831106761804094,0.2835925718148549,0.16666666666666663,0.7666666666666666
scidocs,45e4ed3f616b6177beff78721aaae0a61506be05,13.271646336343577,0.23587602873643235,0.19999999999999996,0.8366666666666666
scidocs,45fdc73a239e9c6ea65e98c96f6a2d6dc35d6f72,12.052060760363416,0.2135781149069468,0.3,0.7799999999999999
scidocs,4649e3279edf653135f1f31da3e242ba451a93de,11.400201791001171,0.20165621737639103,0.06666666666666664,0.9233333333333333
scidocs,46a1172c784c3741e79781ef2353209b08dbea67,7.425999496259476,0.13035715868075684,0.06666666666666664,0.8966666666666666
scidocs,46b5188d0f11fcb62d95516bef94cdc929f0de40,12.131126215248948,0.21505783001581827,0.3,0.67
scidocs,46c87eae824a442323147a845e285167f283dd08,10.470179166995434,0.1849209815263748,0.11666666666666663,0.8466666666666667
scidocs,46cf276bdb27dd12c4c36f35855041e79e4ec981,13.31963803774255,0.23679816722869873,0.2333333333333333,0.7433333333333333
scidocs,46fe01be6684b2c6d04298f0e40589eff560af2b,13.306667839126455,0.23653073608875272,0.04999999999999997,0.8733333333333334
scidocs,4715401473dca02ebaa5bdd4d4003705ed91c380,14.612336212011643,0.2607317914565404,0.16666666666666663,0.8466666666666667
scidocs,471f97da7975bad68f142980e0dd7dc753388f2c,12.965037817974178,0.23029074569543204,0.18333333333333326,0.8766666666666666
scidocs,472ebd8bc3808530274a49804b38e321cc5b4065,10.014785286823605,0.1767339905103047,0.0666666666666666,0.8566666666666666
scidocs,47c7c17b7df3732af69d2702929a65a05c1d3d3f,13.30791315297885,0.23656989634037015,0.14999999999999994,0.8099999999999999
scidocs,47fc2c3e290e05fe9d41441b0270f88f6a8543d8,16.12394742804367,0.2891232470671336,0.18333333333333326,0.8466666666666667
scidocs,4844e73b6f94f81455d1303cdb9621f1cf394e96,9.713881251448145,0.1711957504351933,0.09999999999999998,0.7999999999999999
scidocs,484550334c626a749bada57e51a0db4a29085f87,15.454826770783848,0.27647790312767023,0.2333333333333333,0.8766666666666666
scidocs,4877d14b881afad4476891e16e44bf00040f68c0,12.913720501820366,0.22931252419948575,0.08333333333333333,0.7933333333333333
scidocs,48a01a7d5e01ebec4311495b1e45c1b59151efae,14.764350864617475,0.26356858015060425,0.23333333333333325,0.7966666666666667
scidocs,490ec36471275164d104f155ef7ebbc70c5f7eea,11.987058101990115,0.21232285598913822,0.09999999999999991,0.88
scidocs,498aad3cb4d2b8e8ff1e68a40be7dec27e8139f4,13.061671285819536,0.23200801511605576,0.15,0.9066666666666667
scidocs,49aa693db2d6d6a9486a9c9b6e1ac653fe12ab97,9.621636331397765,0.16952811678250626,0.26666666666666666,0.7433333333333333
scidocs,4a343313042b654c7d85313de3d88486a1d0e9de,11.9223906465725,0.21114873886108398,0.15,0.7266666666666666
scidocs,4a6955d29a72953bb8ad36240615c55c167a0d43,14.119732688844953,0.25154985984166456,0.1333333333333333,0.8300000000000001
scidocs,4ab6e67519411dbdb69c6111a3b8d5f334ebb579,8.339785214037972,0.14662571748097733,0.16666666666666663,0.7566666666666667
scidocs,4acb38f96f3f69a443e1684040c14d1cecc4f841,8.643161071474237,0.1520140965779622,0.35000000000000003,0.79
scidocs,4b450424be82fccb46a97bdad24a44f547d604d9,12.519645240189165,0.22208955387274423,0.3333333333333333,0.8300000000000001
scidocs,4b5d2c4bdef08a20ee6bea555de64425f003e46b,11.865920051498522,0.21014661590258277,0.0333333333333333,0.7233333333333333
scidocs,4b80771429b786ea87740738378ba1eb1504a57f,10.208226587784102,0.18008543054262793,0.3,0.7999999999999999
scidocs,4b82b3bf2b30d74c083940a86db5b09e4b81f0af,12.66610856326193,0.22475924094518027,0.15,0.7933333333333333
scidocs,4b96b327c8c128e07266f4059b76d1bc98d08a3a,17.216941395994894,0.30992364883422846,0.3,0.7399999999999999
scidocs,4bec8908ef97074b4f9a0f1c1693e58e867ff19d,13.732336420936617,0.24439460535844162,0.19999999999999987,0.7833333333333333
scidocs,4c37a3aa3a27bfb6fa73226e14ded88585cad97c,10.449484734959464,0.1844321936368942,0.5166666666666666,0.6433333333333334
scidocs,4cacc809d92fd0c84d5b4b63d790dece998e0e6d,12.045435436067171,0.2134191393852233,0.2333333333333333,0.8666666666666667
scidocs,4cbd3754645c60ad0c6f792c503be14b99ecd1db,10.799448185544973,0.1907515426476796,0.08333333333333326,0.7733333333333334
scidocs,4ceb63d79341ba3caa08bd1c6c141478d32a8244,12.922927693968084,0.22948451836903885,0.4666666666666666,0.5866666666666666
scidocs,4d4dc6568e24f283f3c5bcb88f280908a35da0e3,13.213781246133626,0.23483856022357938,0.21666666666666667,0.7133333333333334
scidocs,4e29533438d5c612ab24b80c840446eafcb5995f,12.789076899864115,0.22700681785742435,0.2833333333333334,0.8033333333333333
scidocs,4e3fb831a5d2961f2829da4477856b6a9b7f8930,10.612327253473959,0.1873744577169418,0.09999999999999996,0.8166666666666668
scidocs,4e546c43e5642ecdffd000406f0b35c1e3430a2c,15.83970574864575,0.2837205727895101,0.6333333333333333,0.68
scidocs,4ec90b7da43e6438cbdc756624b1083f30288064,10.338807314587989,0.18244869013627366,0.39999999999999997,0.6233333333333334
scidocs,4f9b4c1ac6e1b2f417809009aff2fc11300cc855,12.379460512521405,0.2195189793904622,0.16666666666666663,0.8766666666666666
scidocs,4fa89f6ffef921580718222c55fa17973a7c366d,12.617643803645697,0.22386934359868363,0.35000000000000003,0.6333333333333333
scidocs,4fb07b6ff97ebfb80a7c18b0c55ebd32db84cd54,11.40778691632021,0.20178568859895063,0.18333333333333326,0.7366666666666667
scidocs,503f81cce1b24f9625bf4a0633de9396023e3868,13.730867303432655,0.2444202850262324,0.11666666666666665,0.82
scidocs,5056e36419b95411e4c03e9c011bbdd286bbb7a9,8.206201461689991,0.14421453078587845,0.06666666666666664,0.88
scidocs,505942c5f9b5779bda2859e22e9ed0b1c0c7b54a,7.808750255743636,0.13715026775995887,0.19999999999999987,0.8266666666666667
scidocs,50d388989d9b25754ef9dc5663e85eaf64a17d24,9.139331151888735,0.16087932884693137,0.15,0.8533333333333334
scidocs,511052cc578daf30219bed58a8ebac795c0fcbaf,14.983908480950781,0.267651230096817,0.16666666666666655,0.8666666666666667
scidocs,511f94b93acac1009897d9af5b6d6d4fa65554d0,14.298617802532375,0.25516248246033985,0.35000000000000003,0.82
scidocs,51236676c3bba877d82c31b393db1af4846527ac,13.723527404437922,0.24421363572279606,0.09999999999999996,0.92
scidocs,5137d6a245dffe321df34999fa77e190c19b4c37,14.142349165332837,0.25198406477769214,0.09999999999999996,0.87
scidocs,514a110592571e98f3ba643ee4567ea8a9647fd0,12.477333936074773,0.22129239141941068,0.24999999999999997,0.7833333333333333
scidocs,51558e488a7a3c0d24eb71604ef7e110f4e5b09f,11.884570332363632,0.21062104403972626,0.11666666666666659,0.7799999999999999
scidocs,5157dde17a69f12c51186ffc20a0a6c6847f1a29,12.837190148227286,0.22812676429748535,0.3666666666666667,0.7933333333333333
scidocs,51ee97313309157219412b6f5dfb314682b33992,11.4474413737067,0.20251010358333585,0.2666666666666666,0.7333333333333334
scidocs,521402f4cad16d19c6a7dd43be87569471172602,12.872972547702027,0.22854028642177582,0.14999999999999994,0.8866666666666667
scidocs,522bf872909305bd360493ea2b4664a31358a092,10.338429866826285,0.1824528475602467,0.09999999999999991,0.91
scidocs,522ef548c054fd03109ff1886d243a11ce6d1e2a,11.063070625603538,0.19553109506766,0.1333333333333333,0.8300000000000001
scidocs,52412f3274acaa16a2d76d11d5e8eab643c0e63b,13.824199333379662,0.24609259267648054,0.09999999999999996,0.9266666666666667
scidocs,52c036ba3ba46eadc146ad8e326eeb0c8acd1550,9.358688275355059,0.1648112485806147,0.13333333333333322,0.82
scidocs,52d4649f2840e410b5a6681f094dab5e7d3e1db0,10.581128896370322,0.18680490056673682,0.03333333333333333,0.9233333333333333
scidocs,52d67b1ffaa5a135ff401e1ee0a2ff18571f2ce1,10.671449717407013,0.18852477272351584,0.18333333333333326,0.8433333333333333
scidocs,52f8eb239997d9a324d4794529c60522db8d08bf,11.868170014568975,0.21018022795518235,0.1166666666666666,0.8133333333333334
scidocs,53091fe2f9e95b07759ca1537d6ea8819ba25cb6,11.223740793009995,0.19846405088901511,0.2666666666666666,0.84
scidocs,53115fffaa36c99a45fb7741fa74d66aa4fb8517,13.788213594186926,0.24543124934037527,0.19999999999999996,0.8566666666666666
scidocs,5358924a48392d24e28afe850fa6849eaa1665d9,12.77142993977757,0.22668753067652378,0.03333333333333333,0.9
scidocs,53a124b727d34c56ff3fe335c24ff8ec975516be,12.878350277237578,0.22864430149396256,0.2166666666666666,0.75
scidocs,541853e747dd63d6aff41c773e21fd1e224f0680,8.23314820391001,0.14469591776529944,0.14999999999999994,0.8933333333333334
scidocs,542215d9c86220acd32dbe07a4fcd882c3912952,12.067268595848581,0.21378751595815015,0.19999999999999996,0.8433333333333333
scidocs,54356ff0960100e27cf17ff682825bba2662e90c,8.471783070877317,0.14897911747296652,0.08333333333333326,0.8666666666666667
scidocs,5437b5cfb0f8eda908559a16e7ed7d7b64be641b,12.15052683166663,0.21530849734942117,0.19999999999999996,0.8566666666666666
scidocs,546b3592f59b3445ef12fba506b729c832198c33,9.22498562290952,0.16243184109528852,0.2166666666666666,0.84
scidocs,54745a3e51fdeeef213bcdfd1091e98a8f06bdd7,9.870830813729398,0.1740110715230306,0.3666666666666667,0.7566666666666667
scidocs,548a49c717dc1ce0263ceff445b5609361c26cde,11.986583708414974,0.21231685082117713,0.16666666666666663,0.7833333333333333
scidocs,54cd8bfbe670a2fd787ff079bdeb11244a2609e8,12.596373569215311,0.22346250712871552,0.31666666666666665,0.6566666666666666
scidocs,562e275ff6615d3b59bac857fba6dc66a8d4a59c,10.09082893626737,0.17797039449214935,0.19999999999999996,0.8333333333333334
scidocs,566c89a1ace18f57ac3212e6d62634b501990b31,13.562024319915983,0.2412433822949727,0.26666666666666666,0.65
scidocs,566e31a4ad34b39b6d8a1953d77d9f74da135a2a,9.540416572635058,0.1680793811877568,0.19999999999999996,0.8166666666666668
scidocs,567909486e73156699a19a2c5e6f44ded727941f,10.505809858519148,0.18544659515221915,0.16666666666666663,0.8633333333333333
scidocs,5707844e76b0c5a39110f079e4b3c9cad1b7fb12,9.965775160565682,0.17571751276652012,0.14999999999999997,0.8166666666666668
scidocs,573dc953636d90aeb4981e880c4bc0bad7f6cf64,10.828269114330629,0.1913489053646723,0.1333333333333333,0.8933333333333332
scidocs,57ad8dfb71589360810da83efce67b4cab2ff380,11.75952736011306,0.20825340847174323,0.9,0.4666666666666666
scidocs,580836f616cbba088996643634363a85e91cccee,13.410449512784709,0.23842726647853843,0.35000000000000003,0.8633333333333333
scidocs,58d105a565d27bd23443d257e36543ff7c40d167,14.219142726087076,0.253411849339803,0.09999999999999991,0.8566666666666666
scidocs,58f1999f18a0ac1366cbd47dd409cc1df624132b,9.175256073375875,0.16154877841472623,0.19999999999999996,0.7999999999999999
scidocs,59aa88a5648e602d4e9aa4e9f12dedd112126bf7,9.865775754722014,0.17400514086087546,0.35000000000000003,0.64
scidocs,59dca5c15c275f26c7ae34fc940449aeb918c68b,12.319445603655609,0.21839654445648193,0.16666666666666663,0.9066666666666667
scidocs,59e2037f5079794cb9128c7f0900a568ced14c2a,12.268915244110898,0.21748449405034379,0.16666666666666655,0.7399999999999999
scidocs,5a4b138603821d758d5e51c8f8fb0ff1696901d7,10.25181623169292,0.18087380627791083,0.18333333333333326,0.9633333333333333
scidocs,5a4b46ef8898610ab16a1ced6f4a976db0f1962c,12.559145761534019,0.22280755142370856,0.26666666666666666,0.8266666666666667
scidocs,5a7957cb601a02bb7f4f3f65fcdb18df093ae4a8,11.38929322808181,0.20145291090011597,0.14999999999999994,0.6666666666666666
scidocs,5aadc803228b70c3cc6b31e332770d47d7fb1e6e,8.002930193822154,0.14063432564338044,0.0833333333333333,0.8666666666666667
scidocs,5b48f705f73ccdf32c314a7ad932ef7d51b84597,13.856636480057304,0.24668987095355985,0.15,0.8566666666666666
scidocs,5bb6b779de7929c573f39cd84169cafbd72e5bae,14.778029563700935,0.2639438857634862,0.36666666666666653,0.86
scidocs,5cba21badc50adb5243662c54471011a4333d35e,11.01648471496435,0.19469074408213294,0.16666666666666655,0.8333333333333334
scidocs,5cd7b83eb30797aa8bf49b4b7a3f6a433aca4a75,10.27175320713207,0.18123202025890348,0.16666666666666663,0.6233333333333334
scidocs,5d3bae2e2d5102187a4abfb3d89da5ad00745f18,10.124264115136716,0.17857081691424045,0.11666666666666659,0.9
scidocs,5de469ee2a766f24ffbe45ff000efcba97b66cc7,10.053984734265542,0.17733778556187943,0.18333333333333326,0.8233333333333333
scidocs,5decd5f960e17bfaf3554a39c1b7b0ef2e4aa6cf,14.588057434088741,0.26032989223798114,0.3,0.77
scidocs,5ded1e19eb785dc0707c94f62f552798db9dd2ef,10.470114870724684,0.18479966123898817,0.06666666666666664,0.9266666666666667
scidocs,5e1b80b4774582b948c6dcd656daaba6724ffc2d,10.384846207479756,0.18330006301403046,0.24999999999999997,0.8366666666666666
scidocs,5eaf6d38ba1cf100b7511be01fe593455ae5657f,9.601060940061984,0.16916427512963608,0.16666666666666663,0.8433333333333333
scidocs,5f16572861bf59950894f35aa896e4485868545e,9.873992055272735,0.1741671065489451,0.18333333333333335,0.8333333333333334
scidocs,5f1f12015d55c51764be27df92de175d2de8ee0d,8.078627733659554,0.14196031292279557,0.08333333333333326,0.7833333333333333
scidocs,5f98a36570d428d510e9de699b97f4e2c63d7980,11.485077802648073,0.20328446229298902,0.08333333333333333,0.8966666666666666
scidocs,5fc9dfaa3212ab3bbab4faddc09771c5b0918b1a,13.720474240670278,0.2441547065973281,0.09999999999999996,0.9166666666666666
scidocs,5fe44cc9a790e72e328f35ba7a94db572e7db114,8.77056698084916,0.15428320070107776,0.3833333333333333,0.73
scidocs,5feac39a50e5bf240a64f42dbc881a16e8f8e659,13.943715259289524,0.24835604429244992,0.2166666666666666,0.93
scidocs,600994f3d8caad52145cc65bf1bfcd883b74a813,14.591816966764677,0.2603597193956375,0.09999999999999991,0.9199999999999999
scidocs,60184fecc57b51fd4f312b77e3817af18643ef8e,13.355539367440416,0.2374329815308253,0.016666666666666666,0.9
scidocs,603d0764234f5a35036dc9620f13e144a45ffc21,7.469770456528923,0.13111628095308936,0.03333333333333333,0.87
scidocs,6079719b677d0abda12abcd5cd46582ca91585ad,12.851910116133299,0.2281579176584879,0.09999999999999991,0.8766666666666666
scidocs,6097c33a382c62a44379926ee96b23b51dba49c4,10.948620412629253,0.19347569843133286,0.08333333333333326,0.8866666666666667
scidocs,60f9c8ba8e00e9e03e8bb80640fcfa3889a36327,12.526368252842419,0.22220052778720856,0.1333333333333333,0.7966666666666667
scidocs,614b23042fb044ecfec71170838fefc635840c6a,12.941516353615532,0.2298740595579147,0.09999999999999991,0.53
scidocs,616b7093cfe6ec679f25d63f62c16e937227258f,11.4114929833438,0.20186408857504523,0.19999999999999996,0.91
scidocs,6173a5266a044872618fd379bb91bda0406f778a,9.495725501247833,0.16726905604203543,0.18333333333333326,0.86
scidocs,6197dbd691037a412b67df688541df7c9ae87c0d,14.642558407664316,0.26131267348925274,0.06666666666666667,0.8766666666666666
scidocs,62abbb01f6b7d15b671551824f87931be409b2c2,11.054661331561588,0.19537402689456937,0.09999999999999996,0.8300000000000001
scidocs,62d588d2200ab2cbee153a8998a7fa98c30cf7bb,13.678351830371795,0.2433896760145823,0.16666666666666663,0.91
scidocs,636e8a004983a26647e11be23165bdae83a68a5a,13.507041838620614,0.24029979109764096,0.08333333333333326,0.84
scidocs,6374d969a99cf8da935377750f09f61875c81173,15.050338644841318,0.26894701023896533,0.3333333333333333,0.89
scidocs,639910e5fa8d6f096a282847ca3e820550bbbe8e,11.437703661267355,0.2023223489522934,0.1333333333333333,0.8533333333333334
scidocs,63b37fc9e8dcfdb4338afd970dbbc11c5dd70ba4,11.701408104698176,0.20720108846823368,0.3,0.8266666666666667
scidocs,63e1dffc19c3b4e99ae22ec60d10eaaafd608bcb,14.210548641346826,0.2532532711823781,0.06666666666666667,0.89
scidocs,64334ac9dfb59d68380784e3b1ad197511850921,14.638893986326798,0.2612065176169078,0.3833333333333333,0.69
scidocs,645802c55d809d5bf27f391837078689f7bf2333,12.1989681806847,0.2162048170963923,0.1333333333333333,0.85
scidocs,648678f1edab0d2139958070744b826d2b24c79e,15.7558043178368,0.282151202360789,0.19999999999999987,0.7633333333333333
scidocs,64982c97190bbd8b70beeed572392d0f308a93c2,10.752594572262472,0.18999415139357245,0.24999999999999997,0.8233333333333333
scidocs,64abfbc0b66ec8579a92a33dca19e92bc2095ea2,13.00088414441108,0.2308963338534037,0.1333333333333333,0.8333333333333334
scidocs,64acf2715c5e8fc54e444ca38c39f41b89b6cb19,9.299583756996112,0.16375645995140073,0.11666666666666659,0.8333333333333334
scidocs,64da1980714cfc130632c5b92b9d98c2f6763de6,15.558295160763826,0.278698205947876,0.2333333333333333,0.7633333333333333
scidocs,64ddfb947878347a30610b6ca2314fe2bac96a4a,11.571886241479527,0.20476407806078592,0.1333333333333333,0.8666666666666667
scidocs,6519bf5580fcdcc9c50fd72c6c8dc5d040d443e8,17.67806214039462,0.31876202424367267,0.18333333333333326,0.85
scidocs,65a858ca95dcfa032e812a7f1fc7ee5bdac88f5b,11.719141767202464,0.2074455519517263,0.18333333333333326,0.85
scidocs,661a03482f0532b7355188059b2263091ade1bae,9.927141500397335,0.1750558068354924,0.09999999999999996,0.9066666666666667
scidocs,663e06e02a306660ef508aaf2ffaf523c6e96088,9.686987654066948,0.1707034607728322,0.16666666666666655,0.8266666666666667
scidocs,665d50db7006e2595c7d55687fed7329192bd71e,14.846411656910497,0.2669286479552586,0.15,0.88
scidocs,66b64087bfd9a59805a24ec06add72dac6e86fc9,11.36587079043521,0.20101991295814514,0.09999999999999991,0.9
scidocs,66ef0f611b2b5b22dd3eb13a144c0e7d3286623a,9.422888454827643,0.1659635255734125,0.21666666666666665,0.7999999999999999
scidocs,6745710034803993433dd42001a860d70c99f75c,13.96831462331077,0.2488562166690826,0.16666666666666655,0.8466666666666667
scidocs,67f9f2cf408b2cc593a9ddb17d74d2b3f72ee225,12.524662265942652,0.22229401767253867,0.28333333333333327,0.77
scidocs,689f8d21021c0c9b9678d5a7903f9e9442380113,9.87596985876993,0.17412216961383817,0.14999999999999994,0.9333333333333332
scidocs,68cc5038a4937b96f1bf127dd574ac7b713bfa72,11.424107845864592,0.20210382839043936,0.2666666666666666,0.7799999999999999
scidocs,68da903b2237cd500b98f152dd851189cad1b344,14.338057726342193,0.25563164552052814,0.3,0.69
scidocs,68f9901394bf28b5172fbe841709e3e589572052,12.353958473657485,0.2190278122822443,0.16666666666666663,0.82
scidocs,6930ea33403a3518080e819d138047a80618a075,10.239770626175913,0.18066023786862692,0.11666666666666659,0.8533333333333334
scidocs,699896507c186df548f7060be5317984bffd756a,15.608905682844119,0.27940902113914484,0.16666666666666663,0.7933333333333333
scidocs,6999766629d4103b9a00bc20a8e0df0c9d12d7da,12.20980730264148,0.21653940280278516,0.14999999999999994,0.7399999999999999
scidocs,69b0e11ea4880ff3854a4e40bc24937e8adb975d,12.033377389357279,0.21317981183528897,0.1333333333333333,0.8533333333333334
scidocs,6a40ffc156aea0c9abbd92294d6b729d2e5d5797,14.15561455130927,0.252245157957077,0.09999999999999991,0.85
scidocs,6ae4d0b388aa9262e80c3eedc1cb3e5f06842368,13.466923619032862,0.23948851724465683,0.3333333333333333,0.79
scidocs,6affd37b83d4fca0d0e54e5d75433a74cb142671,12.727621852581494,0.22587291896343228,0.05000000000000001,0.8000000000000002
scidocs,6b0be5fc8199da9fe7821eca3617d8977056d03e,13.733999695007578,0.24440478285153702,0.13333333333333322,0.87
scidocs,6b6afc9557dc0670bf2792bde4c4389ac52c707f,13.169217041134523,0.23446456591288245,0.3333333333333333,0.7066666666666667
scidocs,6bb5d79e3f255f091f110e7c6952076f2fd27da5,10.897468094359242,0.192548394203186,0.2166666666666666,0.8266666666666667
scidocs,6bdbd2de4988fab315bc7e6ec0cd14ed3ae8c018,10.794297143203996,0.1906743844350179,0.06666666666666664,0.8633333333333333
scidocs,6c42c5d99cd594da9fd18c5fdb67e015455dde6e,9.4216323767242,0.16594161093235013,0.18333333333333326,0.8533333333333334
scidocs,6c442b5493a17926a9fa22e85a1f7a70b2f03230,8.617119868355223,0.15156567593415576,0.08333333333333326,0.9199999999999999
scidocs,6c88fd5d06ea6e0a2b1ad38b038655f405bc0613,12.109283426197985,0.2145618200302124,0.14999999999999994,0.8566666666666666
scidocs,6c89453c09abde95d998f5acd244f00519472ee0,10.813869375600275,0.19101540744304654,0.2666666666666666,0.7666666666666666
scidocs,6cdbbced12bff53bcbdde3cdb6d20b4bd02a9d6c,11.094196992951623,0.19611875216166172,0.1333333333333333,0.8333333333333334
scidocs,6d1a69023e48422b25202a5ad823d12975291666,12.267864306469631,0.21745444834232328,0.18333333333333335,0.8733333333333334
scidocs,6d3857fe3e62a400768fb6f51366add5f9ea4889,10.344213437695727,0.18255865573883054,0.2666666666666666,0.7766666666666667
scidocs,6e5ceeea4fadc64da667f7693072a95df5a785b9,10.579363595640158,0.18677359819412231,0.2666666666666666,0.7133333333333333
scidocs,6ec004e4c1171c4c4858eec7c927f567684b80bc,17.322785161059414,0.3119064271450043,0.2833333333333333,0.8099999999999999
scidocs,6ef12473fa99cc47f4f4bfad4b0df0d6149b3a6b,14.750489861817703,0.26411485671997065,0.18333333333333332,0.8133333333333334
scidocs,6f3b604e98cf705c73c8685aae6c0e911a22a26b,14.843330457413208,0.2651083568731944,0.19999999999999996,0.8633333333333333
scidocs,6f54a7933235ced5684e3bff18f7e5dc40510018,11.21388631669051,0.1982657263676325,0.3,0.7200000000000001
scidocs,6fa640758b38cb8214be003bebaf472438428a9a,10.446182567857521,0.18437301119168592,0.14999999999999994,0.9033333333333333
scidocs,703099734f70f0cc00773ee54b4385f89afa7afe,9.867893097014163,0.17395527164141336,0.19999999999999996,0.87
scidocs,706bfa16c853850fdd58f191e4e5befaa6952a00,10.426584428049685,0.18401523431142172,0.09999999999999996,0.9366666666666666
scidocs,714c194a2fc326151b905270558aa137f9f22730,11.61072746426099,0.20551753044128418,0.3,0.79
scidocs,715be94df3590480a47dba3a6a1eb044e8814e79,10.374232603217886,0.18308368821938828,0.08333333333333326,0.8533333333333334
scidocs,71ac664ca2cbc5c463da3ed07a1573f88e2e28f0,11.48532615002938,0.20320992668469742,0.08333333333333326,0.82
scidocs,71d4e703201c98c9c9b44079600e289f234f09f2,12.087451724718123,0.21423535545667008,0.18333333333333335,0.8033333333333333
scidocs,7220d7ec31f6dc6ad7030f601743b5392513a2d9,10.611486562703343,0.18739123145739234,0.24999999999999997,0.8666666666666667
scidocs,725bba18d41a6dedeeef01fd8e306aa5bd2a3f6b,14.792400428194187,0.26411566138267517,0.3333333333333333,0.8033333333333333
scidocs,725ed843566051638d023ebfdb0311def12cba2a,10.232586750296395,0.180519367257754,0.3666666666666667,0.7266666666666666
scidocs,725f8182eac9bd6f9fa428ba90f43cbce891ac78,14.398726616312226,0.2567698657512664,0.16666666666666663,0.9166666666666666
scidocs,72cf3347ff06226e57214b49801de9fc02df8d52,11.07284192396756,0.19570002953211463,0.2666666666666666,0.8633333333333333
scidocs,7323c2d32d6cdc3604dcedc574508d042ce3821e,14.48338442145666,0.2583303550879161,0.09999999999999996,0.8766666666666666
scidocs,732f728283917b3bad295099a30c8af6374c74be,10.975787916109011,0.19399403532346085,0.06666666666666664,0.87
scidocs,73d54af530d22599cc76b9785ae0a663cc694df2,8.030369675494216,0.14108895262082413,0.2333333333333333,0.8466666666666667
scidocs,73f38c530a041f81d48cadd067246af448a6a24e,11.16482540100445,0.19738473494847616,0.3833333333333333,0.7633333333333333
scidocs,74430cd0bc67f7858f618de66067ba96a80fdf05,14.188783648584362,0.2528887043396632,0.11666666666666659,0.81
scidocs,7445178858159988f2b17aa21376e13767fce5a6,12.018669953322783,0.21293494105339048,0.2333333333333333,0.7366666666666667
scidocs,7492683af60d02dbd658acdc61249571f8c20fc8,12.075446774725435,0.21393423279126478,0.2666666666666666,0.8233333333333333
scidocs,74bd4761b373447079c6e5cd31832c00fab2fa77,12.30021765724871,0.21808577080567673,0.26666666666666666,0.6966666666666667
scidocs,74c472360ec199703b5e460308bf5ed29e38f67b,10.620099972073296,0.18754434088865915,0.05000000000000001,0.8866666666666667
scidocs,74d4bf32242a3d22df63e0cd3c7b5a0038220cd2,12.045619731766726,0.2134842624266942,0.16666666666666663,0.8733333333333334
scidocs,74ff6bd7f70bb2fe17016ded5104614c001f0cef,10.673900678751906,0.18848300973574317,0.1333333333333333,0.8433333333333333
scidocs,7526f88d4ee7a380fecd05c1f92208ad94605cec,10.705309401684174,0.1890509078900019,0.24999999999999997,0.8066666666666666
scidocs,756bf25afe8e6ca92ba1795bcb5fb4e93d8ed6b2,11.77891342549428,0.208534762263298,0.18333333333333326,0.8033333333333333
scidocs,7600ac55ddd8d955eeb96c12b226f1a2bc9e8817,9.549495360228105,0.1682514250278473,0.31666666666666665,0.7233333333333333
scidocs,763490c13a138523b98e7646ef0fa81d6b5e5a22,9.709468225368527,0.17112014194329572,0.11666666666666659,0.6966666666666667
scidocs,76477dc79100674de60478d1dea4c6cff301e01b,14.722209682051771,0.26276881496111554,0.03333333333333333,0.9466666666666667
scidocs,76483bf302f4cea5f0ffce2f00704b1d0dd933a6,17.726532951230272,0.3205808699131012,0.3666666666666667,0.6833333333333332
scidocs,76abf690192e6b6219d7691d0925894c433ddf2a,15.117227128336395,0.2701548337936401,0.3,0.71
scidocs,76c452b8934051aef5e91ea66db21d6749f1086c,9.736449546523692,0.1716117014487584,0.26666666666666666,0.84
scidocs,76dac031066a95715a3b116eb2094ec9bdd15171,10.6408397339917,0.1878865907589594,0.2666666666666666,0.8566666666666668
scidocs,7707c7aac35a4d206eb061305256452051ae4dcf,14.882253588199466,0.26575715343157447,0.4000000000000001,0.7333333333333334
scidocs,7740048416e8f39c3d6eb4f3ee02ca2dfd3590bb,11.811008552424155,0.20915699998537696,0.08333333333333326,0.85
scidocs,7744c16f5b24d331d7c28192f4159d37939b3df9,13.668532834395506,0.24321262538433067,0.16666666666666663,0.8266666666666667
scidocs,775883af6c684bde676a178c7709d806abfcf2ca,13.610979494339892,0.24216657380263007,0.16666666666666655,0.7999999999999999
scidocs,775e829da35e9708757dbae91e99e4dd604d2204,11.159551933566958,0.19729435443878174,0.15,0.8233333333333333
scidocs,779c0713a86e27fbffe999017837a56cbcae09ed,10.565084741512397,0.1865502099196116,0.2833333333333333,0.82
scidocs,77b47c27f82bf9998fa49a5c4c670d96d43164d0,12.48458656146208,0.22142223517100015,0.09999999999999996,0.93
scidocs,78495383450e02c5fe817e408726134b3084905d,9.155464455636883,0.16117882728576657,0.39999999999999997,0.6866666666666666
scidocs,785e957937b1d0de27c39c916e74aa02220cc27e,10.343558349382453,0.18251657982667288,0.3333333333333333,0.85
scidocs,78878e95797e03d4968b09f40979585b6c56dac3,11.248851103297696,0.19889698922634116,0.48333333333333334,0.79
scidocs,789bd068751c17373ca1f812e711af344b485d2e,14.83604739953816,0.2649797995885213,0.09999999999999991,0.8833333333333333
scidocs,78b6cbcceca106c039c9dc2d757376956882ac64,12.558795735918899,0.2228880276282628,0.2833333333333333,0.7966666666666667
scidocs,78c00439aac79217675b00810386ff3bd89c86cc,13.00937490989081,0.23124033709367112,0.16666666666666663,0.86
scidocs,78c12d64baeef87727fa53666bfb2c2709fe1260,11.489075414861508,0.20329005519549045,0.2666666666666666,0.79
scidocs,78ed1c69f4f5f5b56cbb9432ee06a2cf71d162e2,13.2204687700012,0.2349959065516789,0.3666666666666667,0.8433333333333333
scidocs,79729be88ecf76e5e964ffb25e8bc3b396feacb4,9.331775205271592,0.1643676211436589,0.19999999999999987,0.7866666666666666
scidocs,7989208727ceb32b10a51682a116ce762691daa6,6.856550803098135,0.1202461197972297,0.15,0.7866666666666666
scidocs,79b97a68a26c38e8441e3f7902c6f6cf5d975622,12.245234513954424,0.21704318622748053,0.2833333333333333,0.8766666666666666
scidocs,79e13ff4a21f13d3839422568274ea84a9fe42b5,10.077552933944132,0.17772462964057922,0.18333333333333326,0.8666666666666667
scidocs,7a0f2ff12004ac8aafa71864db6e73bbfcb93138,10.392544568269196,0.1834009339412053,0.08333333333333326,0.84
scidocs,7a26676a07796e2b910dd556c6691d264a7e774c,12.67487319266786,0.22490030527114868,0.5833333333333334,0.6333333333333333
scidocs,7a373793804ea9813d64641919e14841f927c38f,9.85910968455312,0.17380487422148383,0.1333333333333333,0.8333333333333334
scidocs,7a59595f1859b72761b34892be8b6dc43f71d01e,11.60211400796303,0.20532070597012833,0.16666666666666663,0.9333333333333332
scidocs,7a5e33718ca81495b2db4a1688bdb5a555816a87,12.665983623566264,0.22474161783854163,0.09999999999999991,0.7933333333333333
scidocs,7aa39159fa794181ee07e4c6aab3990f358d08f1,11.50085452276339,0.20347868402798966,0.18333333333333326,0.7733333333333334
scidocs,7ac01e727c60f0c64e00c7207d432ff2138d7b3f,8.625786201080563,0.15171663463115687,0.19999999999999996,0.8300000000000001
scidocs,7b49bd891f632ca6e86e5ccccdc3761ceb3fd277,20.753299339474918,0.37893622120221454,0.35000000000000003,0.69
scidocs,7b6652910c5cc0df9ff6bc91912a02e58a742d26,9.906949348462893,0.1746753354867299,0.18333333333333326,0.75
scidocs,7b787a261a82e5488fc972d2b6541f778c81ed78,17.670069887545292,0.318573385477066,0.4499999999999999,0.91
scidocs,7b85c1bf03097a77cb1d36f6f6338d95a6aff428,10.471741987470267,0.1848404357830683,0.18333333333333335,0.6966666666666667
scidocs,7b901e88e8a4afcc4c60c52833820156525f4aed,13.418076272263919,0.23856733739376065,0.14999999999999994,0.8633333333333333
scidocs,7c080093943b2001224ac6608436c83d82a79a83,16.976352514019023,0.305342157681783,0.3333333333333333,0.86
scidocs,7c88a0f765ce3c9025345cf133251cb947fe6ee5,9.151801079408498,0.1611362198988596,0.11666666666666659,0.8666666666666667
scidocs,7c8a65bb8e328d8c5bbd352ed4baadc82144dd8b,15.952150708353557,0.2858509620030721,0.11666666666666659,0.7566666666666667
scidocs,7d132ec7b7f94fe1397f6c1e8e5bb4fa42806ad1,14.402519685940348,0.2568285912275314,0.5666666666666668,0.6233333333333334
scidocs,7d4c8427e3bdc307e8da6cf53110aafb78f47a8a,12.093051173399047,0.21434200803438816,0.08333333333333326,0.8866666666666667
scidocs,7d6782b0ca41fd3ce99f3913d03c576d5fe65647,10.44651420970518,0.18437828620274854,0.3,0.7166666666666667
scidocs,7db20fcc1d71edc32c365f145148d24b9f1427a5,9.729833764453954,0.1714764982461929,0.09999999999999991,0.9533333333333333
scidocs,7dcb308b9292a8bc87d6f7793d2ca5e0e19dfa40,11.395688503124148,0.20158858597278595,0.16666666666666663,0.8366666666666666
scidocs,7ddc47d09d89a89c6a1c7643895a173aba07173f,10.28736799032132,0.18155541022618604,0.09999999999999991,0.8133333333333334
scidocs,7de4eb8c11972a64236434cbe95af47b92d438b9,8.959161010966062,0.1576585620641708,0.05000000000000001,0.92
scidocs,7e3b5f0ffec62944f4b97a50553a12a39f54ba4a,19.375889282206387,0.35182520747184753,0.4499999999999999,0.6566666666666667
scidocs,7e475e3b326d4fc9f2e908a3222796031d94aec0,10.661320510296525,0.18825429181257877,0.04999999999999997,0.8533333333333334
scidocs,7e7f843b9638ee9dc321fcd348ea2185b9126854,10.676265069838108,0.18856155375639594,0.19999999999999998,0.68
scidocs,7faf5d0915d604821d7ad2ade77f81a751309eee,11.140725357254434,0.1969382415215174,0.016666666666666666,0.9066666666666667
scidocs,7ff20fc82c95eda6645ff2570279251bb8435ec5,9.723448528778023,0.17136244972546888,0.3,0.7166666666666667
scidocs,7ffd6b7c27558400bfe609161b158d6a34b62f62,9.384999169512739,0.16528709729512528,0.18333333333333326,0.8000000000000002
scidocs,80093393acfaf79161a969d5180d0fd561ee853b,14.022657773490687,0.24975744386514023,0.21666666666666667,0.8533333333333334
scidocs,802f3f316f87c6bc675cc55a2a1bf4bb0f12dd1e,17.00146198731949,0.3059191107749939,0.4833333333333334,0.48666666666666664
scidocs,804840bb733a459d01db7c4e72aeb5373b48da99,13.524878006865228,0.2405502597490946,0.31666666666666665,0.9
scidocs,805d1a86ca4e7a3ccf6060d7256cd81654b6f6cf,11.818218222554512,0.20924810071786246,0.31666666666666665,0.7266666666666666
scidocs,80a720a4d5a6d07be98abe3caade59b36691e01c,11.7506858015756,0.20803478360176084,0.19999999999999996,0.7633333333333333
scidocs,80d9843338d07778dac65157a2c881892a28b821,9.60906106170499,0.16931862135728196,0.06666666666666664,0.83
scidocs,81000545a7e8663e8c18f2a4a6c2321fc7215cb3,8.397041614476853,0.1476144691308339,0.14999999999999994,0.9033333333333333
scidocs,81b14341e3e063d819d032b6ce0bc0be0917c867,11.205399230949304,0.19810570776462555,0.16666666666666663,0.8466666666666667
scidocs,81da438cb67600f6cb2920021e2327bb4c1d482d,10.14639910841575,0.17897077898184452,0.19999999999999996,0.7200000000000001
scidocs,81efd70fcc216b6528d48efa758671d9862b21c3,9.69172208944217,0.170789435505867,0.1333333333333333,0.8366666666666666
scidocs,822535c409890de3aae74b49b2bd8d4a59832fba,16.170691122000765,0.28999678293863934,0.31666666666666665,0.6933333333333334
scidocs,823b646805304b213779149e968cdc081909b651,10.245774326677278,0.18075359364350632,0.11666666666666665,0.9233333333333333
scidocs,824ca251d71258bdac66af55966b8ce39cf3042f,12.47003488778365,0.2211593141158421,0.21666666666666667,0.7999999999999999
scidocs,82861adefbf357499bf55e7c95fe9a933ad10150,10.787315284368331,0.19053337971369422,0.2333333333333333,0.8133333333333334
scidocs,831e3f18d25cc65b6cd18f21ca5ad57bdc53cfce,10.470142315299112,0.18482170005639395,0.11666666666666659,0.8633333333333333
scidocs,833c15a257dde1ae4c0d815d345278e121e3fe72,10.616096989477091,0.187459980448087,0.3,0.7799999999999999
scidocs,83591848730f3fc7f208d4646ed4338c237bd161,10.307249584332716,0.1818685779968897,0.26666666666666666,0.7600000000000001
scidocs,83718b398b9938b433e67376d1c95098a7f8812a,11.732805529535193,0.20770998299121854,0.18333333333333326,0.8666666666666667
scidocs,8384094ce1b342da9eabd2ec939e9bb16ca7ff5c,11.080106512770731,0.19583775599797562,0.08333333333333326,0.9066666666666666
scidocs,83af09784042dcac564a82f28cfa3a11519db882,10.130771112586919,0.1786861171325047,0.2333333333333333,0.7333333333333334
scidocs,8407184b67114cbdddfec1bded6bf5a35eb8cb82,11.273500712470893,0.19938411315282178,0.2666666666666666,0.77
scidocs,84424eee012089dac9414979f0cb1465c97c4408,11.125973980014145,0.196680540839831,0.14999999999999994,0.7999999999999999
scidocs,8485904eddf45f3d221832600d8067d9998321e7,12.575993702973951,0.2230993310610453,0.26666666666666666,0.7666666666666666
scidocs,848c3eb292d721e53631c0d6c988f380cbb0e225,10.564571253599562,0.18651224176088968,0.09999999999999996,0.8966666666666666
scidocs,849534526c074568abbfd6daf45c3532b0a18133,18.088387788279523,0.3266570170720418,0.1333333333333333,0.85
scidocs,8501e330d78391f4e690886a8eb8fac867704ea6,10.08417223893967,0.17785237729549408,0.16666666666666663,0.8133333333333334
scidocs,853bd61bc48a431b9b1c7cab10c603830c488e39,16.518414638882923,0.29664530356725055,0.2333333333333333,0.7633333333333333
scidocs,8562ce6da684928836a19277bcdbbca9bb8c27fe,10.902017847723464,0.19261403878529862,0.3499999999999999,0.77
scidocs,85ed826a7feaa59c96c4ec71c6bdb17506b10820,16.30516757647839,0.29254697759946185,0.3,0.84
scidocs,86095343140a2bb7d3966215fa269981eb2f19b9,10.503835010436319,0.1854244768619537,0.18333333333333326,0.7200000000000001
scidocs,8610bc0c41e075688504f5da11477d8b3628a2cf,12.710441426641674,0.22559385498364762,0.3333333333333333,0.7533333333333333
scidocs,863d0b86e5d2877e61f5cce971632abe2a1212cd,11.302487588550719,0.19990768035252882,0.2166666666666666,0.8133333333333334
scidocs,8653934b00dfb802a7dd066f8f52c5dd3b267831,13.688527024150922,0.24366164704163862,0.2833333333333333,0.84
scidocs,866b1a9819f662ac2499be231965ded8e0323c7f,15.174592326064996,0.27125780781110126,0.4000000000000001,0.6966666666666667
scidocs,86c925d1a737fe3d29fa5388ede48cf87700cb89,18.764992294418434,0.33981665968894953,0.31666666666666665,0.75
scidocs,86f45b11497ba1c1ef1da5739ec022b4d335fa11,9.71221963379689,0.17115332186222074,0.18333333333333326,0.7399999999999999
scidocs,86f6895a377dc5246f756fc0829a286d1ddf0e2d,14.441329430941956,0.25753819445768994,0.2333333333333333,0.6633333333333334
scidocs,87601a4866373c63b4fd070214cab8b40b50058c,11.582641136055756,0.20500137408574415,0.2333333333333333,0.8266666666666667
scidocs,87bb764248d07916e53abdccb0cb9d2e51c2f6b8,13.271927309322864,0.23587416609128312,0.4166666666666667,0.65
scidocs,8869669bc06dd9fa5a16be05c39e2e89bae49b7a,13.223836704227516,0.23499217629432675,0.2666666666666666,0.84
scidocs,88ee8b13451deac38384c9f31196227f2535aa65,10.2809602714527,0.18143137296040848,0.25,0.8633333333333333
scidocs,89750bf1480ffea3ac18e5271cc87589fc5709ca,9.484899829629073,0.16707928975423172,0.11666666666666659,0.82
scidocs,89bb989b6ec9fe52fcbcc94bf0923a14ed6bf245,12.829816328750214,0.22775659958521524,0.25,0.7566666666666667
scidocs,89c8e0ac83e8bac69ca41b63bb887a02950bbe9c,9.973026513475311,0.17585208018620802,0.26666666666666666,0.89
scidocs,89e58773fa59ef5b57f229832c2a1b3e3efff37e,10.38659016017237,0.18329960107803345,0.11666666666666659,0.7833333333333333
scidocs,89e9b7577e75ebf3887a0ddf401b199fea4f2148,16.516829153321172,0.29700225591659546,0.28333333333333327,0.7599999999999999
scidocs,8a1838c64441c5a659a7fbcf80531e5e5ff53d84,9.377517929517035,0.16518849134445182,0.05000000000000001,0.88
scidocs,8a1ac7280e697e87aa9bfe6010a63d023944c792,14.899322954234743,0.26609765489896137,0.23333333333333325,0.8066666666666666
scidocs,8a6080396fa7195c7c627bea4b2aeeb9ca39b5f8,18.12435601658793,0.3287396728992462,0.5,0.7233333333333333
scidocs,8a93cd1b6fbf7c8c86637bae18d979dafeb9a7c1,13.698009964445717,0.2439599484205246,0.3499999999999999,0.7833333333333333
scidocs,8aba3628ad8c9cec11b2b518a96b883bda8b3cbb,10.87295746721192,0.19212105373541513,0.18333333333333326,0.9166666666666666
scidocs,8bb3a478db8951f42198a885d7245d58036ba55c,11.652977293367536,0.20623457431793205,0.05000000000000001,0.8933333333333334
scidocs,8bb49c0658d7b7cff42c655a6d7e005372ad32ea,10.848251030309589,0.19169371823469794,0.16666666666666663,0.86
scidocs,8c251765799bb3a2ce7b42fe94805fa008d3b48e,13.316438126378662,0.23673208554585776,0.3,0.7799999999999999
scidocs,8c872ecd87945e71fcd9fa1b6cb1133cfe805bf2,10.52558204624692,0.18580131232738492,0.09999999999999991,0.8533333333333334
scidocs,8c8c9280f6d2d06b05c1c18f4f7ee08621357163,10.881273678424714,0.19223154584566746,0.3833333333333333,0.6733333333333333
scidocs,8cb5835c4b4e042238304bfe7b0d96456714638a,12.51011286069375,0.22194469471772504,0.16666666666666663,0.7933333333333333
scidocs,8cc8ad35f409ca0c008d4ba0c666dc295348d7c1,17.661389290327943,0.3193265497684478,0.5333333333333333,0.7433333333333333
scidocs,8d0a7d58dd1a65eacac5a4b9b5d0726d9738057c,12.755371648203711,0.22640230258305863,0.18333333333333326,0.8033333333333333
scidocs,8d37da5a9f05ee71d06cc6afcc1b14f8ff83147f,15.394353703999514,0.2760808517535527,0.09999999999999996,0.9733333333333333
scidocs,8d949fb5f753296db787b2b2e10b86b4224545d5,17.523698345236784,0.31575748324394226,0.13333333333333322,0.8533333333333334
scidocs,8e35888c532802145288d1b218ac8a684e3a6d0a,9.988703394461387,0.17613035440444944,0.0833333333333333,0.8966666666666666
scidocs,8e85c7ad6cd0986225e63dc1b4264b3e084b3f9b,10.930563929188759,0.19312405586242667,0.19999999999999996,0.8533333333333334
scidocs,8f03f545ff791a70455ad4624208357e41dcfc0c,8.541708054305566,0.15019692977269486,0.1333333333333333,0.89
scidocs,8f8e0e4eca7cbc30cddea7f92d1dc0293342e9bb,11.193934910259543,0.1979542026917139,0.3,0.8033333333333333
scidocs,8fad88b5678bfecab78d0d6389f649ccfb310d22,7.962360726972217,0.13987766206264493,0.3833333333333333,0.7933333333333333
scidocs,8ff6581f94c366e34c6f2d55806f7781194c33c8,12.324449571284703,0.21848447124163306,0.4000000000000001,0.8133333333333334
scidocs,9003fb79e7848ced3be975c3d87a9348a4b8d377,9.69124464237261,0.1707772463560104,0.19999999999999987,0.8099999999999999
scidocs,901a4c9388b3cb9d30edc3e4a7ea7efb0b4e228b,11.18493463428902,0.19775614142417905,0.21666666666666667,0.8933333333333334
scidocs,901c7f0cbf7701c66921c918e553d2ecfbb4df34,13.439337577585732,0.23895992338657376,0.18333333333333326,0.73
scidocs,903e066a3d1024b3355e167e1307b70ac2f034e1,10.2275977700369,0.18044880529244736,0.3333333333333333,0.8533333333333334
scidocs,90bd67f0a4b2a8ab5c75e1b7619e17a508b56c05,9.90799307672051,0.17467510203520456,0.11666666666666659,0.86
scidocs,924544f503070bb390cc51e4bac9cbb3171aa03f,8.631653724949457,0.15180402497450507,0.03333333333333333,0.89
scidocs,929a82670f8bb4e9d38992e2b909e3ba80f67698,13.634877445501296,0.2425953994194666,0.19999999999999996,0.82
scidocs,92a0cf2085013da3fe1fea2090d1bbabcabbf5be,11.609496995166099,0.20549055437246952,0.08333333333333326,0.9
scidocs,92ec85037f5e195c8aa184534a59b356c6ef7599,10.457934324291907,0.1846004128456115,0.16666666666666663,0.9233333333333333
scidocs,937d42a0ab3f703e7041e277804e0b34bbe6bacb,11.904999939077426,0.21084676682949063,0.5,0.7066666666666667
scidocs,93f6bd353aa3354f9669c1d93effa78f863c1fb4,10.376601017854544,0.1831171164909998,0.11666666666666659,0.8233333333333333
scidocs,93f6dd2c761fdeac0af6d2253d57834439d7794f,9.320114939767913,0.16413548588752744,0.19999999999999996,0.6966666666666667
scidocs,944776444c62932a5dd703a082f7ce53c4153d61,15.63894670557148,0.2799689571062724,0.15,0.6666666666666666
scidocs,94d8056eb0f5c32efcf1498d9c6a9e396f239c06,13.672532015405993,0.24328681329886115,0.1333333333333333,0.8666666666666667
scidocs,951450392f1e08b4dc96d814754a90f61d6151ae,13.040981774267815,0.23163728912671408,0.2333333333333333,0.75
scidocs,9557be29d86add8994b7df670c15eaa872995a10,9.720024320992424,0.17131059865156806,0.19999999999999987,0.7600000000000001
scidocs,9583ce13282029bda54a7907cb5547046cf7d2a8,11.508288112703816,0.2036352604627609,0.5333333333333333,0.5866666666666667
scidocs,958ebc7e24012b419316489515f2c2f908773bd5,12.829416897962309,0.2277631709973017,0.4333333333333333,0.7166666666666667
scidocs,95a6d727526421dc176cfc831d4413ea3487e4f0,6.996865173331297,0.1227530390024185,0.1333333333333333,0.9366666666666666
scidocs,95bb0ee471480da79e41ae196bb4da02abe52a27,8.045744848857103,0.1413602729638417,0.09999999999999991,0.8833333333333333
scidocs,9601f6f29b1b34eaee73071de615995a5a8c5d5b,11.596983842642528,0.2052282691001892,0.05000000000000001,0.9233333333333333
scidocs,960c2f5d1b5a34dd5c3cbebc29edeffcee42f282,13.772664355776941,0.24512279530366263,0.23333333333333328,0.7533333333333333
scidocs,963eddddb0bc779ea1c7513e8cedd396882e3589,8.517067753709622,0.14977389077345526,0.16666666666666666,0.8033333333333333
scidocs,96dd2785bc42ea77a3afa65701d55212570a76ff,12.399151320471347,0.21985225876172385,0.2333333333333333,0.8733333333333334
scidocs,9700939818a450d1bff3a3a29d71ef116d3a6a12,15.945446268092569,0.2857310275236766,0.2333333333333333,0.8733333333333334
scidocs,9759c425008506dac507ed26057febd9cab822b8,12.45373926841331,0.22087892393271127,0.24999999999999997,0.86
scidocs,9767665504e617d6efbf4630046a377a1383a2bd,9.411030135369671,0.1657571544249852,0.24999999999999997,0.8533333333333334
scidocs,979d5c2924eeec9fc98ec9f3e4374ee0c2ddbd24,16.304810725647275,0.29251980781555176,0.6,0.58
scidocs,98b8133b18ea2a57191d85ac58cb40cb545835cb,12.759481247976483,0.22645373145739234,0.1333333333333333,0.7566666666666667
scidocs,98c47fc9d5400b7ec90b2e5172635949e65a0b66,10.69532731942419,0.1888692478338877,0.2333333333333333,0.9066666666666667
scidocs,98f2ae796c7702de12174428a945861379665beb,11.391857041168238,0.20150273044904066,0.06666666666666664,0.88
scidocs,994ca78751ecfc571cb7ce05c4343c12b9677b71,10.378036019252797,0.1831392546494802,0.21666666666666667,0.9066666666666667
scidocs,99838f4d4259f67f903f8f762841499513b0b511,12.793007178901469,0.22709222634633378,0.08333333333333326,0.7533333333333333
scidocs,9992dfb672e93683f21c571624a4e13d681d79b7,11.603290500704546,0.20533442993958792,0.16666666666666663,0.9233333333333333
scidocs,999c4ffe9ccf530e62c60fac1271a3787b2c20a9,11.945732496860336,0.21160817146301267,0.3666666666666667,0.8133333333333334
scidocs,9a1de1dab15d6ebbac429af9682fcc160beacc74,10.217033098410832,0.18026230732599893,0.3499999999999999,0.71
scidocs,9a2c20b7b8602d1dd7332f8fb5017e5c846185c4,15.467247928830135,0.2767577866713206,0.26666666666666666,0.6333333333333333
scidocs,9a48dd7c54b251b4eab96488124e6964ed16c1c7,8.8620048708674,0.15592624743779493,0.3166666666666666,0.7799999999999999
scidocs,9a5fa5e9c10dc40e20610795bad44e7e00391c1f,10.064366155232358,0.17750486731529233,0.15,0.85
scidocs,9a7e12ef462e779263ee3f2dd415d2d21233f15d,11.067691927043645,0.19562878708044684,0.2833333333333333,0.73
scidocs,9af1f7b6d79e6ce314d1842a8d32402328fcaca7,13.1851797933868,0.23428112268447873,0.3333333333333333,0.7799999999999999
scidocs,9bdc4c5f6ba780f30ae081be7af34262af9a60a5,10.681755391982458,0.18863304456075028,0.09999999999999996,0.89
scidocs,9c3666efd35f7a8365db74716b0265110c610811,12.470656264393673,0.22115794817606604,0.06666666666666664,0.8866666666666667
scidocs,9c4d7805f3724fb7b866950eaa0505952ff25fd0,14.498890030818735,0.2586086839437484,0.11666666666666659,0.8000000000000002
scidocs,9c7032664c6902c5a936697b9bbc01f6446c58fa,12.6075380319987,0.22366512318452192,0.09999999999999996,0.9133333333333334
scidocs,9c7bdd21ccc7a0e395af63cc584dfd780d43e51b,11.176307426192535,0.1975924472014109,0.06666666666666664,0.7799999999999999
scidocs,9c824df69c7c6fc350d2981bed00b6df6ffb33ad,12.218723385721914,0.21655055880546567,0.19999999999999996,0.7433333333333333
scidocs,9cf96ff9e1a0521df025ffa74ca6ff3acbea2d36,13.560595740831323,0.24120565255482984,0.21666666666666667,0.8166666666666668
scidocs,9d15d72485388b8c4a50f84f81a36cbaf912b090,11.190635842258208,0.19785011808077493,0.15,0.8533333333333334
scidocs,9d4a4e6f8c14d5d2d0e96ab4893abb8ff706253a,13.655399835301646,0.24295549591382345,0.19999999999999998,0.8033333333333333
scidocs,9ddda6862a8eefbb04682b449eefd6f37a45949e,12.97068904751741,0.2303381909926732,0.2333333333333333,0.7933333333333333
scidocs,9de5cc4b40216b12b4c8fc6c8030bcf5590d03f6,7.614475363059345,0.13368591169516242,0.24999999999999997,0.8066666666666666
scidocs,9e76a700f03ef476b964b27e23c071163e44c232,11.779170798209762,0.20857830345630643,0.0666666666666666,0.9066666666666667
scidocs,9fc4bae3e7ad7c9646c5e38b093d667947bba78d,8.858916466567676,0.15588385363419852,0.06666666666666664,0.86
scidocs,a03ae676aa270645a5b30dc6514409a3fc4fdecc,10.403922101114928,0.1836105535427729,0.4666666666666666,0.7866666666666667
scidocs,a04b5b99f5d9d8748843e870536a4a9f65562012,10.572674886751741,0.18665252625942227,0.08333333333333326,0.7566666666666667
scidocs,a0ad588036808adaa834c3bada3a1bcc1545f8fa,11.233046031674055,0.19862012565135953,0.3,0.82
scidocs,a11de72de4723edc3e8cffabac259cffa13ded1b,10.082334706082733,0.1778162171443303,0.19999999999999987,0.87
scidocs,a152205a7d745afa335322587e8f78c8e5e85111,8.863587654648938,0.15597254037857053,0.1333333333333333,0.8666666666666667
scidocs,a19ec034e56bc7ff81240a1e4530f608fc262a96,10.125262927677696,0.1785889615615209,0.18333333333333326,0.8099999999999999
scidocs,a1ac90b17d79e2053ca77808bcf87bcd9c1fddd1,10.902098264808137,0.19262836873531342,0.26666666666666666,0.73
scidocs,a1be02429ab4ec852656f8833c3160f4592cc547,13.20681417271142,0.23468197882175437,0.4000000000000001,0.6933333333333334
scidocs,a1f5c39aece58f6504e0334d96eaede32c7329cf,10.901751252617222,0.19260539114475247,0.3166666666666666,0.8166666666666668
scidocs,a2081b75867cb8c461530a0e71d4be1b4afe78a2,13.780459744041949,0.24526363611221305,0.23333333333333325,0.7966666666666667
scidocs,a221588fd2d062462254481cfd9563fec2f7c387,12.533712136965056,0.22232830524444577,0.23333333333333325,0.8533333333333334
scidocs,a22e737d38a1bc671893a7ed341aba436571097a,13.233769824626469,0.2351768910884857,0.31666666666666665,0.5933333333333334
scidocs,a2707a57828b95443a7f3ef8153576299a2ad707,9.36678043693439,0.1649537285168965,0.06666666666666664,0.8566666666666666
scidocs,a29afef550bf4edbf3293a50ef3fdb785ff1e5a3,14.294092822062767,0.2547969122727712,0.03333333333333333,1.0
scidocs,a29e149d55a1d956dd140477e1dbfc57ed7fbac4,17.228709191483215,0.31012354294459027,0.19999999999999996,0.8733333333333334
scidocs,a3240d1ce2fcaf412f4b5d1562ddfa687061036b,11.959057525582608,0.21181955933570862,0.1333333333333333,0.7766666666666667
scidocs,a352061134daa2c47861b8c4216ee5482a93be1d,12.788740665934524,0.22699409226576484,0.19999999999999996,0.82
scidocs,a39a3d23826455285039041f8a9a393b09119b86,14.059671790766975,0.2505063315232594,0.09999999999999996,0.8066666666666666
scidocs,a46d0a41ef1b28ec06a0a849c4c56bbe725b6964,13.060774280492305,0.2320204178492228,0.15,0.8566666666666666
scidocs,a4f5fd6f54e3a6222fbc5d8e0b7f85ce89d0237e,11.550119269665876,0.20436864594618473,0.21666666666666665,0.7799999999999999
scidocs,a517b4c4aa5c6baf1a7f7bdf40a1058f5ae4a674,11.70752812428796,0.20723588267962134,0.08333333333333326,0.9333333333333332
scidocs,a55fe9d6b59b553b460aa8d7974fc5cd4dee2187,16.534446389003612,0.29691501458485914,0.3333333333333333,0.7133333333333333
scidocs,a59faa9c1a158316fdbc71f4c7152a5fee405b8a,8.055162385048206,0.1415263563394546,0.3333333333333333,0.7000000000000001
scidocs,a5cb9e716b2e3c54518ed0b05a4cc0c4256e53c2,14.782049912470569,0.26391955216725665,0.14999999999999994,0.87
scidocs,a5f27c9cc188c15c0a7e019d666bed767d3c34d9,10.995846674272434,0.19442158440748847,0.2666666666666666,0.8333333333333334
scidocs,a630a8e1d7c23d94ce5950144d2e504d4b590136,10.765350405978786,0.1901335219542185,0.05000000000000001,0.9266666666666667
scidocs,a644a3ab091cc30897a707997c43fd4e5dc395b5,9.284179442953999,0.1635412275791168,0.16666666666666666,0.85
scidocs,a6500d8800010e79d83800c9e433435efbc4398e,10.169394956924702,0.17940854032834366,0.18333333333333326,0.8466666666666667
scidocs,a65196dfff31425281c690a7f2ca65247147da6b,13.142574707781028,0.2335065851608912,0.3333333333333333,0.5366666666666666
scidocs,a65e6a974212ed28133c2fe1e3b97a18dbc40cb6,9.996646458070126,0.17638004322846723,0.06666666666666667,0.8533333333333334
scidocs,a6cc38100e4e5a679d920f2fe427d604557b6237,11.57537812748447,0.20493929584821058,0.14999999999999994,0.8633333333333333
scidocs,a6e4beb28b345fce7470da122b4e45e2cd0dcd12,13.042149946099512,0.23164518177509308,0.2499999999999999,0.8033333333333333
scidocs,a704f6eca77b9bcf63e2d533ae6d6180785decf7,13.950178782979828,0.2484239141146342,0.09999999999999991,0.9233333333333333
scidocs,a73039275a77df6789d422265496de1ab8f0899a,11.369942453694682,0.2011235853036244,0.13333333333333322,0.8566666666666666
scidocs,a7633785229e2db5ef7d4dd8b7e63b017c5eb3d3,13.826665921050655,0.24614501992861423,0.26666666666666666,0.7399999999999999
scidocs,a77e9f0bd205a7733431a6d1028f09f57f9f73b0,8.882741757704796,0.15629403293132776,0.08333333333333326,0.87
scidocs,a829c1093eb4d78a198ebb9b4a33a8137b0359df,11.343570553999479,0.20061780015627537,0.25,0.8033333333333333
scidocs,a83c2a8fce48665742be042a3183777417302155,11.139287321374967,0.19692194461822501,0.09999999999999996,0.9199999999999999
scidocs,a8a4cf29c7483f5eed5aa808df2225661506e1b4,12.053511039004553,0.2135749906301498,0.19999999999999996,0.8433333333333333
scidocs,a8d46814da895899a927a4869557429c6ca3b37d,13.663410655250226,0.24310771127541855,0.11666666666666659,0.84
scidocs,a91eca9d11755108c8c1a4354ed5b6c5a89ca4f8,15.479550427170727,0.27700026830037433,0.09999999999999991,0.86
scidocs,a95fd5d561bc2996b4d6d5574139ad8162cb78ce,7.962151374802555,0.13987220823764798,0.24999999999999997,0.8333333333333334
scidocs,a98d48b6c4188143dbb2474a1cb27c2f9e3b5c0a,10.877388291533807,0.19217189649740854,0.21666666666666667,0.8000000000000002
scidocs,a9d7e7e918a68d1b95c6c6b29f7fabbbe01010f7,13.036388032394806,0.2315430988868077,0.19999999999999996,0.8433333333333334
scidocs,aa447f6462c7efe7f3cd9ded120637ceefcdc0ce,12.736828938887228,0.22603614131609592,0.3,0.7200000000000001
scidocs,aa50a595878ee67d0eb0a9b0f17a6132c0552434,16.363445729965978,0.2936910390853882,0.06666666666666664,0.8133333333333334
scidocs,aaeb99920069fad63f5dbbf37f8c4ebe2b180e95,11.509345348074808,0.2036354690790176,0.24999999999999997,0.7399999999999999
scidocs,abe2c411f95a5057652dde7b2611331c8a3b3f14,11.305616057986725,0.19993155697981513,0.21666666666666667,0.77
scidocs,ac24b99a5db633ce45f053287ca806157fff9663,12.125660303162197,0.2148599177598953,0.4166666666666667,0.7366666666666667
scidocs,ac58b487e864afafe71c6158553eed10fbc8eef5,13.567485722584962,0.24147388835748032,0.1333333333333333,0.8466666666666667
scidocs,ad51c1f5797c05936468d1bfe81cb7fbfe711d92,13.021750609702105,0.2312921434640884,0.06666666666666664,0.9
scidocs,ad836360812f87e45795f8345de3bdc6b13add81,10.315736164450717,0.1820193529129028,0.28333333333333327,0.8333333333333334
scidocs,ae0fb9c6ebb8ce12610c477d2388447a13dc4694,10.836973317383611,0.1914332459370295,0.31666666666666665,0.8733333333333334
scidocs,ae2b67d03512dd0f13a68636d1d7f83cc889318a,11.955378283433177,0.21178478002548218,0.24999999999999992,0.8033333333333333
scidocs,af150ba3e05387a5279ea8e23d1de0b50953278e,10.697215658586117,0.18892223139603928,0.4666666666666666,0.75
scidocs,af441a4f1b754ad9b3a4401e8361ad9b66786778,10.105717433801912,0.17824291189511612,0.03333333333333333,0.8766666666666666
scidocs,afa13588cd866ec23cc71d634becbd507ea61093,11.094037988050303,0.19613908231258384,0.09999999999999996,0.89
scidocs,b045f045e331700cdef309e0d40b15a64cdf5b8a,15.221929953856966,0.27211375037829083,0.23333333333333325,0.7533333333333333
scidocs,b095b4625733f8521439e54db09bed2b9970a808,12.880065700918484,0.22866861522197723,0.4000000000000001,0.65
scidocs,b0b69f570647dde42aaf9c521675877d79d658ba,10.38919335610908,0.18335753182570136,0.23333333333333325,0.82
scidocs,b158953a73fc7f023e16b430150968b6f237c806,13.102877733408903,0.23277136683464048,0.03333333333333333,0.7233333333333333
scidocs,b1d09732fae72001277f867522ae1b67a249975b,11.065747949253518,0.1955762555201848,0.09999999999999996,0.8933333333333334
scidocs,b21951a276dd940e052676b06e193f65fdc297f9,14.5820275327373,0.2606040785710016,0.2333333333333333,0.75
scidocs,b2a20116c0609e23d3adfeaa604500fddca66178,9.691485004940866,0.17079177498817444,0.21666666666666665,0.82
scidocs,b2a93309a451eae2b9b40e768a4831e1e3fc6d2b,11.972475233831572,0.21210969487826026,0.2666666666666666,0.7733333333333333
scidocs,b344f437eabc57a83e5f67ecccbba6efd9df958e,10.526587823866924,0.18582547207673386,0.16666666666666663,0.8733333333333334
scidocs,b37225fc67e1aeeb7877c4691f9036ed5cc01efa,13.453135305774422,0.23974843819936117,0.13333333333333322,0.8433333333333334
scidocs,b3739e7262b222a9dbf27fc21c34d57becda5051,10.679326354825193,0.18859240412712094,0.06666666666666664,0.94
scidocs,b3c8eeed23cc8b472ceefe64888a2036dd7df4d2,13.70587554481204,0.2439283579587936,0.03333333333333333,0.8466666666666667
scidocs,b3fd26eb2931ff814634d314855b2c2cc007b778,10.456222830987597,0.18456563353538505,0.3333333333333333,0.7433333333333333
scidocs,b42003018aef3d104271710690c4d662ab01571a,8.581990376354602,0.1509150117635727,0.3833333333333333,0.7633333333333333
scidocs,b42bea0b65c2d0239c2fe54985833e2d91c00621,10.3867064955354,0.18338433404763532,0.19999999999999998,0.7399999999999999
scidocs,b42c7b6e9fc032cf70cdcbdab05ce898be0a3a6e,12.26320879904277,0.21739000578721365,0.09999999999999991,0.7066666666666667
scidocs,b4333da9831681151015f61b46aff3843eeb5847,10.654578302540775,0.18813962737719214,0.14999999999999994,0.8733333333333334
scidocs,b4435aedcf2def5ada518e515e46c3b77d379692,11.424219575157018,0.2021030137936274,0.13333333333333322,0.8033333333333333
scidocs,b453a4131201360dbd9743ffbe7d4939d099059d,13.210613517680457,0.2347467094659805,0.06666666666666664,0.9466666666666667
scidocs,b47402a9a68f23b548ae6e0349700ea651b7a373,13.589374838127597,0.24173833926518754,0.2333333333333333,0.8433333333333333
scidocs,b489d537d5523ab2351c866835a4d03194eb2414,9.914285387921433,0.17482471962769827,0.19999999999999987,0.8666666666666667
scidocs,b4c80fc4b140eb08a717a446824cacb77f319166,11.000646195768821,0.1943994561831156,0.1333333333333333,0.7566666666666667
scidocs,b59d6a8f4acaa63d773356fe320368b9f76a15cf,12.834416740619083,0.22786593933900193,0.11666666666666665,0.8066666666666666
scidocs,b645f19ed52b4315a82bf3564b8db5ce230cd49e,10.839767337669395,0.19151445726553593,0.26666666666666666,0.7766666666666667
scidocs,b66bcce42123af3d5384aa32f9b3f1721f7ae5fd,10.934472867748978,0.1932170192400614,0.31666666666666665,0.7166666666666667
scidocs,b6981a7736e3ae0c8b90debc0e9c2fde9b66b502,13.942217531068573,0.24831556280454,0.0833333333333333,0.7866666666666666
scidocs,b769247a568e5f026b5b565781965801ff31fa54,9.875117553555576,0.1741090466578801,0.2333333333333333,0.9366666666666666
scidocs,b7771386689647fb7d5ff8e533f6a29169846364,9.651404258823087,0.1700724363327026,0.18333333333333326,0.7533333333333333
scidocs,b7d0e2a5229d4ec65182c783259a2eeb67a6a873,12.112549780262801,0.2146801799535751,0.2333333333333333,0.7799999999999999
scidocs,b8397b4418bb1d576210d9a39d44725d6ffb2a44,13.085837558323504,0.23245118061701453,0.16666666666666663,0.8233333333333333
scidocs,b8c7a947bda15a4f8a4b2f5e8cb8cd35a193fe4c,20.781509446185098,0.380177766084671,0.6666666666666666,0.45333333333333337
scidocs,b8eea99bb5345329ea058072133f568f7bdd27bd,12.815403280510699,0.2274857312440872,0.14999999999999994,0.7766666666666667
scidocs,b9220fdc68eaa6dce0c5944a769e3e531839055d,14.100202678387452,0.2511911988258362,0.16666666666666663,0.8366666666666666
scidocs,b9413a51b6865a0a2c21993e87428afa76aba440,10.972471091335953,0.19389831026395163,0.06666666666666664,0.9133333333333334
scidocs,b9d502d98e3bb19f8179a4363e3f28c6b6def7a8,11.669891249360758,0.20664032300313306,0.16666666666666663,0.8533333333333334
scidocs,ba69c46c62b525941e91d0788d20b6ef91847cc4,11.980537081013656,0.21228596568107602,0.26666666666666666,0.8666666666666667
scidocs,ba8e624dac40100f10162eaa3d4034904bc08f48,10.10756012326474,0.17826987802982328,0.09999999999999996,0.9233333333333333
scidocs,bb93fdae023ee2978e82f47c1c069b973046ef1e,11.98265268020778,0.2122672299544016,0.03333333333333333,0.8933333333333334
scidocs,bbe8c5e53ca6e4db115afeaaad2be268f039f10d,9.614895747947498,0.16940656801064802,0.09999999999999991,0.8766666666666666
scidocs,bcdd5670761de0087d2d2bb0388da697b0d4348c,8.965472789682611,0.15776710708936054,0.19999999999999996,0.91
scidocs,bd034b87414c58fc731c193fdd37f59b3db883fa,20.802981404139985,0.3799385925134023,0.6333333333333333,0.53
scidocs,bd185e4f80d1fa2def96815269ec60dff862a7a1,7.672178562859884,0.13471360504627225,0.2833333333333333,0.79
scidocs,bdbefe44ceb31ed05d09c5d322fbdb149abf48e0,10.89442039089866,0.1925866802533467,0.11666666666666659,0.8866666666666667
scidocs,bdd6b6635cf5861fc9d914a6d2938fcb2daea7ef,10.19968583360498,0.1799820512533188,0.3,0.7466666666666667
scidocs,be62e87ec5f7a27363a723538c519ef9c51a743b,15.99201369358928,0.2866097887357076,0.2166666666666666,0.6466666666666666
scidocs,beac53e8074b4822943a3374ff5e9fed98a891b8,10.82393799807815,0.19125606119632718,0.3,0.7399999999999999
scidocs,bfa86c945787324220dc59a34fe5a242af1ea068,14.93797644093143,0.2668059468269348,0.31666666666666665,0.8166666666666668
scidocs,bfd50521466808d022940fbcfe09e1835ae97822,13.712801807180703,0.24401962260405216,0.2166666666666666,0.91
scidocs,bfebba8356c5d20dc6a9b2f72ff66adaf63321b7,7.407930930001029,0.13002799451351163,0.19999999999999993,0.8166666666666668
scidocs,c05ae45c262b270df1e99a32efa35036aae8d950,10.429190202354052,0.18407403926054633,0.25,0.8633333333333333
scidocs,c0a799c024aaef60694f37366f0518bbcd37a17f,16.465114016845668,0.29588042696317035,0.19999999999999996,0.7633333333333333
scidocs,c0bbc89889691aca1f81f3727a0587eadfe4e8af,15.396176677629901,0.2754981964826584,0.05000000000000001,0.93
scidocs,c104626e93e0b8115b4673f63e10f69cdf97801c,20.403324822559398,0.37202590703964233,0.31666666666666665,0.7533333333333333
scidocs,c1173b8d8efb8c2d989ce0e51fe21f6b0b8d1478,12.410201557055975,0.22006475925445554,0.09999999999999998,0.9199999999999999
scidocs,c1af0af74d9227591f4464d09d3d4c077e3f53df,11.809777585913784,0.20910286903381345,0.19999999999999996,0.9
scidocs,c1b9cd88157205f2669b1fc2788d947e9a09d08a,12.014458695365036,0.21284520129362738,0.18333333333333326,0.9133333333333334
scidocs,c20b4068be640ebaffbc56382c3e4e0bcf62664e,12.314014972723129,0.21834227939446763,0.18333333333333326,0.8366666666666666
scidocs,c227903cce108631e613e789af538e925d29807e,13.500826867657352,0.24011502663294473,0.2833333333333333,0.6933333333333334
scidocs,c24fc81dcec236527652eab35154ac0fd7a40929,12.804999996927016,0.2273004700740178,0.18333333333333326,0.7933333333333333
scidocs,c28b8b5e57bab5c8fa91654c7137c1dd21b3da18,13.28877177655088,0.23630276819070176,0.3333333333333333,0.7166666666666667
scidocs,c2e57b2871fdfd06566820c5329815ac06f66197,8.123965992258553,0.14274972677230832,0.39999999999999997,0.6066666666666666
scidocs,c2e6fde7addee6983243e487536d089e3b434810,18.6093623053266,0.3367600043614705,0.14999999999999994,0.82
scidocs,c2ea4bf0282b9b39a6ba773581332bb0587ec4ab,10.426966287315286,0.18402995169162747,0.24999999999999992,0.7133333333333333
scidocs,c3dafc91e315d27933b6420be2a77f5639881213,9.346689262788045,0.1646750022967656,0.18333333333333326,0.8633333333333333
scidocs,c445e43dfac5aa734f2929944fcb5c68a319b0b6,8.465279610677008,0.14883190393447868,0.18333333333333326,0.8633333333333333
scidocs,c46d80f83813fba0e8363a0ab36a19fba062540e,11.699082840896425,0.2070764452219009,0.19999999999999993,0.8466666666666667
scidocs,c48caf1b6404e08cf4606508310c03e5df54d0f7,11.148307929438777,0.19707509378592167,0.1333333333333333,0.8633333333333333
scidocs,c4c47ebf6454e3c5a8417c580c8ecf694e34ad49,15.515940846733061,0.27775641779104865,0.48333333333333334,0.6133333333333333
scidocs,c4e76b318149a106563d53892dde801a37a637cc,11.2427725523083,0.19882287581761673,0.18333333333333335,0.87
scidocs,c52a6f0bfca069a0a083ddbc60a3b0d782067cbd,12.184294203732852,0.21592174967130026,0.18333333333333326,0.7799999999999999
scidocs,c550cadcc85a7dd825d46c5399edd30b52ee3818,14.198138126373104,0.2530585179726282,0.5,0.6699999999999999
scidocs,c5550a3478b24f7f1904c6beb8d9d1cf40d30b21,12.90720855931288,0.22916589677333823,0.05000000000000001,0.8833333333333333
scidocs,c5f0a4418c1025ea8a21f0f997dfe7e4ce176594,15.045435413114092,0.26883097489674884,0.06666666666666664,0.7866666666666667
scidocs,c62c07de196e95eaaf614fb150a4fa4ce49588b4,10.562364304007687,0.18646701176961258,0.21666666666666667,0.8233333333333333
scidocs,c64c8f5f2803fbecd670b303387aa7074dd94997,11.495429951014719,0.20346966385841367,0.06666666666666664,0.84
scidocs,c6879cc784625e795f0097f479d136dc489104ce,9.817837344403342,0.17308911681175232,0.19999999999999996,0.8133333333333334
scidocs,c6c171d2a9be192d60af7b434e4ba2fcbbad7f48,13.678145123009143,0.24379009008407593,0.3666666666666667,0.84
scidocs,c6d97883da23b07a2031ff65076670eeb11b59d6,13.970972936070188,0.24879537522792813,0.19999999999999996,0.9233333333333333
scidocs,c6e446d78d05c74bad63cf23997c595eebbe6113,16.13231499822731,0.2893198728561401,0.18333333333333335,0.87
scidocs,c702107a56163dfd27526b7034be7bf946b03a85,11.239978510507976,0.19892958799997965,0.1166666666666666,0.8833333333333333
scidocs,c715db5c3ac2823ed5fa6c1c152b66921d5dcb78,11.678318160575282,0.20670670767625166,0.2166666666666666,0.8366666666666668
scidocs,c73a1ee22c605341cd1218853d4680f2a879229b,13.873454954779296,0.2470043102900187,0.2833333333333332,0.7766666666666667
scidocs,c7514e9628d90692ccb355fece10d340e03780a2,13.303790908232942,0.23650328814983368,0.2833333333333333,0.7399999999999999
scidocs,c79b88a8d8ba491cead38b431703d84015153a8f,10.303817711271595,0.18180446823438,0.18333333333333326,0.7666666666666666
scidocs,c7c9cc68fed535c3c9d813a852e4a9e8a8eedb01,8.762803489525636,0.15414774417877197,0.016666666666666666,0.8066666666666666
scidocs,c7fe851e1acc8a974697fb74d913736a3a849003,10.530555709690395,0.1859223345915476,0.18333333333333326,0.89
scidocs,c81243651340f396c9100e86352cb43933307be9,8.17499895244184,0.14366354048252103,0.06666666666666664,0.9066666666666667
scidocs,c85d46a94768bdcf7ffcb844b47c5b8e8e8234a3,13.985534206461674,0.2490633775790532,0.26666666666666666,0.8233333333333333
scidocs,c8c6436c690da2e1db4d193e3be7422b24bce432,13.084654125392538,0.232472355167071,0.18333333333333326,0.8233333333333333
scidocs,c8dfa1ad91f484702e0d5d80e63bbae071214142,10.470907806936788,0.18481544653574622,0.19999999999999996,0.9333333333333332
scidocs,c8e1dbd7590386a9060adc51f70a7bf44de01841,7.7441751923627,0.1359982887903849,0.06666666666666664,0.87
scidocs,c9dd5ae24520d8cdddfdf8ef6d5f925445e310d9,12.870265924013713,0.22863030433654785,0.09999999999999991,0.9033333333333333
scidocs,c9dee006f3b6b2b30e422ad2fd8abb86c751376d,10.582858234760343,0.1868371466795603,0.08333333333333326,0.7033333333333333
scidocs,ca37fc11108b20534ac0341c7b1e5da911f37d4d,12.489928430245875,0.22151397168636322,0.3666666666666667,0.7133333333333334
scidocs,ca464085b3da330f2ea895543a78c446a3af1bb6,11.260496412404573,0.19912130137284592,0.31666666666666665,0.8833333333333333
scidocs,cab59587e4b2dd441198cd37e0038cace6b6531e,13.595436139737151,0.24184272686640418,0.4333333333333333,0.77
scidocs,cadf9ffb55a9286bd98622a3cef1deccbc4c148e,11.117747106889631,0.1965161363283793,0.1333333333333333,0.6699999999999999
scidocs,cae23343d2efddca3592b08a521a896af5098248,12.750253305016058,0.22635074953238163,0.4166666666666667,0.6266666666666666
scidocs,cb3d6142bfa0938aa6f8cb86697c40a7837c08f0,11.973796626703228,0.212148164709409,0.18333333333333326,0.8366666666666666
scidocs,ccdc79b2aec687beef2cd3526cf47dd79b9ec220,8.530812907818566,0.15000517666339871,0.08333333333333333,0.89
scidocs,ce00fc554965ea7b187dfa93292013f019d67d39,7.036741146241496,0.12343665709098177,0.13333333333333322,0.9033333333333333
scidocs,ce7f9b2c6566f21056d0d4bf06a0a172fd1064f1,9.624124415089648,0.16959741214911137,0.18333333333333326,0.7533333333333333
scidocs,ceb688c5ed7cca450dd52442edfb5ca2392a8b74,15.137543429311123,0.27055109540621436,0.03333333333333333,0.7966666666666667
scidocs,cf2ddf35ac0acc96f3a668a882443929da6aae5e,12.558726063013333,0.22277291615804032,0.08333333333333333,0.9400000000000001
scidocs,cf9611e42a6060da7320b0fe4d693472bc830d91,15.987987172234467,0.2865206897258758,0.19999999999999987,0.7233333333333333
scidocs,cf9d4048d39c63d96433b6f45fb6a951b0308607,10.54911680273356,0.18624848127365104,0.06666666666666664,0.7600000000000001
scidocs,d019b5ba0cac92bc93661a55181889dda578933e,8.11149580253454,0.14253151416778562,0.19999999999999996,0.8466666666666667
scidocs,d059440d92c707c30fd0f297f6c95de57bf92113,17.20316208563472,0.30965692798296607,0.5,0.6233333333333334
scidocs,d0f54ee5eb73065a2d8c790bbfe727a34541bbea,8.427764537132589,0.14818201462427769,0.2666666666666666,0.6933333333333334
scidocs,d145274d03a6374c77de64fb70602ddef393e4d9,14.605085774172084,0.2605782051881154,0.26666666666666666,0.7200000000000001
scidocs,d15f8891e586a9c19c9fc30fa636e764c9eeaff9,11.505576263212241,0.20357160270214078,0.18333333333333335,0.8666666666666667
scidocs,d1c0cc34e1b6eaa8bdc2221d83377063be951196,15.839756294065609,0.28378910819689435,0.3666666666666667,0.6766666666666666
scidocs,d1e61c73c8834acb63811d2e2bd9e6c4076b6a20,13.316887611788795,0.2367993344863256,0.2166666666666666,0.7233333333333333
scidocs,d212691257354c201a32729b997ede447e498640,14.263311517936069,0.25427698592344916,0.24999999999999997,0.8866666666666667
scidocs,d24ef1f8c2c9bfbd2bd552b1ba516e4147cf6423,10.218059778152886,0.18027628958225242,0.2166666666666666,0.6433333333333333
scidocs,d2662c5f2b4aca17f7e9ce70074d2eb829b4f38d,12.939112244639517,0.22977078954378763,0.23333333333333325,0.87
scidocs,d26e891f388cbff3cadf498c4df54b735d31ffb7,11.503585968553315,0.20359217127164206,0.18333333333333326,0.8300000000000001
scidocs,d27272027cd84341070fd4b7eb7e03dcb514d93f,11.411132885371542,0.20186980068683621,0.14999999999999994,0.7966666666666667
scidocs,d2848c5937377f00595493bb5cc83aa3b7340071,12.820612941399652,0.2275958011547724,0.09999999999999996,0.7600000000000001
scidocs,d2be35d1221c29c3ffba998b91d68dfd7c5c65f0,14.072287779879687,0.25089924534161884,0.2333333333333333,0.7866666666666666
scidocs,d2c70073316ee264e393411cd49182a9be78deb4,13.542258411638231,0.24088402589162186,0.1333333333333333,0.88
scidocs,d2d001e2a45614528cd014040becb67a80a1af8d,15.87147073598986,0.28434896469116205,0.16666666666666663,0.7133333333333333
scidocs,d2df6969b185a4017048f996d0e7cd1859c24e67,13.262890388990959,0.23572029670079542,0.2833333333333333,0.8533333333333334
scidocs,d2e4a2d9590b7ae6c34fc59faa34a4217c5cac53,9.1617904201328,0.16128325959046677,0.08333333333333326,0.9266666666666667
scidocs,d2e6250e95af09fefbe638f1580420476a2ecaee,10.97769605029049,0.1939805895090103,0.49999999999999994,0.5466666666666667
scidocs,d2f8863857f6a26e917af5044189c02fff697e98,11.026583536781695,0.19493339459101358,0.23333333333333325,0.71
scidocs,d36e081ac6be39796e7cba0d0d813ea53974ec07,13.838079919345276,0.2463407864173253,0.15,0.8300000000000001
scidocs,d406239de17bbb4f66d4c835f2a5f1be977b4131,12.159210027199833,0.2154702842235565,0.3,0.6633333333333333
scidocs,d4820d5b290063cd13305fad39cc281705738e3e,11.010555879331976,0.1945789953072866,0.05000000000000001,0.9433333333333334
scidocs,d4cb7ecfe297b34bf8763ed65dc8ffd2ca806963,15.91761577845412,0.28519500295321143,0.14999999999999994,0.8833333333333333
scidocs,d4d19261e9047b54e14d38cd99cd0f27dc9d0926,9.517802868497956,0.16766211390495298,0.016666666666666666,0.9333333333333332
scidocs,d4dcbb547492ea63bb1dd2016f2ca1198225d78f,13.016697290314086,0.23118663330872855,0.19999999999999987,0.7933333333333333
scidocs,d535ec1a520ca6e29902fafa85b7ab81ad034c1d,11.39671597214103,0.2015766352415084,0.2833333333333333,0.7633333333333333
scidocs,d5997a0d13420e5557c077f9e44205a27bcd1fd2,12.674930676292457,0.2249418497085571,0.2166666666666666,0.8833333333333333
scidocs,d5aca71c0513f0c1669304634a85499ca19d2643,9.127198974251533,0.16066235800584153,0.15,0.8566666666666666
scidocs,d6127837199a496f1e67f649c21dcb8ec7441e7b,11.339468616381064,0.20069401462872816,0.18333333333333326,0.8066666666666666
scidocs,d6649d1eeace7fc7c020b047b22ba79c7481c324,14.918771680303344,0.266471803188324,0.19999999999999996,0.73
scidocs,d68359c196ed7316b928b9dbeabe556cddbb2427,10.228866522138144,0.18045758704344428,0.14999999999999994,0.7799999999999999
scidocs,d6b56cc6e05300426b6194dd3f6a38720678827e,15.483854760216275,0.2770298620065053,0.39999999999999997,0.7600000000000001
scidocs,d6be438df373dedf06d6c062596d4e40f59b022c,12.610897174790919,0.2237325360377629,0.4666666666666666,0.7166666666666667
scidocs,d6f71b84f703152a08226d1c7e61cab888380fb1,12.682051527472614,0.22507715721925092,0.16666666666666663,0.7866666666666666
scidocs,d76ceda01173508da98f2989844e75fd40859c27,10.379056494351067,0.1831792443990707,0.2666666666666666,0.7600000000000001
scidocs,d7c0189c35a3ee56b13b0488f925df1152a8cfd4,13.831285563637104,0.24626608689626053,0.19999999999999987,0.7466666666666667
scidocs,d7e3a93de209c0c5501b4932b9a7d81c89ed64e8,10.937162219151842,0.19325224558512366,0.3666666666666667,0.6733333333333333
scidocs,d8643f4ada0b138bcbe210f84735eac87b220a07,10.128627454185315,0.178650826215744,0.24999999999999997,0.8833333333333333
scidocs,d887526eaaaf42627b8dda69ef0c1ae561453b8d,13.934538255871622,0.24814540147781364,0.18333333333333326,0.8766666666666666
scidocs,d8ae4f66a0406ab7167f9ffd39ead29e62bac28f,12.196189103989918,0.2161548137664794,0.09999999999999996,0.92
scidocs,d8dea89f5c7fb15d5ba16d2edcd2933a25789ee6,8.432467755013358,0.14825297395388284,0.13333333333333333,0.7966666666666667
scidocs,d97c2e23c5c443f5040df0943847bab2db491147,14.753626043423592,0.26336935162544245,0.18333333333333335,0.8333333333333334
scidocs,d99bc2544e4b1f33da5bb8010be8485b41a154f9,17.186826568982585,0.30964461962381995,0.11666666666666659,0.8666666666666667
scidocs,da6629447f61ef8b07ce0698b490e3fe7210c1e3,12.950596675305812,0.23001574476559958,0.3499999999999999,0.8166666666666668
scidocs,da803152928a3b98ef21a81a6675e7b51852510e,14.872884808649546,0.2655848066012065,0.29999999999999993,0.7766666666666667
scidocs,da8fcbcb25d73558752e1d2b1f34c0e5df07ab65,10.688472273682057,0.1887483050425847,0.0833333333333333,0.8966666666666666
scidocs,daa9e3b88e01db5440b671af2d13c1ee974a8fcb,7.56445717467592,0.1327985177437464,0.09999999999999991,0.7866666666666667
scidocs,dc344ea8e993584b924522d95febaeb74de2ad30,9.157986954096675,0.16121370593706763,0.21666666666666667,0.7966666666666667
scidocs,dc4ed2b22123596bb329221a18c8b92176fc7263,11.819196422651435,0.20929388701915738,0.05000000000000001,0.8866666666666667
scidocs,dd2393f444aa875a341ddf32249381f6d1cd36b8,9.826694403357385,0.17321245869000748,0.3666666666666667,0.82
scidocs,ddaaf26fe78fa533bfa54e3835844168d688f164,13.278032489181228,0.23599368830521897,0.09999999999999996,0.8666666666666667
scidocs,ddbb6e0913ac127004be73e2d4097513a8f02d37,8.870323860367352,0.15607642134030655,0.06666666666666664,0.8833333333333333
scidocs,ddbf21ca1de9617894b15d45787a27557f02a494,11.573297052772858,0.20478868981202444,0.18333333333333326,0.8966666666666666
scidocs,de1505819e145b5c22a6e09002510413019f7228,10.21486188210892,0.1801974872748057,0.16666666666666663,0.79
scidocs,de1cc9b99f95041a1da383b6920cbf2907e0981a,17.67915247528608,0.3187961975733439,0.23333333333333328,0.5733333333333334
scidocs,de6411cb46cf889ba279ffc1a704168d75aae0b1,14.62277428847598,0.2610446165005365,0.2833333333333334,0.73
scidocs,de77514c78432a0b17cf30baa024434173908f89,10.358610323360695,0.18279351790746048,0.23333333333333325,0.7533333333333333
scidocs,de8e80d409aaaa3244da4f2cb5b5bb053d453cee,11.47215337651661,0.20295728246370948,0.31666666666666665,0.7533333333333333
scidocs,df0ef17f63582603dafb1ac5c489dec1416ecbf4,12.042950293196157,0.2133501966794332,0.05000000000000001,0.89
scidocs,df39e24c3cc21dc4c79995ec2b424a37dac999c7,11.592363681643755,0.20515211919943485,0.09999999999999996,0.86
scidocs,dff7ede8b9bcb70a33000335e3abd31b77c567bb,9.649163193589898,0.1700203567743301,0.24999999999999997,0.8633333333333333
scidocs,e00ab75a8aa637d9c4c5c020e9f2c54b31528031,11.637940945858858,0.20596841971079502,0.2666666666666666,0.7766666666666667
scidocs,e0a8b67880070624ef8787a08bbbd5aa178d65ac,9.268913204457055,0.16321041683355966,0.19999999999999998,0.9166666666666666
scidocs,e0ec382c51a043b1996a74af96d10cda33fdf6eb,16.755249534133366,0.30107667048772174,0.6666666666666666,0.7799999999999999
scidocs,e0ec8e1a52f2c23561001a5e7fa1d30cb8222ff1,10.62716756413537,0.18768407901128129,0.21666666666666665,0.86
scidocs,e161535a799a2693d94b0497d7045b0518a10bef,11.15352499954093,0.19716440637906393,0.3666666666666667,0.8433333333333333
scidocs,e1f53305791150a2109b7070bd7dce8071aafac7,16.62135088525908,0.29868716001510615,0.2666666666666666,0.63
scidocs,e25e514011e2f31a3961aba227ebab437209a6a9,14.238195281571043,0.25376806159814197,0.1166666666666666,0.84
scidocs,e27aff8fffd4ad43275d355202a135f848be0e76,14.13472192737445,0.2532916069030761,0.19999999999999998,0.7666666666666666
scidocs,e2af314b238088588eebb94210535e31d5f647e1,12.872334060538856,0.2285242130359013,0.1333333333333333,0.8033333333333333
scidocs,e2f78d2f75a807b89a13115a206da4661361fa71,10.720563513806146,0.18937786916891727,0.1333333333333333,0.8966666666666666
scidocs,e414ba960ee2a385b6800f2086209c711cc3b48b,9.641698972838094,0.1698968559503555,0.24999999999999997,0.8633333333333333
scidocs,e48e9cf407af2694ecfefd441c2c28faffdf0835,11.782124062023165,0.20859439174334202,0.11666666666666665,0.8766666666666666
scidocs,e567e0ae41ac2b757b1e069c6d345c6a7413d9c1,11.893486027469242,0.2106151978174845,0.11666666666666659,0.91
scidocs,e5adfc2f23602a5256e89b84615e1434e5375f0e,10.496152133295103,0.18533140917619065,0.2833333333333333,0.7833333333333333
scidocs,e5e0b31924d7947f45ebc56c61bb17a23e3f4732,13.237131748808205,0.23527920246124265,0.08333333333333333,0.7999999999999999
scidocs,e642d6014a5762128a28f85dae2228826e682974,9.011756936863282,0.15859610835711158,0.09999999999999991,0.9666666666666667
scidocs,e659e72b7962c9ad586a2d35a7099550102fb054,14.212622980175865,0.2535682568947474,0.2333333333333333,0.8166666666666668
scidocs,e66ab9039b49b6dd0ecce124a71f1044750107d2,16.29622297613322,0.29249272743860877,0.3333333333333333,0.6233333333333334
scidocs,e69b1314cd65a115c98082a5863b92daa4dcf9f0,9.506735524531123,0.16746641198794043,0.1333333333333333,0.8833333333333333
scidocs,e6be9c497285ece7f32b486c6cc72193b5a1fcb9,14.089254178892395,0.2509954969088236,0.5833333333333334,0.6866666666666666
scidocs,e76f37bc17b1b9f2fb4b5296c7282787729523a2,13.632037987426514,0.24253450830777482,0.09999999999999991,0.93
scidocs,e788f08148b4b06f4e537b27b51338f1c88ccea8,12.06058468350337,0.21366320053736362,0.18333333333333326,0.75
scidocs,e7ec9e900556d9d9e47b274911ad304bcf198256,12.199576423758323,0.21621101101239523,0.049999999999999996,0.8733333333333334
scidocs,e8cda2c754670850ec722799640c6cb42dfb8199,15.954363822942858,0.28646503885587055,0.2666666666666666,0.8033333333333333
scidocs,e9bc523f3f00397acae8190a30e4be7933d70345,13.818233903607469,0.24597321450710294,0.14999999999999994,0.9233333333333333
scidocs,e9c313fb4cfb8e31cd5ab80ef692dd30f27b70bf,12.08210530261046,0.21405816078186027,0.15,0.8266666666666667
scidocs,ea41155338edfcbf2891dbfc58698c34b03da068,18.67470725495303,0.33800114194552106,0.3333333333333333,0.7600000000000001
scidocs,ea813d2ae6cdad4d734ad5b8b39522d6d1392431,12.218499092049536,0.21654891967773435,0.3333333333333333,0.79
scidocs,eaf4756c12cfdae09ad3c82696ec1c16271a9348,11.007705569859043,0.19453228016694382,0.18333333333333326,0.7866666666666667
scidocs,eafe7346c8fbfd1454a0eac55d2b442f564332ac,11.70600955956734,0.20720154543717695,0.1333333333333333,0.8766666666666666
scidocs,eb240f463fa57740986a92ee744c3ad75f8228e9,15.547911108535283,0.27822718024253845,0.15,0.8333333333333334
scidocs,eb3d1b885bfa800badfd79c6921a07d01491aedb,10.035645335016731,0.17698818445205688,0.31666666666666665,0.7066666666666667
scidocs,ebebd7a0e288d137f1e4e579dd7f9f510d76497e,6.909451808983242,0.12118957440058387,0.1166666666666666,0.9199999999999999
scidocs,ebf4ef0701e6f6c2050e5bed0be54fd4d8a1d991,10.389380607420323,0.18335910141468048,0.2333333333333333,0.7833333333333333
scidocs,ebfe1e68abb1782a3d34df61f920375c8b2d6134,12.531045955645439,0.2222945342461268,0.11666666666666659,0.86
scidocs,ecb869b1f3830f7f98ee84bc415ddc97b0e0348b,11.895943528649616,0.21072149773438772,0.1166666666666666,0.8833333333333333
scidocs,ed19aa4eb626c3fc5a64b858bae5f2cdd71e1193,12.235613639204352,0.21686977148056027,0.08333333333333326,0.84
scidocs,ee61c9078be00a49aedb479ee468440b9086c32d,14.516952005976009,0.25894879301389057,0.24999999999999997,0.8466666666666667
scidocs,ee6b940d3ae36f9b124586b15a49cec45f24b90a,13.070179070661718,0.23219448328018188,0.18333333333333326,0.9133333333333334
scidocs,ee9596725d1db17f2b1e2207dd3ea260343bfe4f,15.378459267534666,0.27504245440165204,0.06666666666666664,0.8233333333333333
scidocs,eecbbb0ba7b513a2fe1e7a0131213e5a94b1868a,10.825630788682956,0.1912482182184855,0.0666666666666666,0.7666666666666666
scidocs,eed682efa845495dd2563b5cf2797cb32f9bcac7,10.402129325590709,0.18357448279857633,0.1333333333333333,0.96
scidocs,ef1fbd95c7220003835b839c47bdf3fdb7e54b7b,10.363649444817446,0.18288244803746537,0.14999999999999994,0.86
scidocs,f072d0363f437fd5ccf359bbe2fc9afaa5cfa831,12.819854832619532,0.22761040925979611,0.2166666666666666,0.7799999999999999
scidocs,f09db8a42d713774483f023b31e0ee96361823f4,17.814514711901854,0.3213513096173604,0.1333333333333333,0.7933333333333333
scidocs,f0ea85fb243d92d43b67e64ddf8721cde650c864,7.491398573992157,0.13150880734125767,0.19999999999999996,0.8233333333333333
scidocs,f104a9ec7fd862090a6fa245941842f14e6d9f43,16.797853199602542,0.30207207798957825,0.2666666666666666,0.8266666666666667
scidocs,f1256b20d202c73022d7a7f0151ba0010a074a06,10.391364441480023,0.18338528275489804,0.11666666666666659,0.82
scidocs,f14069aaa8b234dfafd3292863c0e610288fbc80,13.002850951694787,0.23092410961786902,0.18333333333333326,0.8166666666666668
scidocs,f1b7cb07e6f6b0c1cb142f8e46da4957ea7960f6,8.38147127773887,0.147337739666303,0.2333333333333333,0.7833333333333333
scidocs,f22ae66b083183494f2ab0f5c7758fb03d69b05c,8.72620740457556,0.1535070935885111,0.18333333333333326,0.79
scidocs,f254f031bd7c68a56cfff922f8a0665768994ef2,9.203706292641469,0.16204018394152317,0.21666666666666665,0.8666666666666667
scidocs,f25ba2cbb101685727b646cbdbcddca4ecd465b4,10.70659911906039,0.18914385636647535,0.11666666666666659,0.79
scidocs,f2d5039b55d626ef5466a80e950bddd5cc1819d4,17.486562965616418,0.31559839844703674,0.19999999999999996,0.6866666666666666
scidocs,f365ce3e68cb3795887e93baf5fed5d783b3904e,13.081353145545792,0.23246248563130692,0.3,0.7600000000000001
scidocs,f4195462f27158c4afd86ca364347dacfd228bdd,12.924334204157903,0.2295884937047958,0.2833333333333333,0.6333333333333333
scidocs,f46a2337a9d94d68c2d92f0aa0ca693adafc3346,11.826886574681703,0.2094359050194422,0.21666666666666665,0.7666666666666666
scidocs,f5befd1da64812a034bbdd0813f795e4e565ebe1,11.906289483698162,0.210871492822965,0.31666666666666665,0.6433333333333334
scidocs,f5e690c7aca37f32f0f04ff3ccfab09e210fd89b,13.247540378006894,0.2354581654071808,0.1666666666666666,0.8166666666666668
scidocs,f68911078030c56f34e68041908c26808b63f57b,14.420373828902115,0.2571445405483246,0.2833333333333333,0.73
scidocs,f69885248d17bac47cc3469715fbb93aa7a4aabe,11.477068001418147,0.2030467987060547,0.2333333333333333,0.8233333333333333
scidocs,f6c1eda98cef66438dc89fd9a3d4fcc0a795418a,10.962281084157453,0.1937009493509928,0.04999999999999997,0.9433333333333334
scidocs,f754cab548f2c209ea7d932084ef768b92b27614,9.15465881703304,0.16115344564119968,0.35000000000000003,0.7233333333333333
scidocs,f7b0d94fd4a32c4c9be472b4e8d6c5bc308f0dfa,10.19254779757381,0.1798269152641296,0.0666666666666666,0.9266666666666667
scidocs,f7bdc97a6b4c5d65c145479ae74b3a244121ae89,10.754898693128114,0.18995866676171616,0.14999999999999994,0.8566666666666668
scidocs,f7f32e86c23a902ac55fba8b8191026f563bec5b,13.396793107987135,0.23823634286721548,0.21666666666666667,0.8533333333333334
scidocs,f824f0f5e28e434e1b5897153697816dd906ca8e,11.263540798043872,0.19916278123855588,0.18333333333333326,0.8766666666666666
scidocs,f852431fb190fdc6feb95e5bd319a58039519076,11.22081140868479,0.19842050969600675,0.28333333333333327,0.7933333333333333
scidocs,f8ebf1520b3f26bf822930f532d6fdca5f5b1a4a,10.460616706486661,0.18462885419527683,0.18333333333333326,0.8366666666666666
scidocs,fa21c85107516c7f0a341de27856d7ffe4a6c5d9,11.39735842052417,0.2017233272393544,0.25,0.79
scidocs,fa36e9da13f7a055ce95beb61035c72b6d89e2cb,11.474829924636495,0.20305570463339484,0.06666666666666664,0.9366666666666666
scidocs,fa3894d83f83d7d05f54b2c87158dc7a2288dc1c,10.52641828314642,0.1858752866586049,0.21666666666666665,0.7566666666666667
scidocs,fa8042d025895e22af2d9df3ffb9f67438610fcc,11.124957829416326,0.1966475347677866,0.16666666666666663,0.88
scidocs,fbb4138d94863c8fc27aae824eaec9af2e971f22,10.368270612235804,0.18297260502974186,0.1333333333333333,0.9500000000000001
scidocs,fc7dda2d66993ced3fc6c0303347ed2bc5601f92,8.64348852296415,0.15202236175537104,0.3,0.8033333333333333
scidocs,fcce89d4b212d5ba5ffd2c84498bad8275505d84,10.81561904036196,0.19106932481129957,0.2333333333333333,0.7533333333333333
scidocs,fcd16bfffd4131b2f41f90b4c832415aea55038b,10.50237587749625,0.18539246916770927,0.18333333333333335,0.7866666666666666
scidocs,fd4537b92ab9fa7c653e9e5b9c4f815914a498c0,15.16017355467188,0.27107046544551844,0.35000000000000003,0.7733333333333333
scidocs,fd4677e1b2cd0cba66ab4a64cbd1fe015d3a742b,12.152617073932666,0.21535675724347428,0.15,0.7600000000000001
scidocs,fd48a7fd819ab193704a6283933f5a4883bcdd7d,15.214968674839872,0.27202778061230976,0.09999999999999991,0.3433333333333333
scidocs,fd5f1f443d40e6e91dc99798ec88922220e4b364,11.907844311090765,0.21087769170602164,0.14999999999999994,0.8266666666666667
scidocs,fd65ca4e3ae95302f74bf863988cdb95d6a12824,8.543649032659532,0.15024212996164957,0.09999999999999996,0.9366666666666666
scidocs,fdd141a4fffc490fb3ab570c28b8a1f2dd80a15f,11.667419485852136,0.20650584002335862,0.03333333333333333,0.9366666666666666
scidocs,fdf29d5dec6f929409e0bb340ae973a91680ad17,14.145207356580885,0.25211021304130554,0.31666666666666665,0.86
scidocs,fe2533594e01b374ee12f8d450069b21b572a675,9.371709673009613,0.1650604903697967,0.2833333333333333,0.6133333333333334
scidocs,fe4cfc7df897c632311ed0165e66ff9932865e5f,9.083795547788899,0.15988952914873758,0.21666666666666667,0.7866666666666666
scidocs,fe5cc6e84dc223580c0e1729614cfaa8320c5728,13.137593668133421,0.2334090818961461,0.0666666666666666,0.75
scidocs,fe63023bb7434e44b4e63dcf918c6a2f9aaba930,8.529919124096077,0.14999605218569434,0.08333333333333326,0.8700000000000001
scidocs,fe76c167920898330a66e3f2509ff1cd41e231bc,8.576363147820421,0.15082690616448716,0.1166666666666666,0.8300000000000001
scidocs,feef5abe52b21ffc198a9f439ec49151c545ef12,18.020327811455356,0.3253529965877533,0.85,0.35333333333333333
scidocs,ffaa313b8da3695627cd9915ca46b8bed24a9f4a,14.52506356488253,0.2591117372115453,0.0333333333333333,0.8366666666666666
scifact,1,9.708071322797577,0.17107945680618283,0.25,0.81
scifact,100,14.033521090111444,0.24998883903026572,0.28333333333333327,0.96
scifact,1012,9.755359839588131,0.1719290167093277,0.18333333333333326,0.8533333333333334
scifact,1014,8.760134264823849,0.1540962606668472,0.28333333333333327,0.81
scifact,1019,10.871502790612647,0.1920730719963709,0.2166666666666666,0.75
scifact,1020,6.505705039494863,0.11404604216416674,0.05000000000000001,0.84
scifact,1021,6.1043778844484775,0.10695557792981464,0.06666666666666664,0.8833333333333333
scifact,1024,8.353076470538943,0.14683096110820767,0.2833333333333333,0.7833333333333333
scifact,1029,6.841643206471466,0.11999540030956268,0.2833333333333333,0.8633333333333333
scifact,1041,6.555432082937049,0.11491988847653067,0.11666666666666659,0.91
scifact,1049,10.316268831036624,0.18203017115592954,0.3499999999999999,0.7733333333333334
scifact,1062,9.511289536194491,0.16758261124293003,0.05000000000000001,0.9199999999999999
scifact,1086,8.270066441900068,0.14535072445869443,0.24999999999999997,0.7333333333333334
scifact,1088,10.539751598122171,0.18606859445571897,0.19999999999999996,0.7333333333333334
scifact,1089,8.863965571992765,0.15595178306102744,0.016666666666666666,0.8300000000000001
scifact,1099,11.459245645160587,0.2027286092440287,0.19999999999999987,0.85
scifact,1100,15.190963437962402,0.2715313633282979,0.06666666666666664,0.8866666666666667
scifact,1104,6.094563701572745,0.10677596678336458,0.1333333333333333,0.88
scifact,1107,10.037180048600687,0.17701979478200272,0.06666666666666664,0.7866666666666666
scifact,1110,10.588933852778519,0.1869527697563171,0.16666666666666655,0.8300000000000001
scifact,1121,12.80416137079527,0.22727225224177036,0.06666666666666664,0.8166666666666668
scifact,113,8.783765797647225,0.15452009936173758,0.08333333333333326,0.81
scifact,1130,7.760459637104733,0.1362853993972142,0.36666666666666664,0.9133333333333334
scifact,1132,6.285035297116714,0.11013707270224887,0.09999999999999991,0.9533333333333333
scifact,1137,8.162129882960203,0.1434339086214701,0.06666666666666664,0.8833333333333333
scifact,1140,10.327811882719267,0.18226757148901615,0.09999999999999996,0.8233333333333333
scifact,1144,11.131110795412553,0.1967628051837285,0.11666666666666659,0.8233333333333333
scifact,1146,13.45598297892493,0.23929252723852792,0.08333333333333326,0.91
scifact,115,12.159340362799872,0.2154857118924459,0.23333333333333325,0.7733333333333333
scifact,1150,10.34855298123049,0.18261052668094632,0.31666666666666665,0.8166666666666668
scifact,1163,11.355742176626114,0.20085448523362473,0.3,0.7633333333333333
scifact,1175,13.159251796232859,0.23382644852002454,0.16666666666666655,0.88
scifact,1179,8.946040331643085,0.15742047627766922,0.3,0.8566666666666666
scifact,118,10.205081966537081,0.1800257861614227,0.15,0.75
scifact,1180,8.219381176254792,0.1444606135288874,0.21666666666666667,0.7433333333333333
scifact,1185,5.983156638336214,0.10482083012660341,0.24999999999999997,0.8433333333333334
scifact,1187,6.793800790504906,0.11913468937079107,0.25,0.92
scifact,1191,12.188550644364858,0.2160926808913549,0.2333333333333333,0.8033333333333333
scifact,1194,6.8702796214617905,0.12050107369820273,0.3,0.79
scifact,1196,10.714121078074177,0.18921545644601181,0.16666666666666663,0.71
scifact,1197,11.363558431824819,0.20099871357281998,0.16666666666666663,0.7566666666666667
scifact,1199,7.683503819946231,0.13491886357466376,0.18333333333333326,0.8166666666666668
scifact,1200,4.360136547895907,0.07624599089225127,0.25,0.8766666666666666
scifact,1202,8.584823780113842,0.15104881674051282,0.11666666666666659,0.88
scifact,1204,11.200931002094926,0.198045606414477,0.09999999999999996,0.83
scifact,1207,7.204618982077253,0.12642049044370646,0.09999999999999996,0.91
scifact,1213,11.455083231469475,0.20269942283630368,0.2833333333333333,0.6699999999999999
scifact,1216,10.134264298460641,0.178744966785113,0.19999999999999987,0.8533333333333334
scifact,1221,12.423270395655964,0.22029248376687363,0.3666666666666667,0.6866666666666666
scifact,1225,11.072045952549926,0.1956981519858042,0.18333333333333335,0.82
scifact,1226,10.359137469197202,0.1828351318836212,0.2833333333333333,0.7666666666666666
scifact,1232,7.659792658177241,0.13449194530646,0.16666666666666663,0.7833333333333333
scifact,124,8.174222614155624,0.14364452660083768,0.16666666666666663,0.7433333333333333
scifact,1241,9.673725261808267,0.17046184837818143,0.09999999999999996,0.8866666666666667
scifact,1245,13.019006838500284,0.23123026887575782,0.3,0.6966666666666667
scifact,1259,8.883174937860902,0.15629893541336057,0.24999999999999997,0.73
scifact,1262,8.941963395166285,0.15736126403013861,0.04999999999999997,0.8933333333333334
scifact,1266,6.683138874747101,0.1171793863177299,0.03333333333333333,0.8966666666666666
scifact,127,9.965124402613922,0.17570992310841874,0.05000000000000001,0.7866666666666667
scifact,1270,13.860944078285192,0.24675183991591132,0.1333333333333333,0.8866666666666667
scifact,1271,7.738237932370658,0.13590381046136216,0.09999999999999991,0.7333333333333334
scifact,1272,7.911935438763798,0.1389882663885752,0.21666666666666667,0.7533333333333333
scifact,1273,8.163232175030464,0.14345248540242508,0.06666666666666664,0.86
scifact,1274,6.605823063511193,0.11581021298964812,0.05000000000000001,0.8866666666666667
scifact,1278,9.437916369022112,0.16622973481814063,0.43333333333333335,0.7200000000000001
scifact,1279,10.494090694709994,0.18526597321033475,0.3833333333333333,0.63
scifact,128,10.273824489610728,0.18126147985458374,0.11666666666666659,0.9166666666666666
scifact,1280,9.011563577962802,0.1585935850938161,0.09999999999999996,0.77
scifact,1281,11.99337905152749,0.21243590116500846,0.08333333333333326,0.8700000000000001
scifact,1282,10.705056844470107,0.18904925882816312,0.31666666666666665,0.7466666666666667
scifact,129,9.66134699200167,0.17024357616901395,0.14999999999999994,0.79
scifact,1290,8.65774660683804,0.1522671729326248,0.1333333333333333,0.8133333333333334
scifact,1292,14.92446681370236,0.2665395438671112,0.18333333333333326,0.9533333333333333
scifact,1298,10.487441727033035,0.1851159383853276,0.2833333333333333,0.7933333333333333
scifact,13,10.614266319833062,0.18740512927373246,0.08333333333333326,0.8466666666666667
scifact,130,9.299569021103558,0.16375251114368436,0.36666666666666664,0.75
scifact,1303,13.069429311034261,0.23216463625431058,0.3,0.8866666666666667
scifact,1316,8.386014490863372,0.1474240918954213,0.2666666666666666,0.9033333333333333
scifact,1319,8.987760480577519,0.1581726421912511,0.19999999999999998,0.9
scifact,132,12.345999052233202,0.21908509234587348,0.15,0.84
scifact,1320,9.696451640218633,0.1708932518959045,0.11666666666666659,0.85
scifact,133,6.243827662410726,0.10941758255163823,0.15,0.8300000000000001
scifact,1332,7.741009872364753,0.13594448566436765,0.04999999999999997,0.9166666666666666
scifact,1335,8.278752399219332,0.14551020661989847,0.1333333333333333,0.89
scifact,1336,7.433990393832908,0.13048448661963138,0.16666666666666655,0.9233333333333333
scifact,1337,8.193912494037079,0.14403514067331946,0.11666666666666659,0.7933333333333333
scifact,1339,9.971608509041232,0.17589347064495084,0.44999999999999996,0.7066666666666667
scifact,1344,6.939734240270751,0.12171954661607737,0.31666666666666665,0.7733333333333334
scifact,1352,10.19630608540419,0.17986393471558884,0.15,0.8533333333333334
scifact,1359,6.398285366510699,0.11214222262303031,0.08333333333333326,0.8366666666666666
scifact,1362,12.891192355791306,0.22924291590849558,0.16666666666666663,0.8733333333333334
scifact,1363,10.856795016078932,0.19183174769083652,0.2166666666666666,0.7966666666666667
scifact,1368,14.211872770914857,0.25328866144021345,0.09999999999999996,0.82
scifact,137,9.045766089998978,0.15920910735925034,0.26666666666666666,0.7533333333333333
scifact,1370,11.330600775626687,0.20039994021256757,0.016666666666666666,0.9166666666666666
scifact,1379,9.515519834073364,0.16762449343999222,0.09999999999999996,0.8766666666666666
scifact,1382,8.876392799520469,0.1561742822329203,0.14999999999999994,0.6900000000000001
scifact,1385,10.20016853673641,0.1799419422944387,0.11666666666666659,0.8233333333333333
scifact,1389,8.469512059428922,0.1489084015289942,0.2833333333333333,0.7799999999999999
scifact,1395,7.233851379940732,0.1269321317474047,0.7333333333333334,0.66
scifact,141,9.208014343082432,0.1621095736821492,0.2166666666666666,0.7066666666666667
scifact,142,8.295956001920857,0.1458244770765304,0.18333333333333326,0.79
scifact,143,7.668739475824206,0.13465318083763117,0.2166666666666666,0.7933333333333333
scifact,146,8.353081999110296,0.14685130616029105,0.1333333333333333,0.7866666666666667
scifact,148,11.176250649359758,0.19759761790434516,0.5,0.9066666666666667
scifact,163,10.20057296862359,0.17994079490502676,0.08333333333333326,0.79
scifact,171,9.924801959033049,0.17497571309407545,0.1333333333333333,0.6933333333333334
scifact,179,10.173553886687081,0.1794543464978536,0.09999999999999991,0.9266666666666667
scifact,180,5.478298069726993,0.0959088653326034,0.18333333333333326,0.7466666666666667
scifact,183,12.207058886298222,0.21633805831273392,0.14999999999999994,0.92
scifact,185,15.106301032116512,0.2699715693791707,0.3,0.8666666666666667
scifact,198,18.339024516464686,0.33190468947092694,0.3833333333333333,0.6466666666666666
scifact,208,13.3050469199585,0.2364896982908248,0.26666666666666666,0.9666666666666667
scifact,212,13.951654970287379,0.24845666189988455,0.11666666666666665,0.7399999999999999
scifact,213,7.464343851053958,0.1310205409924189,0.15,0.7533333333333333
scifact,216,10.056597782274736,0.17734616001447034,0.11666666666666659,0.9233333333333333
scifact,217,9.960975651106498,0.17562698324521384,0.14999999999999994,0.9066666666666667
scifact,218,9.447958130754268,0.16640969614187875,0.06666666666666664,0.9266666666666667
scifact,219,9.015940448753884,0.15867109596729273,0.11666666666666659,0.8933333333333334
scifact,230,13.039350594677202,0.23164020975430802,0.25,0.7733333333333334
scifact,232,7.146577904324037,0.12538373967011762,0.2833333333333333,0.8833333333333333
scifact,233,8.838019340017324,0.15549259881178537,0.2833333333333333,0.8000000000000002
scifact,236,8.138369124339013,0.1430045217275619,0.16666666666666663,0.8966666666666666
scifact,237,9.071874624221017,0.1596714506546656,0.11666666666666659,0.7933333333333333
scifact,238,9.381330612051672,0.16521519422531125,0.26666666666666666,0.81
scifact,239,13.605937129319743,0.24208690722783408,0.5499999999999999,0.6699999999999999
scifact,248,9.910716474798923,0.17472329735755918,0.26666666666666666,0.8233333333333333
scifact,249,9.967616545784557,0.17574469248453772,0.1333333333333333,0.8300000000000001
scifact,261,6.9764206159774735,0.12237238138914107,0.03333333333333333,0.7733333333333333
scifact,268,16.642210130426395,0.2989238401254018,0.09999999999999991,0.8233333333333333
scifact,269,19.761954156332664,0.3592724402745564,0.15,0.7366666666666667
scifact,274,5.8441089740821335,0.10245068619648606,0.1333333333333333,0.79
scifact,275,7.0796779867676385,0.12419908245404555,0.14999999999999994,0.8300000000000001
scifact,279,9.135373379802447,0.1608092884222666,0.23333333333333328,0.79
scifact,294,8.90586109907509,0.15670784314473465,0.2333333333333333,0.9033333333333333
scifact,295,6.205894255364735,0.1087429076433181,0.08333333333333326,0.8833333333333333
scifact,298,8.032085204015106,0.1411181439956029,0.06666666666666664,0.8033333333333333
scifact,3,6.717258885794265,0.11779140929381049,0.11666666666666659,0.8933333333333334
scifact,300,5.2887458521496855,0.09257019807895021,0.2166666666666666,0.9066666666666667
scifact,303,7.018458357323481,0.12311588227748867,0.14999999999999994,0.86
scifact,312,11.473293893276198,0.20297432442506155,0.19999999999999987,0.7566666666666667
scifact,314,6.116018904670597,0.10715388755003609,0.16666666666666663,0.88
scifact,324,10.171522591889163,0.17947222789128617,0.16666666666666663,0.8733333333333334
scifact,327,10.519860944954305,0.18570529421170545,0.18333333333333326,0.7933333333333333
scifact,338,8.543871885176928,0.1502350717782974,0.06666666666666664,0.88
scifact,343,9.676422531616259,0.1705407152573267,0.19999999999999996,0.84
scifact,350,9.109716802854908,0.16034998496373495,0.16666666666666663,0.8133333333333334
scifact,354,8.305862538684893,0.1459988454977671,0.19999999999999993,0.8466666666666667
scifact,36,8.495286569048526,0.14938082794348392,0.09999999999999996,0.8333333333333334
scifact,362,6.29454252427828,0.11030775308609003,0.16666666666666663,0.8233333333333333
scifact,380,9.155889190971235,0.1611792941888173,0.19999999999999993,0.8533333333333334
scifact,384,9.475238217073787,0.16694277524948112,0.1333333333333333,0.8033333333333333
scifact,385,6.696660490284141,0.1174148023128509,0.26666666666666666,0.7566666666666667
scifact,386,6.295125146388462,0.11031565318504964,0.31666666666666665,0.8166666666666668
scifact,388,8.783948253575273,0.15452155967553452,0.1333333333333333,0.8466666666666667
scifact,399,8.341725969417359,0.14663005868593848,0.26666666666666666,0.8466666666666667
scifact,410,9.098499873395593,0.16019089519977567,0.05000000000000001,0.71
scifact,411,10.347115473399983,0.18261740108331045,0.15,0.7633333333333333
scifact,415,6.599148955293841,0.1157031009594599,0.33333333333333326,0.7933333333333333
scifact,42,7.035950396441845,0.12342283626397448,0.18333333333333335,0.75
scifact,421,8.387754908168171,0.1474541028340657,0.3499999999999999,0.8566666666666666
scifact,431,7.723276234430794,0.1356192280848821,0.05000000000000001,0.9633333333333333
scifact,436,9.411457478121065,0.16575445731480912,0.11666666666666659,0.8433333333333333
scifact,437,7.274142939122181,0.12766015281279877,0.15,0.7033333333333333
scifact,439,10.253371970193564,0.18090916673342383,0.11666666666666659,0.9066666666666667
scifact,440,7.174228177851648,0.1259125918149948,0.08333333333333326,0.86
scifact,443,8.878215058600128,0.1562187224626541,0.15,0.8566666666666668
scifact,452,10.735025586943486,0.18959359327952063,0.6,0.6833333333333332
scifact,475,9.652145840909743,0.17007410526275635,0.2833333333333333,0.66
scifact,478,8.456054110370202,0.14871656894683832,0.4333333333333333,0.7533333333333333
scifact,48,8.288691379972827,0.14568531016508734,0.16666666666666663,0.6933333333333334
scifact,49,9.653798684468418,0.17010982831319169,0.09999999999999996,0.9
scifact,491,9.13671563457977,0.1608381420373916,0.3333333333333333,0.7966666666666667
scifact,5,14.898649972972317,0.26608799894650775,0.1166666666666666,0.8466666666666667
scifact,50,12.084374869570985,0.21410168707370755,0.09999999999999991,0.8099999999999999
scifact,501,13.461855238718002,0.2393794606129328,0.11666666666666665,0.9
scifact,502,9.341011456066903,0.1645272672176361,0.09999999999999996,0.8766666666666666
scifact,507,7.771712429808332,0.1364877770344416,0.1333333333333333,0.8466666666666667
scifact,508,10.779681106078513,0.19041031102339426,0.18333333333333326,0.8833333333333333
scifact,51,8.715604914397638,0.15330079197883603,0.18333333333333326,0.8666666666666667
scifact,513,10.712476407896816,0.18920263151327762,0.16666666666666655,0.85
scifact,514,6.559952886991733,0.11500280350446697,0.05000000000000001,0.9
scifact,516,7.7441383051961905,0.13599774241447443,0.15,0.7833333333333333
scifact,517,10.228599064284587,0.1804719120264053,0.11666666666666659,0.83
scifact,521,5.36156592666319,0.09385178238153453,0.21666666666666667,0.7333333333333334
scifact,525,5.231058359988821,0.09155604739983869,0.1333333333333333,0.88
scifact,527,6.820758936339257,0.11961090564727776,0.44999999999999996,0.58
scifact,528,8.514609731124379,0.14971826970577237,0.24999999999999997,0.8033333333333333
scifact,53,8.955712914754416,0.15759457151095066,0.21666666666666667,0.87
scifact,532,7.956976192083069,0.13977847993373868,0.09999999999999996,0.8733333333333334
scifact,533,8.940342042515573,0.15731819470723465,0.08333333333333326,0.77
scifact,535,9.919810907942313,0.17488889892896012,0.18333333333333326,0.8666666666666667
scifact,536,11.079016988824392,0.19584866861502329,0.15,0.9
scifact,539,10.24164351303113,0.1806950618823369,0.06666666666666664,0.7600000000000001
scifact,54,6.313230740916868,0.11063930640618001,0.08333333333333326,0.7766666666666667
scifact,540,10.99367418813017,0.1942799588044484,0.15,0.8066666666666666
scifact,544,7.850963126826386,0.137893537680308,0.19999999999999987,0.94
scifact,549,8.968240111397591,0.15781771143277482,0.16666666666666663,0.7333333333333334
scifact,551,5.657909889116644,0.09907147536675126,0.08333333333333326,0.8333333333333334
scifact,552,7.229583972218614,0.12685432533423105,0.15,0.8933333333333334
scifact,554,8.952026487160088,0.15753570695718125,0.11666666666666659,0.9
scifact,56,6.263197840147736,0.10975110034147896,0.08333333333333333,0.9233333333333333
scifact,560,8.159528634274539,0.1433863242467244,0.18333333333333326,0.8433333333333333
scifact,569,7.858620134779315,0.13803940018018082,0.08333333333333326,0.91
scifact,57,6.386163013067584,0.11192465325196584,0.11666666666666659,0.91
scifact,575,8.741488608063603,0.15376683572928107,0.1666666666666666,0.9066666666666666
scifact,577,7.206538073567635,0.12645020584265387,0.16666666666666663,0.7666666666666666
scifact,578,14.754755456876948,0.2633807261784871,0.4166666666666667,0.75
scifact,587,8.212464537341933,0.14436046779155726,0.3833333333333333,0.6900000000000001
scifact,589,9.536415209153665,0.1680038472016652,0.31666666666666665,0.86
scifact,593,12.338574229236718,0.21874428292115525,0.09999999999999991,0.9333333333333332
scifact,597,12.182348270704999,0.21591358383496598,0.18333333333333326,0.9233333333333333
scifact,598,6.10511294807879,0.10695977012316384,0.016666666666666666,0.9133333333333334
scifact,613,7.113703882534071,0.1247997606794039,0.39999999999999997,0.8033333333333333
scifact,619,7.4341633596702765,0.1304849286874135,0.24999999999999997,0.8066666666666666
scifact,623,8.760032898112103,0.154106597105662,0.09999999999999991,0.8266666666666667
scifact,628,11.753291976804064,0.20807063579559323,0.23333333333333325,0.77
scifact,636,6.3539852820550164,0.11135611931482947,0.23333333333333328,0.8166666666666668
scifact,637,10.923264839988796,0.19299861788749695,0.16666666666666663,0.8833333333333333
scifact,641,12.403344360241531,0.2202698836723963,0.1333333333333333,0.8133333333333334
scifact,644,9.608950262944155,0.16931085785230002,0.18333333333333326,0.86
scifact,649,11.675901539153443,0.20665349562962845,0.14999999999999994,0.8466666666666667
scifact,659,9.391694743228646,0.16541489462057746,0.3666666666666667,0.63
scifact,660,11.965563889890293,0.21206916371981302,0.6,0.5966666666666667
scifact,674,14.241333095390054,0.2538592765728632,0.09999999999999996,0.9
scifact,684,8.968867103700209,0.15782848993937174,0.15,0.7866666666666667
scifact,690,7.6893240630201545,0.13502042492230734,0.21666666666666667,0.7266666666666666
scifact,691,13.690753917468895,0.2436370452245076,0.08333333333333333,0.7933333333333333
scifact,692,8.79942212968966,0.1548142035802205,0.28333333333333327,0.8366666666666666
scifact,693,7.862365813443131,0.13809227943420407,0.18333333333333326,0.8533333333333334
scifact,70,9.440711679581552,0.1662964026133219,0.11666666666666659,0.81
scifact,700,10.178656772304064,0.179544910788536,0.18333333333333326,0.8099999999999999
scifact,702,10.165359934533077,0.17930596570173896,0.23333333333333328,0.7233333333333333
scifact,715,7.252133947425734,0.1272548660635948,0.2833333333333333,0.8333333333333334
scifact,716,8.772098701335661,0.1543158094088236,0.3833333333333333,0.7366666666666667
scifact,718,9.208273347998563,0.1621212065219879,0.2166666666666666,0.6633333333333334
scifact,72,12.995336711196503,0.23085066676139832,0.2333333333333333,0.7533333333333333
scifact,721,11.928637160341495,0.21132735411326087,0.23333333333333325,0.86
scifact,723,7.269388479131746,0.1275644352038701,0.31666666666666665,0.7966666666666667
scifact,727,8.704463195523482,0.1531038482983907,0.2333333333333333,0.7633333333333333
scifact,728,7.5125192873957225,0.1318774322668711,0.06666666666666664,0.9266666666666667
scifact,729,9.031514534768474,0.15895219643910724,0.18333333333333332,0.6933333333333334
scifact,742,13.975809403104684,0.24888330698013303,0.09999999999999996,0.8366666666666666
scifact,743,11.231662740346167,0.19861119985580444,0.1666666666666666,0.8166666666666668
scifact,744,9.064593332507066,0.15954081714153287,0.3833333333333333,0.73
scifact,75,8.13488994163515,0.14294844369093573,0.0,0.85
scifact,756,8.731114056463442,0.15358560780684147,0.09999999999999991,0.7999999999999999
scifact,759,10.646250087571048,0.18801343441009521,0.03333333333333333,0.8533333333333334
scifact,768,7.2760026386894445,0.1276837587356567,0.1333333333333333,1.0
scifact,770,8.429454457435456,0.14819716910521183,0.19999999999999996,0.84
scifact,775,8.070944951048306,0.14180528124173478,0.31666666666666665,0.7733333333333334
scifact,781,8.000247863142699,0.14054675400257108,0.1333333333333333,0.8566666666666668
scifact,783,8.362587764513533,0.14700221021970106,0.0,0.9433333333333334
scifact,784,7.339201879691108,0.12880341957012806,0.16666666666666663,0.84
scifact,785,8.221485227174904,0.14449056982994077,0.2833333333333333,0.8933333333333334
scifact,793,12.683989460904785,0.22508650024731955,0.16666666666666663,0.86
scifact,800,7.30944090776676,0.12827085951964057,0.26666666666666666,0.6966666666666667
scifact,805,9.111736099844558,0.16038968662420908,0.16666666666666663,0.87
scifact,808,9.594617864672005,0.16906521717707312,0.04999999999999997,0.91
scifact,811,8.06713324706596,0.14173682034015653,0.2666666666666666,0.7966666666666667
scifact,814,5.494326582321906,0.09619060407082236,0.24999999999999997,0.8133333333333334
scifact,820,8.832973215435086,0.15539768338203427,0.21666666666666667,0.9366666666666666
scifact,821,10.838594952406213,0.19147716959317518,0.26666666666666666,0.9233333333333333
scifact,823,8.64799487783054,0.1521069357792536,0.08333333333333326,0.8466666666666667
scifact,830,6.329296788445963,0.11093027889728545,0.1333333333333333,0.91
scifact,831,6.159369990167641,0.1079216822981834,0.15,0.7933333333333333
scifact,832,8.97344510997203,0.15791046122709904,0.19999999999999996,0.8133333333333334
scifact,834,7.859925394012578,0.138048842549324,0.3666666666666667,0.7166666666666667
scifact,837,9.313840820733294,0.16401044527689612,0.06666666666666664,0.7933333333333333
scifact,839,7.784450266910532,0.13670649627844486,0.11666666666666659,0.75
scifact,845,8.530863890447025,0.1500039249658584,0.016666666666666666,0.9
scifact,847,9.092708574820925,0.16005442539850867,0.3833333333333333,0.7833333333333333
scifact,852,9.347695522828309,0.16461121539274845,0.16666666666666663,0.79
scifact,859,10.423755376994558,0.18405110140641526,0.36666666666666653,0.7666666666666666
scifact,870,12.821807010941631,0.22759833435217536,0.29999999999999993,0.7933333333333333
scifact,873,13.746858813239195,0.24464672803878781,0.3499999999999999,0.7733333333333334
scifact,879,10.290142292933869,0.18169678747653958,0.28333333333333327,0.8033333333333333
scifact,880,11.826836314734836,0.20943172772725419,0.5,0.7433333333333333
scifact,882,12.512541016988665,0.22200796504815415,0.19999999999999996,0.7433333333333333
scifact,887,11.33436646909617,0.20047521094481147,0.2166666666666666,0.8433333333333333
scifact,903,8.650422590839261,0.15213947991530097,0.08333333333333326,0.88
scifact,904,6.6028510960941915,0.11577098816633219,0.21666666666666665,0.7999999999999999
scifact,907,7.394998408096964,0.12979042530059812,0.25,0.8033333333333333
scifact,911,8.00145476801705,0.1405762434005737,0.24999999999999997,0.7466666666666667
scifact,913,9.843064386779547,0.1735156675179799,0.06666666666666664,0.9499999999999998
scifact,914,10.623264632744187,0.18756589293479917,0.06666666666666664,0.93
scifact,921,9.530176495136494,0.16789384186267844,0.06666666666666664,0.8633333333333333
scifact,922,10.561063378740437,0.18647657334804527,0.06666666666666664,0.8966666666666666
scifact,936,8.638218507418713,0.15191993117332456,0.08333333333333326,0.9633333333333333
scifact,94,7.8982896769394175,0.1387313952048619,0.39999999999999997,0.6666666666666666
scifact,956,7.378564473332616,0.1295007988810539,0.3333333333333333,0.7866666666666667
scifact,957,11.141793641899136,0.19696031014124551,0.09999999999999991,0.7666666666666666
scifact,960,10.530681456298637,0.18589424093564347,0.19999999999999987,0.8533333333333334
scifact,967,9.265990739342355,0.1631726225217183,0.2666666666666666,0.79
scifact,971,8.282061054904915,0.14561796933412546,0.0,0.8433333333333333
scifact,975,8.263988660617386,0.14525971810022983,0.11666666666666659,0.9066666666666667
scifact,982,8.384704797432603,0.14739562074343363,0.23333333333333325,0.7533333333333334
scifact,985,7.1915369475778235,0.12619008372227347,0.19999999999999996,0.98
scifact,99,10.102727896733512,0.17818330228328705,0.16666666666666663,0.84
scifact,993,9.922223073164615,0.1749507238467534,0.09999999999999991,0.8300000000000001
trec-covid,1,16.56695379541547,0.2975892225901286,0.6666666666666666,0.3166666666666667
trec-covid,10,10.411446845168355,0.18374700347582495,0.39999999999999997,0.7000000000000001
trec-covid,11,11.78274744337063,0.20861318210760751,0.45,0.6966666666666667
trec-covid,12,13.273542871219247,0.23590616385142002,0.7166666666666667,0.5766666666666667
trec-covid,13,16.52532639426884,0.2967056433359782,0.6833333333333332,0.41
trec-covid,14,13.972193850818952,0.24882590274016061,0.1333333333333333,0.8833333333333333
trec-covid,15,11.059400541528811,0.19545933107535038,0.4666666666666666,0.49
trec-covid,16,11.968466890903448,0.2120080739259719,0.6666666666666666,0.5266666666666667
trec-covid,17,13.995811955133455,0.2492647568384806,0.5666666666666668,0.6533333333333333
trec-covid,18,14.640974185826389,0.26124538977940875,0.6166666666666667,0.47666666666666674
trec-covid,19,16.232846688434893,0.2911716202894846,0.15,0.8133333333333334
trec-covid,2,13.251208703808777,0.23558316628138223,0.5499999999999999,0.45
trec-covid,20,8.874365196753356,0.1561734278996785,0.3333333333333333,0.8033333333333333
trec-covid,21,14.233299403019776,0.2537110894918442,0.24999999999999997,0.7366666666666667
trec-covid,22,11.834124266292667,0.20955091714859,0.3833333333333333,0.7366666666666667
trec-covid,23,12.254785086840377,0.21720955769220981,0.5166666666666666,0.64
trec-covid,24,11.346208976735797,0.2006602883338928,0.3333333333333333,0.66
trec-covid,25,14.088576513192782,0.25099975367387134,0.49999999999999994,0.6833333333333332
trec-covid,26,16.74217303974069,0.30081701278686523,0.7666666666666666,0.4066666666666667
trec-covid,27,15.079085568527129,0.2694545984268188,0.6833333333333332,0.49666666666666665
trec-covid,28,13.507952731048585,0.240238885084788,0.48333333333333334,0.7433333333333333
trec-covid,29,10.567515895968056,0.18661078313986457,0.36666666666666664,0.7833333333333333
trec-covid,3,9.984821603993629,0.17605729401111603,0.16666666666666666,0.6633333333333333
trec-covid,30,11.099770043250325,0.19618806242942807,0.2666666666666666,0.8733333333333334
trec-covid,31,12.136530571953045,0.21506966153780616,0.2833333333333333,0.8233333333333333
trec-covid,32,13.686630342855088,0.24353433648745218,0.55,0.56
trec-covid,33,16.067981821848523,0.2880356907844543,0.21666666666666665,0.7166666666666667
trec-covid,34,13.119197074646776,0.23319924871126807,0.4666666666666666,0.5566666666666666
trec-covid,35,13.315055364987112,0.2366764942804972,0.4666666666666666,0.6666666666666666
trec-covid,36,13.465937203335402,0.2395419875780741,0.5666666666666668,0.7066666666666667
trec-covid,37,15.378614764490441,0.2750904659430185,0.6666666666666666,0.7066666666666667
trec-covid,38,12.23024305553207,0.21676228940486908,0.45,0.53
trec-covid,39,11.802612543222514,0.20896854003270462,0.4166666666666666,0.7166666666666667
trec-covid,4,18.004750970910237,0.32501818736394245,0.8333333333333334,0.34
trec-covid,40,10.700967949256638,0.1889752447605133,0.2666666666666666,0.85
trec-covid,41,14.638325784215164,0.2612574150164922,0.3833333333333333,0.7466666666666667
trec-covid,42,11.483558994042037,0.20315759877363834,0.2166666666666666,0.8866666666666667
trec-covid,43,11.024344233323584,0.19483090440432227,0.14999999999999994,0.6733333333333333
trec-covid,44,14.838235953047636,0.2649766902128855,0.5333333333333333,0.54
trec-covid,45,12.780394236372246,0.2268619785706202,0.5499999999999999,0.5266666666666667
trec-covid,46,15.389637715899669,0.2752826809883117,0.2833333333333333,0.5733333333333334
trec-covid,47,13.880284442500468,0.24711559712886808,0.4666666666666666,0.37333333333333335
trec-covid,48,9.995852594172923,0.17625922461350751,0.5499999999999999,0.5
trec-covid,49,7.356182097784937,0.12910238653421396,0.2666666666666666,0.7733333333333334
trec-covid,5,12.467845471447754,0.2211094250281652,0.4166666666666667,0.6633333333333333
trec-covid,50,14.142547356321998,0.25197339554627735,0.75,0.4366666666666667
trec-covid,6,13.943625284529915,0.2483742733796437,0.6833333333333332,0.3333333333333333
trec-covid,7,11.275364989929459,0.1994418501853942,0.43333333333333335,0.6533333333333333
trec-covid,8,9.4339361304179,0.16618048648039496,0.45,0.6233333333333334
trec-covid,9,13.58631825903649,0.2417454620202382,0.25,0.5766666666666667
webis-touche2020,1,13.32902479227594,0.23695160448551175,0.11666666666666659,0.7433333333333333
webis-touche2020,10,15.564255801892342,0.2786373496055603,0.31666666666666665,0.8333333333333334
webis-touche2020,11,13.100751363421812,0.23276961346467331,0.15,0.89
webis-touche2020,12,11.814147363866049,0.20918099085489902,0.19999999999999996,0.8566666666666666
webis-touche2020,13,14.737388942891485,0.26305601994196576,0.2833333333333333,0.7933333333333333
webis-touche2020,14,14.215138748282568,0.25333027541637415,0.15,0.8266666666666667
webis-touche2020,15,13.579198181284731,0.241550882657369,0.3333333333333333,0.7133333333333334
webis-touche2020,16,12.350051142775959,0.21895975867907203,0.19999999999999996,0.7766666666666667
webis-touche2020,17,16.32339638526178,0.2928663690884908,0.6666666666666666,0.5066666666666667
webis-touche2020,18,13.710928329346949,0.24402712782224015,0.08333333333333326,0.9033333333333333
webis-touche2020,19,17.637094627030592,0.31800206502278644,0.75,0.4666666666666666
webis-touche2020,2,14.105872682903586,0.25129737953344977,0.2833333333333333,0.79
webis-touche2020,20,14.321342524134613,0.25531587004661555,0.48333333333333334,0.7366666666666667
webis-touche2020,21,12.287140608053472,0.21784753600756324,0.3499999999999999,0.75
webis-touche2020,22,10.441859421668427,0.1842905580997467,0.21666666666666667,0.9066666666666667
webis-touche2020,23,12.009844034551795,0.21280675133069352,0.19999999999999998,0.9166666666666666
webis-touche2020,24,14.366287286061706,0.25618191560109455,0.3,0.7799999999999999
webis-touche2020,26,14.501860011811035,0.25865548849105835,0.3833333333333333,0.82
webis-touche2020,27,15.286328942805218,0.27332297960917157,0.5166666666666666,0.6
webis-touche2020,28,17.02220215801819,0.30618255337079364,0.6833333333333332,0.5499999999999999
webis-touche2020,29,14.030075099419738,0.24989297489325205,0.5,0.68
webis-touche2020,3,14.86284666029294,0.2654464095830917,0.2333333333333333,0.6133333333333333
webis-touche2020,30,12.336501372639413,0.21870307624340055,0.3333333333333333,0.8333333333333334
webis-touche2020,31,15.379839556742468,0.2750711739063263,0.26666666666666666,0.8366666666666666
webis-touche2020,32,13.857245692864389,0.2468356589476267,0.2833333333333333,0.58
webis-touche2020,33,17.539195851883168,0.31609404087066645,0.6833333333333332,0.6033333333333334
webis-touche2020,34,15.575212846734383,0.2787480851014455,0.3833333333333333,0.7600000000000001
webis-touche2020,35,11.864854554430403,0.21014233926932013,0.3833333333333333,0.7933333333333333
webis-touche2020,36,14.512777330482209,0.2588617503643036,0.2666666666666666,0.9033333333333333
webis-touche2020,37,15.703577695969178,0.28116375207901,0.09999999999999996,0.7200000000000001
webis-touche2020,38,16.58046189016871,0.2978725731372833,0.7333333333333334,0.61
webis-touche2020,39,13.22777941802183,0.23506301144758857,0.39999999999999997,0.7799999999999999
webis-touche2020,4,13.184958867791764,0.2342838495969772,0.31666666666666665,0.8300000000000001
webis-touche2020,40,16.64220976019154,0.2989373803138733,0.9166666666666666,0.37666666666666665
webis-touche2020,41,12.061991029342897,0.21372345586617783,0.2166666666666666,0.86
webis-touche2020,42,12.430730107298098,0.22044123709201804,0.21666666666666667,0.8166666666666668
webis-touche2020,43,15.610144573288155,0.27947416901588434,0.26666666666666666,0.8966666666666666
webis-touche2020,44,12.471004774122258,0.22124822934468583,0.4166666666666667,0.7566666666666667
webis-touche2020,45,15.84357509587206,0.2838557064533233,0.16666666666666663,0.9
webis-touche2020,46,14.837605250561763,0.2649168173472087,0.15,0.8833333333333333
webis-touche2020,47,14.070576368757608,0.2506613731384277,0.55,0.77
webis-touche2020,48,13.99968533675217,0.2493554949760437,0.4333333333333333,0.73
webis-touche2020,49,12.654450655467018,0.22460382183392838,0.09999999999999991,0.8433333333333333
webis-touche2020,5,16.12215708544321,0.2891830603281657,0.44999999999999996,0.65
webis-touche2020,50,16.876402626638875,0.30354405442873633,0.6,0.5566666666666666
webis-touche2020,6,15.149827211015738,0.27077458302179974,0.4333333333333333,0.65
webis-touche2020,7,13.818581378530679,0.24608047803243002,0.13333333333333322,0.8733333333333334
webis-touche2020,8,19.14181675626012,0.34713255365689594,0.6833333333333332,0.4466666666666666
webis-touche2020,9,14.538691751182823,0.25934635599454237,0.8833333333333333,0.59
